query_id,col_name,build_cardinality,distinct_estimate,filter_size_bytes,build_time_ms,probe_batches,rows_in,rows_out,rows_eliminated,probe_time_ms,net_benefit_ms,was_beneficial
query_id,col_name,build_cardinality,distinct_estimate,filter_size_bytes,build_time_ms,probe_batches,rows_in,rows_out,rows_eliminated,probe_time_ms,net_benefit_ms,was_beneficial
tpcds_73,ss_sold_date_sk,0,0,0,6.2823,0,0,0,0,0.0735,-6.3558,0
tpcds_73,ss_sold_date_sk,0,0,0,6.2823,0,0,0,0,0.6397,-6.9221,0
tpcds_73,ss_sold_date_sk,0,0,0,6.2823,0,0,0,0,0.0458,-6.3281,0
query_id,col_name,build_cardinality,distinct_estimate,filter_size_bytes,build_time_ms,probe_batches,rows_in,rows_out,rows_eliminated,probe_time_ms,net_benefit_ms,was_beneficial
tpcds_73,ss_sold_date_sk,0,0,0,6.2823,0,0,0,0,0.1647,-6.4470,0
tpcds_73,ss_sold_date_sk,0,0,0,6.2823,0,0,0,0,0.0550,-6.3373,0
tpcds_73,ss_sold_date_sk,0,0,0,6.2823,0,0,0,0,0.0458,-6.3281,0
tpcds_73,ss_sold_date_sk,0,0,0,6.2823,0,0,0,0,0.0278,-6.3102,0
tpcds_73,ss_sold_date_sk,0,0,0,6.2823,0,0,0,0,0.0266,-6.3089,0
query_id,col_name,build_cardinality,distinct_estimate,filter_size_bytes,build_time_ms,probe_batches,rows_in,rows_out,rows_eliminated,probe_time_ms,net_benefit_ms,was_beneficial
tpcds_73,ss_sold_date_sk,0,0,0,6.2823,0,0,0,0,0.5644,-6.8467,0
query_id,col_name,build_cardinality,distinct_estimate,filter_size_bytes,build_time_ms,probe_batches,rows_in,rows_out,rows_eliminated,probe_time_ms,net_benefit_ms,was_beneficial
tpcds_73,ss_sold_date_sk,0,0,0,6.2823,0,0,0,0,0.8989,-7.1813,0
query_id,col_name,build_cardinality,distinct_estimate,filter_size_bytes,build_time_ms,probe_batches,rows_in,rows_out,rows_eliminated,probe_time_ms,net_benefit_ms,was_beneficial
tpcds_73,ss_sold_date_sk,0,0,0,6.2823,0,0,0,0,0.8089,-7.0912,0
tpcds_73,ss_sold_date_sk,0,0,0,6.2823,0,0,0,0,0.7759,-7.0582,0
tpcds_73,ss_sold_date_sk,0,0,0,6.2823,0,0,0,0,0.0675,-6.3498,0
tpcds_73,ss_sold_date_sk,0,0,0,6.2823,96,783252,747757,35495,59.0187,-29.8060,0
tpcds_73,ss_sold_date_sk,0,0,0,6.2823,128,1048576,1001584,46992,68.7251,-28.0154,0
tpcds_73,ss_sold_date_sk,0,0,0,6.2823,128,1048576,1001426,47150,70.6209,-29.7532,0
tpcds_73,s_store_sk,0,0,0,78.6779,0,0,0,0,0.5245,-79.2024,0
tpcds_73,s_store_sk,0,0,0,78.6779,0,0,0,0,0.5491,-79.2270,0
tpcds_73,s_store_sk,0,0,0,78.6779,0,0,0,0,0.5456,-79.2235,0
tpcds_73,s_store_sk,0,0,0,78.6779,0,0,0,0,0.5723,-79.2502,0
tpcds_73,s_store_sk,0,0,0,78.6779,0,0,0,0,0.5475,-79.2254,0
tpcds_73,s_store_sk,0,0,0,78.6779,0,0,0,0,0.5742,-79.2521,0
tpcds_73,s_store_sk,0,0,0,78.6779,0,0,0,0,0.5744,-79.2523,0
tpcds_73,s_store_sk,0,0,0,78.6779,0,0,0,0,0.5693,-79.2472,0
tpcds_73,s_store_sk,0,0,0,78.6779,0,0,0,0,0.5890,-79.2669,0
tpcds_73,s_store_sk,0,0,0,78.6779,0,0,0,0,0.5819,-79.2598,0
tpcds_73,s_store_sk,0,0,0,78.6779,0,0,0,0,0.5792,-79.2571,0
tpcds_73,s_store_sk,0,0,0,78.6779,0,0,0,0,0.5926,-79.2705,0
tpcds_73,s_store_sk,0,0,0,78.6779,0,0,0,0,0.5915,-79.2694,0
tpcds_73,s_store_sk,0,0,0,78.6779,0,0,0,0,0.5920,-79.2699,0
tpcds_73,s_store_sk,0,0,0,78.6779,0,0,0,0,0.6307,-79.3086,0
tpcds_73,s_store_sk,0,0,0,78.6779,0,0,0,0,0.6246,-79.3025,0
tpcds_73,hd_demo_sk,0,0,0,79.4462,0,0,0,0,0.8073,-80.2535,0
tpcds_73,hd_demo_sk,0,0,0,79.4462,0,0,0,0,0.8496,-80.2958,0
tpcds_73,hd_demo_sk,0,0,0,79.4462,0,0,0,0,0.8927,-80.3388,0
tpcds_73,hd_demo_sk,0,0,0,79.4462,0,0,0,0,0.8945,-80.3407,0
tpcds_73,hd_demo_sk,0,0,0,79.4462,0,0,0,0,0.9059,-80.3521,0
tpcds_73,hd_demo_sk,0,0,0,79.4462,0,0,0,0,0.9267,-80.3729,0
tpcds_73,hd_demo_sk,0,0,0,79.4462,0,0,0,0,0.9672,-80.4133,0
tpcds_73,hd_demo_sk,0,0,0,79.4462,0,0,0,0,0.9900,-80.4362,0
tpcds_73,hd_demo_sk,0,0,0,79.4462,0,0,0,0,0.9947,-80.4409,0
tpcds_73,hd_demo_sk,0,0,0,79.4462,0,0,0,0,1.0472,-80.4934,0
tpcds_73,hd_demo_sk,0,0,0,79.4462,0,0,0,0,1.0681,-80.5143,0
tpcds_73,hd_demo_sk,0,0,0,79.4462,0,0,0,0,1.1076,-80.5538,0
tpcds_73,hd_demo_sk,0,0,0,79.4462,0,0,0,0,1.1164,-80.5626,0
tpcds_73,hd_demo_sk,0,0,0,79.4462,0,0,0,0,1.1445,-80.5907,0
tpcds_73,hd_demo_sk,0,0,0,79.4462,0,0,0,0,1.1622,-80.6083,0
tpcds_73,hd_demo_sk,0,0,0,79.4462,0,0,0,0,1.0289,-80.4750,0
tpcds_73,c_customer_sk,0,0,0,81.1210,1,8192,0,8192,9.7972,-82.7262,0
tpcds_73,c_customer_sk,0,0,0,81.1210,1,8192,0,8192,9.7552,-82.6843,0
tpcds_73,c_customer_sk,0,0,0,81.1210,1,8192,0,8192,9.8190,-82.7480,0
tpcds_73,c_customer_sk,0,0,0,81.1210,0,0,0,0,9.8377,-90.9587,0
tpcds_73,c_customer_sk,0,0,0,81.1210,1,8192,0,8192,9.8457,-82.7747,0
tpcds_73,c_customer_sk,0,0,0,81.1210,0,0,0,0,9.8868,-91.0079,0
tpcds_73,c_customer_sk,0,0,0,81.1210,1,8192,0,8192,9.8732,-82.8022,0
tpcds_73,c_customer_sk,0,0,0,81.1210,1,8192,0,8192,9.8986,-82.8276,0
tpcds_73,c_customer_sk,0,0,0,81.1210,1,8192,0,8192,9.9042,-82.8333,0
tpcds_73,c_customer_sk,0,0,0,81.1210,1,8192,0,8192,9.8637,-82.7927,0
tpcds_73,c_customer_sk,0,0,0,81.1210,0,0,0,0,9.9300,-91.0510,0
tpcds_73,c_customer_sk,0,0,0,81.1210,1,8192,0,8192,9.8741,-82.8031,0
tpcds_73,c_customer_sk,0,0,0,81.1210,1,8192,0,8192,9.9197,-82.8487,0
tpcds_73,c_customer_sk,0,0,0,81.1210,1,8192,0,8192,9.9153,-82.8443,0
tpcds_73,c_customer_sk,0,0,0,81.1210,1,8192,0,8192,9.8809,-82.8099,0
tpcds_73,c_customer_sk,0,0,0,81.1210,1,1696,0,1696,10.5612,-89.9862,0
tpcds_3,ss_sold_date_sk,0,0,0,3.5004,0,0,0,0,0.1073,-3.6077,0
tpcds_3,ss_sold_date_sk,0,0,0,3.5004,0,0,0,0,1.7023,-5.2027,0
tpcds_3,ss_sold_date_sk,0,0,0,3.5004,0,0,0,0,3.0651,-6.5655,0
tpcds_3,ss_sold_date_sk,0,0,0,3.5004,0,0,0,0,0.8851,-4.3855,0
tpcds_3,ss_sold_date_sk,0,0,0,3.5004,0,0,0,0,0.0501,-3.5505,0
tpcds_3,ss_sold_date_sk,0,0,0,3.5004,0,0,0,0,0.0486,-3.5490,0
tpcds_3,ss_sold_date_sk,0,0,0,3.5004,0,0,0,0,0.0837,-3.5841,0
tpcds_3,ss_sold_date_sk,0,0,0,3.5004,0,0,0,0,0.0545,-3.5549,0
tpcds_3,ss_sold_date_sk,0,0,0,3.5004,0,0,0,0,0.0555,-3.5559,0
tpcds_3,ss_sold_date_sk,0,0,0,3.5004,0,0,0,0,0.0524,-3.5528,0
tpcds_3,ss_sold_date_sk,0,0,0,3.5004,0,0,0,0,0.0508,-3.5512,0
tpcds_3,ss_sold_date_sk,0,0,0,3.5004,0,0,0,0,0.0391,-3.5395,0
tpcds_3,ss_sold_date_sk,0,0,0,3.5004,0,0,0,0,5.1823,-8.6828,0
tpcds_3,ss_sold_date_sk,0,0,0,3.5004,96,783252,747757,35495,68.3296,-36.3350,0
tpcds_3,ss_sold_date_sk,0,0,0,3.5004,128,1048576,1001426,47150,80.2030,-36.5534,0
tpcds_3,ss_sold_date_sk,0,0,0,3.5004,128,1048576,1001584,46992,80.8356,-37.3440,0
tpcds_3,i_item_sk,0,0,0,85.7034,0,0,0,0,3.2056,-88.9090,0
tpcds_3,i_item_sk,0,0,0,85.7034,0,0,0,0,3.2073,-88.9107,0
tpcds_3,i_item_sk,0,0,0,85.7034,0,0,0,0,3.2614,-88.9648,0
tpcds_3,i_item_sk,0,0,0,85.7034,0,0,0,0,3.2720,-88.9754,0
tpcds_3,i_item_sk,0,0,0,85.7034,0,0,0,0,3.2546,-88.9580,0
tpcds_3,i_item_sk,0,0,0,85.7034,0,0,0,0,3.2914,-88.9948,0
tpcds_3,i_item_sk,0,0,0,85.7034,0,0,0,0,3.3094,-89.0128,0
tpcds_3,i_item_sk,0,0,0,85.7034,0,0,0,0,3.2887,-88.9921,0
tpcds_3,i_item_sk,0,0,0,85.7034,0,0,0,0,3.3124,-89.0158,0
tpcds_3,i_item_sk,0,0,0,85.7034,0,0,0,0,3.3373,-89.0407,0
tpcds_3,i_item_sk,0,0,0,85.7034,0,0,0,0,3.3547,-89.0581,0
tpcds_3,i_item_sk,0,0,0,85.7034,0,0,0,0,3.3475,-89.0509,0
tpcds_3,i_item_sk,0,0,0,85.7034,0,0,0,0,3.3555,-89.0589,0
tpcds_3,i_item_sk,0,0,0,85.7034,0,0,0,0,3.3677,-89.0711,0
tpcds_3,i_item_sk,0,0,0,85.7034,0,0,0,0,3.3819,-89.0853,0
tpcds_3,i_item_sk,0,0,0,85.7034,0,0,0,0,3.3668,-89.0702,0
tpcds_7,d_date_sk,0,0,0,1.5954,0,0,0,0,0.1010,-1.6964,0
tpcds_7,d_date_sk,0,0,0,1.5954,0,0,0,0,0.0814,-1.6768,0
tpcds_7,d_date_sk,0,0,0,1.5954,0,0,0,0,0.1260,-1.7213,0
tpcds_7,d_date_sk,0,0,0,1.5954,0,0,0,0,0.1615,-1.7569,0
tpcds_7,d_date_sk,0,0,0,1.5954,0,0,0,0,0.1515,-1.7469,0
tpcds_7,d_date_sk,0,0,0,1.5954,0,0,0,0,0.1892,-1.7846,0
tpcds_7,d_date_sk,0,0,0,1.5954,0,0,0,0,0.1775,-1.7728,0
tpcds_7,d_date_sk,0,0,0,1.5954,0,0,0,0,0.1944,-1.7897,0
tpcds_7,d_date_sk,0,0,0,1.5954,0,0,0,0,0.1955,-1.7909,0
tpcds_7,d_date_sk,0,0,0,1.5954,0,0,0,0,0.2185,-1.8139,0
tpcds_7,d_date_sk,0,0,0,1.5954,0,0,0,0,0.2060,-1.8014,0
tpcds_7,d_date_sk,0,0,0,1.5954,0,0,0,0,0.2067,-1.8021,0
tpcds_7,d_date_sk,0,0,0,1.5954,0,0,0,0,0.2091,-1.8045,0
tpcds_7,d_date_sk,0,0,0,1.5954,0,0,0,0,0.1991,-1.7945,0
tpcds_7,d_date_sk,0,0,0,1.5954,0,0,0,0,0.2104,-1.8058,0
tpcds_7,d_date_sk,0,0,0,1.5954,0,0,0,0,0.2336,-1.8289,0
tpcds_7,i_item_sk,0,0,0,1.9724,0,0,0,0,3.1574,-5.1298,0
tpcds_7,i_item_sk,0,0,0,1.9724,0,0,0,0,3.0409,-5.0133,0
tpcds_7,i_item_sk,0,0,0,1.9724,0,0,0,0,3.1206,-5.0930,0
tpcds_7,i_item_sk,0,0,0,1.9724,0,0,0,0,2.9939,-4.9662,0
tpcds_7,i_item_sk,0,0,0,1.9724,0,0,0,0,3.0280,-5.0004,0
tpcds_7,i_item_sk,0,0,0,1.9724,1,8192,0,8192,3.1729,3.0467,1
tpcds_7,i_item_sk,0,0,0,1.9724,0,0,0,0,3.2409,-5.2133,0
tpcds_7,i_item_sk,0,0,0,1.9724,0,0,0,0,3.1356,-5.1079,0
tpcds_7,i_item_sk,0,0,0,1.9724,0,0,0,0,3.1026,-5.0750,0
tpcds_7,i_item_sk,0,0,0,1.9724,0,0,0,0,3.3136,-5.2860,0
tpcds_7,i_item_sk,0,0,0,1.9724,0,0,0,0,3.2896,-5.2620,0
tpcds_7,i_item_sk,0,0,0,1.9724,0,0,0,0,3.1337,-5.1061,0
tpcds_7,i_item_sk,0,0,0,1.9724,0,0,0,0,3.0947,-5.0671,0
tpcds_7,i_item_sk,0,0,0,1.9724,0,0,0,0,3.0943,-5.0666,0
tpcds_7,i_item_sk,0,0,0,1.9724,1,8192,0,8192,3.1852,3.0344,1
tpcds_7,i_item_sk,0,0,0,1.9724,1,1616,0,1616,3.5583,-3.9146,0
tpcds_7,p_promo_sk,0,0,0,4.4318,0,0,0,0,2.7107,-7.1424,0
tpcds_7,p_promo_sk,0,0,0,4.4318,0,0,0,0,2.7382,-7.1700,0
tpcds_7,p_promo_sk,0,0,0,4.4318,0,0,0,0,2.7478,-7.1796,0
tpcds_7,p_promo_sk,0,0,0,4.4318,0,0,0,0,2.7914,-7.2232,0
tpcds_7,p_promo_sk,0,0,0,4.4318,0,0,0,0,2.8601,-7.2919,0
tpcds_7,p_promo_sk,0,0,0,4.4318,0,0,0,0,2.9066,-7.3384,0
tpcds_7,p_promo_sk,0,0,0,4.4318,0,0,0,0,3.0457,-7.4775,0
tpcds_7,p_promo_sk,0,0,0,4.4318,0,0,0,0,3.0630,-7.4948,0
tpcds_7,p_promo_sk,0,0,0,4.4318,0,0,0,0,3.1015,-7.5333,0
tpcds_7,p_promo_sk,0,0,0,4.4318,0,0,0,0,3.1470,-7.5788,0
tpcds_7,p_promo_sk,0,0,0,4.4318,0,0,0,0,3.1715,-7.6033,0
tpcds_7,p_promo_sk,0,0,0,4.4318,0,0,0,0,3.1692,-7.6009,0
tpcds_7,p_promo_sk,0,0,0,4.4318,0,0,0,0,3.2596,-7.6913,0
tpcds_7,p_promo_sk,0,0,0,4.4318,0,0,0,0,3.2243,-7.6561,0
tpcds_7,p_promo_sk,0,0,0,4.4318,0,0,0,0,3.3017,-7.7335,0
tpcds_7,p_promo_sk,0,0,0,4.4318,1,299,0,299,3.4209,-7.5537,0
tpcds_19,ss_sold_date_sk,0,0,0,0.3095,0,0,0,0,0.1056,-0.4152,0
tpcds_19,ss_sold_date_sk,0,0,0,0.3095,0,0,0,0,0.0894,-0.3989,0
tpcds_19,ss_sold_date_sk,0,0,0,0.3095,0,0,0,0,0.0420,-0.3515,0
tpcds_19,ss_sold_date_sk,0,0,0,0.3095,0,0,0,0,0.0426,-0.3521,0
tpcds_19,ss_sold_date_sk,0,0,0,0.3095,0,0,0,0,0.0352,-0.3448,0
tpcds_19,ss_sold_date_sk,0,0,0,0.3095,0,0,0,0,0.0290,-0.3385,0
tpcds_19,ss_sold_date_sk,0,0,0,0.3095,0,0,0,0,0.0270,-0.3365,0
tpcds_19,ss_sold_date_sk,0,0,0,0.3095,0,0,0,0,0.0407,-0.3502,0
tpcds_19,ss_sold_date_sk,0,0,0,0.3095,0,0,0,0,0.0312,-0.3407,0
tpcds_19,ss_sold_date_sk,0,0,0,0.3095,0,0,0,0,0.0287,-0.3383,0
tpcds_19,ss_sold_date_sk,0,0,0,0.3095,0,0,0,0,0.0643,-0.3739,0
tpcds_19,ss_sold_date_sk,0,0,0,0.3095,0,0,0,0,0.0326,-0.3421,0
tpcds_19,ss_sold_date_sk,0,0,0,0.3095,0,0,0,0,0.0662,-0.3758,0
tpcds_19,ss_sold_date_sk,0,0,0,0.3095,96,783252,747757,35495,78.9805,-43.7950,0
tpcds_19,ss_sold_date_sk,0,0,0,0.3095,128,1048576,1001584,46992,95.6937,-49.0112,0
tpcds_19,ss_sold_date_sk,0,0,0,0.3095,128,1048576,1001426,47150,96.4580,-49.6175,0
tpcds_19,i_item_sk,0,0,0,91.3252,0,0,0,0,3.0428,-94.3679,0
tpcds_19,i_item_sk,0,0,0,91.3252,0,0,0,0,3.0587,-94.3839,0
tpcds_19,i_item_sk,0,0,0,91.3252,0,0,0,0,3.0705,-94.3957,0
tpcds_19,i_item_sk,0,0,0,91.3252,0,0,0,0,3.0936,-94.4188,0
tpcds_19,i_item_sk,0,0,0,91.3252,0,0,0,0,3.0974,-94.4226,0
tpcds_19,i_item_sk,0,0,0,91.3252,0,0,0,0,3.0925,-94.4177,0
tpcds_19,i_item_sk,0,0,0,91.3252,0,0,0,0,3.0831,-94.4083,0
tpcds_19,i_item_sk,0,0,0,91.3252,0,0,0,0,3.1366,-94.4618,0
tpcds_19,i_item_sk,0,0,0,91.3252,0,0,0,0,3.1199,-94.4450,0
tpcds_19,i_item_sk,0,0,0,91.3252,0,0,0,0,3.1302,-94.4554,0
tpcds_19,i_item_sk,0,0,0,91.3252,0,0,0,0,3.1401,-94.4653,0
tpcds_19,i_item_sk,0,0,0,91.3252,0,0,0,0,3.1385,-94.4637,0
tpcds_19,i_item_sk,0,0,0,91.3252,0,0,0,0,3.1429,-94.4680,0
tpcds_19,i_item_sk,0,0,0,91.3252,0,0,0,0,3.1702,-94.4954,0
tpcds_19,i_item_sk,0,0,0,91.3252,0,0,0,0,3.1841,-94.5093,0
tpcds_19,i_item_sk,0,0,0,91.3252,0,0,0,0,3.2861,-94.6113,0
tpcds_19,c_current_addr_sk,0,0,0,3.2057,0,0,0,0,94.8039,-98.0096,0
tpcds_19,c_current_addr_sk,0,0,0,3.2057,0,0,0,0,94.9347,-98.1404,0
tpcds_19,ss_store_sk,0,0,0,0.3210,0,0,0,0,99.3446,-99.6656,0
tpcds_19,c_current_addr_sk,0,0,0,3.2057,0,0,0,0,94.8353,-98.0410,0
tpcds_19,ss_store_sk,0,0,0,0.3210,0,0,0,0,99.3783,-99.6993,0
tpcds_19,ss_store_sk,0,0,0,0.3210,0,0,0,0,99.3562,-99.6772,0
tpcds_19,c_current_addr_sk,0,0,0,3.2057,0,0,0,0,94.8540,-98.0598,0
tpcds_19,c_current_addr_sk,0,0,0,3.2057,0,0,0,0,94.8781,-98.0839,0
tpcds_19,ss_store_sk,0,0,0,0.3210,0,0,0,0,99.3803,-99.7013,0
tpcds_19,ss_store_sk,0,0,0,0.3210,0,0,0,0,99.3775,-99.6985,0
tpcds_19,c_current_addr_sk,0,0,0,3.2057,0,0,0,0,94.9731,-98.1788,0
tpcds_19,ss_store_sk,0,0,0,0.3210,0,0,0,0,99.3801,-99.7011,0
tpcds_19,c_current_addr_sk,0,0,0,3.2057,0,0,0,0,94.9465,-98.1523,0
tpcds_19,ss_store_sk,0,0,0,0.3210,0,0,0,0,99.3964,-99.7174,0
tpcds_19,c_current_addr_sk,0,0,0,3.2057,0,0,0,0,94.9007,-98.1064,0
tpcds_19,c_current_addr_sk,0,0,0,3.2057,0,0,0,0,94.9294,-98.1351,0
tpcds_19,ss_store_sk,0,0,0,0.3210,0,0,0,0,99.3993,-99.7203,0
tpcds_19,ss_store_sk,0,0,0,0.3210,0,0,0,0,99.3904,-99.7114,0
tpcds_19,c_current_addr_sk,0,0,0,3.2057,0,0,0,0,95.0718,-98.2775,0
tpcds_19,c_current_addr_sk,0,0,0,3.2057,0,0,0,0,94.9096,-98.1153,0
tpcds_19,ss_store_sk,0,0,0,0.3210,0,0,0,0,99.4165,-99.7375,0
tpcds_19,ss_store_sk,0,0,0,0.3210,0,0,0,0,99.4156,-99.7366,0
tpcds_19,c_current_addr_sk,0,0,0,3.2057,0,0,0,0,94.9729,-98.1787,0
tpcds_19,c_current_addr_sk,0,0,0,3.2057,0,0,0,0,95.0537,-98.2594,0
tpcds_19,ss_store_sk,0,0,0,0.3210,0,0,0,0,99.4208,-99.7418,0
tpcds_19,ss_store_sk,0,0,0,0.3210,0,0,0,0,99.4267,-99.7477,0
tpcds_19,c_current_addr_sk,0,0,0,3.2057,0,0,0,0,95.0781,-98.2838,0
tpcds_19,ss_store_sk,0,0,0,0.3210,0,0,0,0,99.3790,-99.7000,0
tpcds_19,c_current_addr_sk,0,0,0,3.2057,0,0,0,0,94.9467,-98.1524,0
tpcds_19,ss_store_sk,0,0,0,0.3210,0,0,0,0,99.4590,-99.7800,0
tpcds_19,c_current_addr_sk,0,0,0,3.2057,0,0,0,0,94.9281,-98.1338,0
tpcds_19,ss_store_sk,0,0,0,0.3210,0,0,0,0,99.4609,-99.7819,0
tpcds_27,d_date_sk,0,0,0,1.1918,0,0,0,0,0.1027,-1.2946,0
tpcds_27,d_date_sk,0,0,0,1.1918,0,0,0,0,0.0890,-1.2808,0
tpcds_27,d_date_sk,0,0,0,1.1918,0,0,0,0,0.1099,-1.3017,0
tpcds_27,d_date_sk,0,0,0,1.1918,0,0,0,0,0.1645,-1.3564,0
tpcds_27,d_date_sk,0,0,0,1.1918,0,0,0,0,0.1666,-1.3585,0
tpcds_27,d_date_sk,0,0,0,1.1918,0,0,0,0,0.1759,-1.3677,0
tpcds_27,d_date_sk,0,0,0,1.1918,0,0,0,0,0.1736,-1.3654,0
tpcds_27,d_date_sk,0,0,0,1.1918,0,0,0,0,0.1981,-1.3899,0
tpcds_27,d_date_sk,0,0,0,1.1918,0,0,0,0,0.1878,-1.3796,0
tpcds_27,d_date_sk,0,0,0,1.1918,0,0,0,0,0.1772,-1.3691,0
tpcds_27,d_date_sk,0,0,0,1.1918,0,0,0,0,0.1845,-1.3764,0
tpcds_27,d_date_sk,0,0,0,1.1918,0,0,0,0,0.1903,-1.3821,0
tpcds_27,d_date_sk,0,0,0,1.1918,0,0,0,0,0.1950,-1.3869,0
tpcds_27,d_date_sk,0,0,0,1.1918,0,0,0,0,0.2035,-1.3954,0
tpcds_27,d_date_sk,0,0,0,1.1918,0,0,0,0,0.1980,-1.3898,0
tpcds_27,d_date_sk,0,0,0,1.1918,0,0,0,0,0.1999,-1.3917,0
tpcds_27,s_store_sk,0,0,0,1.5516,0,0,0,0,0.1027,-1.6543,0
tpcds_27,s_store_sk,0,0,0,1.5516,0,0,0,0,0.1115,-1.6631,0
tpcds_27,s_store_sk,0,0,0,1.5516,0,0,0,0,0.1135,-1.6651,0
tpcds_27,s_store_sk,0,0,0,1.5516,0,0,0,0,0.1242,-1.6758,0
tpcds_27,s_store_sk,0,0,0,1.5516,0,0,0,0,0.1346,-1.6862,0
tpcds_27,s_store_sk,0,0,0,1.5516,0,0,0,0,0.1410,-1.6926,0
tpcds_27,s_store_sk,0,0,0,1.5516,0,0,0,0,0.1295,-1.6810,0
tpcds_27,s_store_sk,0,0,0,1.5516,0,0,0,0,0.1605,-1.7121,0
tpcds_27,s_store_sk,0,0,0,1.5516,0,0,0,0,0.1511,-1.7027,0
tpcds_27,s_store_sk,0,0,0,1.5516,0,0,0,0,0.1562,-1.7078,0
tpcds_27,s_store_sk,0,0,0,1.5516,0,0,0,0,0.1529,-1.7045,0
tpcds_27,s_store_sk,0,0,0,1.5516,0,0,0,0,0.1591,-1.7107,0
tpcds_27,s_store_sk,0,0,0,1.5516,0,0,0,0,0.1513,-1.7029,0
tpcds_27,s_store_sk,0,0,0,1.5516,0,0,0,0,0.1564,-1.7080,0
tpcds_27,s_store_sk,0,0,0,1.5516,0,0,0,0,0.1579,-1.7095,0
tpcds_27,s_store_sk,0,0,0,1.5516,0,0,0,0,0.1697,-1.7213,0
tpcds_27,i_item_sk,0,0,0,1.1298,0,0,0,0,2.6889,-3.8187,0
tpcds_27,i_item_sk,0,0,0,1.1298,0,0,0,0,2.7047,-3.8345,0
tpcds_27,i_item_sk,0,0,0,1.1298,0,0,0,0,2.7246,-3.8544,0
tpcds_27,i_item_sk,0,0,0,1.1298,0,0,0,0,2.7329,-3.8627,0
tpcds_27,i_item_sk,0,0,0,1.1298,0,0,0,0,2.7306,-3.8604,0
tpcds_27,i_item_sk,0,0,0,1.1298,0,0,0,0,2.7448,-3.8746,0
tpcds_27,i_item_sk,0,0,0,1.1298,0,0,0,0,2.7797,-3.9095,0
tpcds_27,i_item_sk,0,0,0,1.1298,0,0,0,0,2.7692,-3.8990,0
tpcds_27,i_item_sk,0,0,0,1.1298,0,0,0,0,2.7745,-3.9043,0
tpcds_27,i_item_sk,0,0,0,1.1298,0,0,0,0,2.7639,-3.8937,0
tpcds_27,i_item_sk,0,0,0,1.1298,1,8192,0,8192,2.7986,4.2636,1
tpcds_27,i_item_sk,0,0,0,1.1298,0,0,0,0,2.8035,-3.9332,0
tpcds_27,i_item_sk,0,0,0,1.1298,1,1616,0,1616,3.0592,-2.5730,0
tpcds_27,i_item_sk,0,0,0,1.1298,0,0,0,0,2.8287,-3.9585,0
tpcds_27,i_item_sk,0,0,0,1.1298,1,8192,0,8192,2.8325,4.2297,1
tpcds_27,i_item_sk,0,0,0,1.1298,0,0,0,0,2.8438,-3.9735,0
tpcds_43,ss_sold_date_sk,0,0,0,0.6392,0,0,0,0,0.1224,-0.7616,0
tpcds_43,ss_sold_date_sk,0,0,0,0.6392,0,0,0,0,0.1037,-0.7429,0
tpcds_43,ss_sold_date_sk,0,0,0,0.6392,0,0,0,0,0.0575,-0.6967,0
tpcds_43,ss_sold_date_sk,0,0,0,0.6392,0,0,0,0,0.0591,-0.6983,0
tpcds_43,ss_sold_date_sk,0,0,0,0.6392,0,0,0,0,0.0440,-0.6832,0
tpcds_43,ss_sold_date_sk,0,0,0,0.6392,0,0,0,0,0.0362,-0.6754,0
tpcds_43,ss_sold_date_sk,0,0,0,0.6392,0,0,0,0,0.0766,-0.7158,0
tpcds_43,ss_sold_date_sk,0,0,0,0.6392,0,0,0,0,0.0362,-0.6754,0
tpcds_43,ss_sold_date_sk,0,0,0,0.6392,0,0,0,0,0.0826,-0.7218,0
tpcds_43,ss_sold_date_sk,0,0,0,0.6392,0,0,0,0,0.0457,-0.6849,0
tpcds_43,ss_sold_date_sk,0,0,0,0.6392,0,0,0,0,0.0413,-0.6805,0
tpcds_43,ss_sold_date_sk,0,0,0,0.6392,0,0,0,0,0.0390,-0.6782,0
tpcds_43,ss_sold_date_sk,0,0,0,0.6392,0,0,0,0,0.3377,-0.9768,0
tpcds_43,ss_sold_date_sk,0,0,0,0.6392,96,783252,747757,35495,42.9453,-8.0895,0
tpcds_43,ss_sold_date_sk,0,0,0,0.6392,128,1048576,1001426,47150,53.3286,-6.8178,0
tpcds_43,ss_sold_date_sk,0,0,0,0.6392,128,1048576,1001584,46992,57.4188,-11.0659,0
tpcds_43,s_store_sk,0,0,0,58.5050,0,0,0,0,0.1321,-58.6371,0
tpcds_43,s_store_sk,0,0,0,58.5050,0,0,0,0,0.1782,-58.6833,0
tpcds_43,s_store_sk,0,0,0,58.5050,0,0,0,0,0.1853,-58.6903,0
tpcds_43,s_store_sk,0,0,0,58.5050,0,0,0,0,0.2137,-58.7188,0
tpcds_43,s_store_sk,0,0,0,58.5050,0,0,0,0,0.1913,-58.6963,0
tpcds_43,s_store_sk,0,0,0,58.5050,0,0,0,0,0.2160,-58.7210,0
tpcds_43,s_store_sk,0,0,0,58.5050,0,0,0,0,0.2125,-58.7176,0
tpcds_43,s_store_sk,0,0,0,58.5050,0,0,0,0,0.2053,-58.7104,0
tpcds_43,s_store_sk,0,0,0,58.5050,0,0,0,0,0.2258,-58.7308,0
tpcds_43,s_store_sk,0,0,0,58.5050,0,0,0,0,0.2453,-58.7503,0
tpcds_43,s_store_sk,0,0,0,58.5050,0,0,0,0,0.3342,-58.8392,0
tpcds_43,s_store_sk,0,0,0,58.5050,0,0,0,0,0.2528,-58.7578,0
tpcds_43,s_store_sk,0,0,0,58.5050,0,0,0,0,0.2877,-58.7927,0
tpcds_43,s_store_sk,0,0,0,58.5050,0,0,0,0,0.3492,-58.8542,0
tpcds_43,s_store_sk,0,0,0,58.5050,0,0,0,0,0.2775,-58.7825,0
tpcds_43,s_store_sk,0,0,0,58.5050,0,0,0,0,0.3396,-58.8446,0
tpcds_3,ss_sold_date_sk,0,0,0,2.8947,0,0,0,0,0.8962,-3.7909,0
tpcds_3,ss_sold_date_sk,0,0,0,2.8947,0,0,0,0,0.8715,-3.7662,0
tpcds_3,ss_sold_date_sk,0,0,0,2.8947,0,0,0,0,10.6492,-13.5439,0
tpcds_3,ss_sold_date_sk,0,0,0,2.8947,0,0,0,0,11.3933,-14.2880,0
tpcds_3,ss_sold_date_sk,0,0,0,2.8947,0,0,0,0,11.2657,-14.1603,0
tpcds_3,ss_sold_date_sk,0,0,0,2.8947,0,0,0,0,2.0992,-4.9938,0
tpcds_3,ss_sold_date_sk,0,0,0,2.8947,0,0,0,0,14.4097,-17.3043,0
tpcds_3,ss_sold_date_sk,0,0,0,2.8947,0,0,0,0,2.2358,-5.1304,0
tpcds_3,ss_sold_date_sk,0,0,0,2.8947,0,0,0,0,5.4846,-8.3793,0
tpcds_3,ss_sold_date_sk,0,0,0,2.8947,0,0,0,0,7.3622,-10.2568,0
tpcds_3,ss_sold_date_sk,0,0,0,2.8947,0,0,0,0,8.4067,-11.3014,0
tpcds_3,ss_sold_date_sk,0,0,0,2.8947,0,0,0,0,8.0631,-10.9578,0
tpcds_3,ss_sold_date_sk,0,0,0,2.8947,0,0,0,0,14.4589,-17.3536,0
tpcds_3,ss_sold_date_sk,0,0,0,2.8947,96,783252,747757,35495,124.8842,-92.2839,0
tpcds_3,ss_sold_date_sk,0,0,0,2.8947,128,1048576,1001584,46992,152.0211,-107.9238,0
tpcds_3,ss_sold_date_sk,0,0,0,2.8947,128,1048576,1001426,47150,151.2824,-107.0271,0
tpcds_3,i_item_sk,0,0,0,155.9203,0,0,0,0,5.9880,-161.9082,0
tpcds_3,i_item_sk,0,0,0,155.9203,0,0,0,0,6.0465,-161.9668,0
tpcds_3,i_item_sk,0,0,0,155.9203,0,0,0,0,6.0546,-161.9748,0
tpcds_3,i_item_sk,0,0,0,155.9203,0,0,0,0,6.0918,-162.0120,0
tpcds_3,i_item_sk,0,0,0,155.9203,0,0,0,0,6.0868,-162.0071,0
tpcds_3,i_item_sk,0,0,0,155.9203,0,0,0,0,6.1135,-162.0338,0
tpcds_3,i_item_sk,0,0,0,155.9203,0,0,0,0,6.1062,-162.0264,0
tpcds_3,i_item_sk,0,0,0,155.9203,0,0,0,0,6.1342,-162.0545,0
tpcds_3,i_item_sk,0,0,0,155.9203,0,0,0,0,6.1404,-162.0607,0
tpcds_3,i_item_sk,0,0,0,155.9203,0,0,0,0,6.1349,-162.0552,0
tpcds_3,i_item_sk,0,0,0,155.9203,0,0,0,0,6.1438,-162.0640,0
tpcds_3,i_item_sk,0,0,0,155.9203,0,0,0,0,6.1492,-162.0695,0
tpcds_3,i_item_sk,0,0,0,155.9203,0,0,0,0,6.1656,-162.0859,0
tpcds_3,i_item_sk,0,0,0,155.9203,0,0,0,0,6.1845,-162.1047,0
tpcds_3,i_item_sk,0,0,0,155.9203,0,0,0,0,6.1768,-162.0971,0
tpcds_3,i_item_sk,0,0,0,155.9203,0,0,0,0,6.2334,-162.1536,0
tpcds_3,ss_sold_date_sk,0,0,0,11.0586,0,0,0,0,0.1001,-11.1587,0
tpcds_3,ss_sold_date_sk,0,0,0,11.0586,0,0,0,0,5.5447,-16.6033,0
tpcds_3,ss_sold_date_sk,0,0,0,11.0586,0,0,0,0,3.0567,-14.1153,0
tpcds_3,ss_sold_date_sk,0,0,0,11.0586,0,0,0,0,3.4364,-14.4950,0
tpcds_3,ss_sold_date_sk,0,0,0,11.0586,0,0,0,0,3.8545,-14.9131,0
tpcds_3,ss_sold_date_sk,0,0,0,11.0586,0,0,0,0,4.5040,-15.5626,0
tpcds_3,ss_sold_date_sk,0,0,0,11.0586,0,0,0,0,3.1661,-14.2247,0
tpcds_3,ss_sold_date_sk,0,0,0,11.0586,0,0,0,0,6.5807,-17.6393,0
tpcds_3,ss_sold_date_sk,0,0,0,11.0586,0,0,0,0,6.6045,-17.6631,0
tpcds_3,ss_sold_date_sk,0,0,0,11.0586,0,0,0,0,6.8392,-17.8978,0
tpcds_3,ss_sold_date_sk,0,0,0,11.0586,0,0,0,0,6.7051,-17.7637,0
tpcds_3,ss_sold_date_sk,0,0,0,11.0586,0,0,0,0,1.5923,-12.6509,0
tpcds_3,ss_sold_date_sk,0,0,0,11.0586,0,0,0,0,7.2968,-18.3554,0
tpcds_3,ss_sold_date_sk,0,0,0,11.0586,96,783252,747757,35495,105.4690,-81.0326,0
tpcds_3,ss_sold_date_sk,0,0,0,11.0586,128,1048576,1001426,47150,126.8676,-90.7762,0
tpcds_3,ss_sold_date_sk,0,0,0,11.0586,128,1048576,1001584,46992,128.0404,-92.1070,0
tpcds_3,i_item_sk,0,0,0,138.0496,0,0,0,0,6.8295,-144.8791,0
tpcds_3,i_item_sk,0,0,0,138.0496,0,0,0,0,6.8434,-144.8930,0
tpcds_3,i_item_sk,0,0,0,138.0496,0,0,0,0,6.8511,-144.9007,0
tpcds_3,i_item_sk,0,0,0,138.0496,0,0,0,0,6.8957,-144.9453,0
tpcds_3,i_item_sk,0,0,0,138.0496,0,0,0,0,6.9049,-144.9545,0
tpcds_3,i_item_sk,0,0,0,138.0496,0,0,0,0,6.9110,-144.9606,0
tpcds_3,i_item_sk,0,0,0,138.0496,0,0,0,0,6.9268,-144.9764,0
tpcds_3,i_item_sk,0,0,0,138.0496,0,0,0,0,6.9091,-144.9587,0
tpcds_3,i_item_sk,0,0,0,138.0496,0,0,0,0,6.9197,-144.9693,0
tpcds_3,i_item_sk,0,0,0,138.0496,0,0,0,0,6.9213,-144.9708,0
tpcds_3,i_item_sk,0,0,0,138.0496,0,0,0,0,6.9456,-144.9952,0
tpcds_3,i_item_sk,0,0,0,138.0496,0,0,0,0,6.9410,-144.9905,0
tpcds_3,i_item_sk,0,0,0,138.0496,0,0,0,0,6.9418,-144.9914,0
tpcds_3,i_item_sk,0,0,0,138.0496,0,0,0,0,6.9619,-145.0115,0
tpcds_3,i_item_sk,0,0,0,138.0496,0,0,0,0,6.9516,-145.0012,0
tpcds_3,i_item_sk,0,0,0,138.0496,0,0,0,0,6.9539,-145.0035,0
tpcds_1,sr_returned_date_sk,0,0,0,0.1255,0,0,0,0,0.0829,-0.2084,0
tpcds_1,sr_returned_date_sk,0,0,0,0.1255,0,0,0,0,0.0677,-0.1932,0
tpcds_1,sr_returned_date_sk,0,0,0,0.1255,0,0,0,0,0.0313,-0.1568,0
tpcds_1,sr_returned_date_sk,0,0,0,0.1255,0,0,0,0,0.0244,-0.1499,0
tpcds_1,sr_returned_date_sk,0,0,0,0.1255,0,0,0,0,0.0322,-0.1577,0
tpcds_1,sr_returned_date_sk,0,0,0,0.1255,0,0,0,0,0.0406,-0.1661,0
tpcds_1,sr_returned_date_sk,0,0,0,0.1255,0,0,0,0,0.0245,-0.1500,0
tpcds_1,sr_returned_date_sk,0,0,0,0.1255,0,0,0,0,0.0257,-0.1512,0
tpcds_1,sr_returned_date_sk,0,0,0,0.1255,0,0,0,0,0.0285,-0.1540,0
tpcds_1,sr_returned_date_sk,0,0,0,0.1255,0,0,0,0,0.0241,-0.1496,0
tpcds_1,sr_returned_date_sk,0,0,0,0.1255,0,0,0,0,0.0312,-0.1567,0
tpcds_1,sr_returned_date_sk,0,0,0,0.1255,0,0,0,0,0.0245,-0.1500,0
tpcds_1,sr_returned_date_sk,0,0,0,0.1255,0,0,0,0,0.0240,-0.1495,0
tpcds_1,sr_returned_date_sk,0,0,0,0.1255,0,0,0,0,0.0251,-0.1506,0
tpcds_1,sr_returned_date_sk,0,0,0,0.1255,0,0,0,0,0.0250,-0.1505,0
tpcds_1,sr_returned_date_sk,0,0,0,0.1255,36,287514,277568,9946,42.2435,-32.4230,0
tpcds_1,s_store_sk,0,0,0,43.5837,0,0,0,0,0.7807,-44.3644,0
tpcds_1,s_store_sk,0,0,0,43.5837,0,0,0,0,0.8317,-44.4154,0
tpcds_1,s_store_sk,0,0,0,43.5837,0,0,0,0,0.8431,-44.4267,0
tpcds_1,s_store_sk,0,0,0,43.5837,0,0,0,0,0.8459,-44.4296,0
tpcds_1,s_store_sk,0,0,0,43.5837,0,0,0,0,0.8587,-44.4424,0
tpcds_1,s_store_sk,0,0,0,43.5837,0,0,0,0,0.8589,-44.4426,0
tpcds_1,s_store_sk,0,0,0,43.5837,0,0,0,0,0.8596,-44.4433,0
tpcds_1,s_store_sk,0,0,0,43.5837,0,0,0,0,0.8697,-44.4534,0
tpcds_1,s_store_sk,0,0,0,43.5837,0,0,0,0,0.9123,-44.4960,0
tpcds_1,s_store_sk,0,0,0,43.5837,0,0,0,0,0.8842,-44.4679,0
tpcds_1,s_store_sk,0,0,0,43.5837,0,0,0,0,0.8840,-44.4677,0
tpcds_1,s_store_sk,0,0,0,43.5837,0,0,0,0,0.8915,-44.4752,0
tpcds_1,s_store_sk,0,0,0,43.5837,0,0,0,0,0.9063,-44.4900,0
tpcds_1,s_store_sk,0,0,0,43.5837,0,0,0,0,0.9061,-44.4898,0
tpcds_1,s_store_sk,0,0,0,43.5837,0,0,0,0,0.8932,-44.4769,0
tpcds_1,s_store_sk,0,0,0,43.5837,0,0,0,0,0.9225,-44.5062,0
tpcds_1,c_customer_sk,0,0,0,44.6215,1,8192,0,8192,11.3882,-47.8177,0
tpcds_1,c_customer_sk,0,0,0,44.6215,0,0,0,0,11.4268,-56.0483,0
tpcds_1,c_customer_sk,0,0,0,44.6215,1,8192,0,8192,11.4121,-47.8416,0
tpcds_1,c_customer_sk,0,0,0,44.6215,1,8192,0,8192,11.4593,-47.8888,0
tpcds_1,c_customer_sk,0,0,0,44.6215,1,8192,0,8192,11.4600,-47.8895,0
tpcds_1,c_customer_sk,0,0,0,44.6215,1,8192,0,8192,11.4662,-47.8957,0
tpcds_1,c_customer_sk,0,0,0,44.6215,1,8192,0,8192,11.4716,-47.9010,0
tpcds_1,c_customer_sk,0,0,0,44.6215,1,8192,0,8192,11.4736,-47.9031,0
tpcds_1,c_customer_sk,0,0,0,44.6215,0,0,0,0,11.4618,-56.0833,0
tpcds_1,c_customer_sk,0,0,0,44.6215,0,0,0,0,11.4732,-56.0947,0
tpcds_1,c_customer_sk,0,0,0,44.6215,1,8192,0,8192,11.4962,-47.9256,0
tpcds_1,c_customer_sk,0,0,0,44.6215,1,8192,0,8192,11.4874,-47.9169,0
tpcds_1,c_customer_sk,0,0,0,44.6215,1,8192,0,8192,11.4742,-47.9037,0
tpcds_1,c_customer_sk,0,0,0,44.6215,1,8192,0,8192,11.4971,-47.9266,0
tpcds_1,c_customer_sk,0,0,0,44.6215,1,1696,0,1696,11.5117,-54.4372,0
tpcds_1,c_customer_sk,0,0,0,44.6215,1,8192,0,8192,11.4165,-47.8459,0
tpcds_1,sr_returned_date_sk,0,0,0,0.0079,0,0,0,0,0.1021,-0.1100,0
tpcds_1,sr_returned_date_sk,0,0,0,0.0079,0,0,0,0,0.0935,-0.1014,0
tpcds_1,sr_returned_date_sk,0,0,0,0.0079,0,0,0,0,0.0750,-0.0829,0
tpcds_1,sr_returned_date_sk,0,0,0,0.0079,0,0,0,0,0.1652,-0.1731,0
tpcds_1,sr_returned_date_sk,0,0,0,0.0079,0,0,0,0,0.0484,-0.0563,0
tpcds_1,sr_returned_date_sk,0,0,0,0.0079,0,0,0,0,0.0445,-0.0524,0
tpcds_1,sr_returned_date_sk,0,0,0,0.0079,0,0,0,0,0.0570,-0.0649,0
tpcds_1,sr_returned_date_sk,0,0,0,0.0079,0,0,0,0,0.0309,-0.0388,0
tpcds_1,sr_returned_date_sk,0,0,0,0.0079,0,0,0,0,0.0344,-0.0423,0
tpcds_1,sr_returned_date_sk,0,0,0,0.0079,0,0,0,0,0.0436,-0.0516,0
tpcds_1,sr_returned_date_sk,0,0,0,0.0079,0,0,0,0,0.0364,-0.0443,0
tpcds_1,sr_returned_date_sk,0,0,0,0.0079,0,0,0,0,0.0292,-0.0371,0
tpcds_1,sr_returned_date_sk,0,0,0,0.0079,0,0,0,0,0.0269,-0.0348,0
tpcds_1,sr_returned_date_sk,0,0,0,0.0079,0,0,0,0,0.0336,-0.0415,0
tpcds_1,sr_returned_date_sk,0,0,0,0.0079,0,0,0,0,1.0644,-1.0724,0
tpcds_1,sr_returned_date_sk,0,0,0,0.0079,36,287514,277568,9946,32.7450,-22.8069,0
tpcds_1,ctr_store_sk,0,0,0,54.8861,0,0,0,0,33.9591,-88.8452,0
tpcds_1,ctr_store_sk,0,0,0,54.8861,0,0,0,0,33.9133,-88.7994,0
tpcds_1,ctr_store_sk,0,0,0,54.8861,0,0,0,0,33.8264,-88.7125,0
tpcds_1,ctr_store_sk,0,0,0,54.8861,0,0,0,0,33.7986,-88.6847,0
tpcds_1,ctr_store_sk,0,0,0,54.8861,0,0,0,0,33.6746,-88.5606,0
tpcds_1,ctr_store_sk,0,0,0,54.8861,0,0,0,0,33.7234,-88.6095,0
tpcds_1,ctr_store_sk,0,0,0,54.8861,0,0,0,0,33.9406,-88.8267,0
tpcds_1,ctr_store_sk,0,0,0,54.8861,0,0,0,0,33.6463,-88.5324,0
tpcds_1,ctr_store_sk,0,0,0,54.8861,0,0,0,0,33.8855,-88.7716,0
tpcds_1,ctr_store_sk,0,0,0,54.8861,0,0,0,0,33.8508,-88.7369,0
tpcds_1,ctr_store_sk,0,0,0,54.8861,0,0,0,0,33.7141,-88.6002,0
tpcds_1,ctr_store_sk,0,0,0,54.8861,0,0,0,0,33.7667,-88.6528,0
tpcds_1,ctr_store_sk,0,0,0,54.8861,0,0,0,0,33.3260,-88.2121,0
tpcds_1,ctr_store_sk,0,0,0,54.8861,0,0,0,0,33.8123,-88.6984,0
tpcds_1,ctr_store_sk,0,0,0,54.8861,0,0,0,0,33.7979,-88.6840,0
tpcds_1,ctr_store_sk,0,0,0,54.8861,0,0,0,0,33.6885,-88.5746,0
tpcds_2,sold_date_sk,0,0,0,4.0539,0,0,0,0,0.2472,-4.3011,0
tpcds_2,sold_date_sk,0,0,0,4.0539,0,0,0,0,0.2853,-4.3392,0
tpcds_2,sold_date_sk,0,0,0,3.9103,0,0,0,0,0.1545,-4.0648,0
tpcds_2,sold_date_sk,0,0,0,4.0539,0,0,0,0,0.1066,-4.1605,0
tpcds_2,sold_date_sk,0,0,0,4.0539,0,0,0,0,0.1096,-4.1635,0
tpcds_2,sold_date_sk,0,0,0,4.0539,0,0,0,0,0.4417,-4.4956,0
tpcds_2,sold_date_sk,0,0,0,4.0539,0,0,0,0,0.0781,-4.1320,0
tpcds_2,sold_date_sk,0,0,0,4.0539,0,0,0,0,0.1069,-4.1608,0
tpcds_2,sold_date_sk,0,0,0,3.9103,0,0,0,0,0.0969,-4.0072,0
tpcds_2,sold_date_sk,0,0,0,4.0539,0,0,0,0,0.0865,-4.1404,0
tpcds_2,sold_date_sk,0,0,0,3.9103,0,0,0,0,0.0761,-3.9864,0
tpcds_2,sold_date_sk,0,0,0,4.0539,0,0,0,0,0.1226,-4.1765,0
tpcds_2,sold_date_sk,0,0,0,3.9103,0,0,0,0,0.1324,-4.0427,0
tpcds_2,sold_date_sk,0,0,0,4.0539,0,0,0,0,0.1905,-4.2445,0
tpcds_2,sold_date_sk,0,0,0,4.0539,0,0,0,0,0.0932,-4.1471,0
tpcds_2,sold_date_sk,0,0,0,3.9103,0,0,0,0,0.0841,-3.9944,0
tpcds_2,sold_date_sk,0,0,0,3.9103,0,0,0,0,0.0740,-3.9843,0
tpcds_2,sold_date_sk,0,0,0,4.0539,0,0,0,0,0.1119,-4.1658,0
tpcds_2,sold_date_sk,0,0,0,3.9103,0,0,0,0,0.0732,-3.9835,0
tpcds_2,sold_date_sk,0,0,0,4.0539,0,0,0,0,0.0832,-4.1371,0
tpcds_2,sold_date_sk,0,0,0,4.0539,0,0,0,0,0.1027,-4.1566,0
tpcds_2,sold_date_sk,0,0,0,4.0539,0,0,0,0,0.3912,-4.4451,0
tpcds_2,sold_date_sk,0,0,0,3.9103,0,0,0,0,0.0840,-3.9943,0
tpcds_2,sold_date_sk,0,0,0,4.0539,0,0,0,0,0.0762,-4.1301,0
tpcds_2,sold_date_sk,0,0,0,4.0539,0,0,0,0,0.0794,-4.1333,0
tpcds_2,sold_date_sk,0,0,0,4.0539,0,0,0,0,0.0807,-4.1346,0
tpcds_2,sold_date_sk,0,0,0,3.9103,0,0,0,0,0.0892,-3.9996,0
tpcds_2,sold_date_sk,0,0,0,4.0539,0,0,0,0,0.0734,-4.1273,0
tpcds_2,sold_date_sk,0,0,0,4.0539,0,0,0,0,0.0754,-4.1293,0
tpcds_2,sold_date_sk,0,0,0,4.0539,0,0,0,0,0.0748,-4.1287,0
tpcds_2,sold_date_sk,0,0,0,3.9103,0,0,0,0,0.0702,-3.9805,0
tpcds_2,sold_date_sk,0,0,0,4.0539,0,0,0,0,0.0740,-4.1279,0
tpcds_2,sold_date_sk,0,0,0,4.0539,0,0,0,0,0.0829,-4.1369,0
tpcds_2,sold_date_sk,0,0,0,4.0539,0,0,0,0,0.0794,-4.1333,0
tpcds_2,sold_date_sk,0,0,0,3.9103,0,0,0,0,0.0694,-3.9798,0
tpcds_2,sold_date_sk,0,0,0,4.0539,0,0,0,0,0.0744,-4.1283,0
tpcds_2,sold_date_sk,0,0,0,3.9103,0,0,0,0,0.0737,-3.9840,0
tpcds_2,sold_date_sk,0,0,0,3.9103,0,0,0,0,0.0748,-3.9851,0
tpcds_2,sold_date_sk,0,0,0,4.0539,0,0,0,0,0.0736,-4.1276,0
tpcds_2,sold_date_sk,0,0,0,3.9103,0,0,0,0,0.0709,-3.9812,0
tpcds_2,sold_date_sk,0,0,0,3.9103,0,0,0,0,0.1072,-4.0176,0
tpcds_2,sold_date_sk,0,0,0,4.0539,0,0,0,0,0.1037,-4.1576,0
tpcds_2,sold_date_sk,0,0,0,3.9103,0,0,0,0,0.0725,-3.9828,0
tpcds_2,sold_date_sk,0,0,0,4.0539,0,0,0,0,0.0716,-4.1255,0
tpcds_2,sold_date_sk,0,0,0,3.9103,0,0,0,0,0.0703,-3.9806,0
tpcds_2,sold_date_sk,0,0,0,3.9103,0,0,0,0,0.0823,-3.9926,0
tpcds_2,sold_date_sk,0,0,0,4.0539,0,0,0,0,0.0710,-4.1249,0
tpcds_2,sold_date_sk,0,0,0,3.9103,0,0,0,0,0.0782,-3.9885,0
tpcds_2,sold_date_sk,0,0,0,3.9103,0,0,0,0,0.0754,-3.9857,0
tpcds_2,sold_date_sk,0,0,0,3.9103,0,0,0,0,0.3712,-4.2815,0
tpcds_2,sold_date_sk,0,0,0,3.9103,0,0,0,0,0.0776,-3.9879,0
tpcds_2,sold_date_sk,0,0,0,3.9103,0,0,0,0,0.0818,-3.9921,0
tpcds_2,sold_date_sk,0,0,0,3.9103,0,0,0,0,0.0814,-3.9917,0
tpcds_2,sold_date_sk,0,0,0,3.9103,0,0,0,0,0.0746,-3.9849,0
tpcds_2,sold_date_sk,0,0,0,3.9103,0,0,0,0,0.0731,-3.9834,0
tpcds_2,sold_date_sk,0,0,0,3.9103,0,0,0,0,0.0728,-3.9831,0
tpcds_2,sold_date_sk,0,0,0,3.9103,0,0,0,0,0.0701,-3.9804,0
tpcds_2,sold_date_sk,0,0,0,3.9103,0,0,0,0,0.3965,-4.3068,0
tpcds_2,sold_date_sk,0,0,0,4.0539,48,392972,391054,1918,61.0375,-63.1734,0
tpcds_2,sold_date_sk,0,0,0,3.9103,48,392972,391054,1918,62.8132,-64.8055,0
tpcds_2,sold_date_sk,0,0,0,4.0539,88,719384,719197,187,82.0616,-85.9285,0
tpcds_2,sold_date_sk,0,0,0,3.9103,88,719384,719197,187,84.2078,-87.9311,0
tpcds_2,sold_date_sk,0,0,0,4.0539,128,1048576,1043441,5135,106.5216,-105.4405,0
tpcds_2,sold_date_sk,0,0,0,3.9103,128,1048576,1043441,5135,108.4041,-107.1794,0
tpcds_2,d_week_seq,0,0,0,116.6499,0,0,0,0,0.1455,-116.7955,0
tpcds_2,d_week_seq,0,0,0,116.6499,0,0,0,0,0.1653,-116.8152,0
tpcds_2,d_week_seq,0,0,0,116.6499,0,0,0,0,0.1791,-116.8290,0
tpcds_2,d_week_seq,0,0,0,116.6499,0,0,0,0,0.1804,-116.8303,0
tpcds_2,d_week_seq,0,0,0,116.6499,0,0,0,0,0.1695,-116.8194,0
tpcds_2,d_week_seq,0,0,0,116.6499,0,0,0,0,0.1858,-116.8357,0
tpcds_2,d_week_seq,0,0,0,116.6499,0,0,0,0,0.2042,-116.8541,0
tpcds_2,d_week_seq,0,0,0,116.6499,0,0,0,0,0.1952,-116.8451,0
tpcds_2,d_week_seq,0,0,0,116.6499,0,0,0,0,0.2120,-116.8620,0
tpcds_2,d_week_seq,0,0,0,116.6499,0,0,0,0,0.2042,-116.8542,0
tpcds_2,d_week_seq,0,0,0,116.6499,0,0,0,0,0.2353,-116.8852,0
tpcds_2,d_week_seq,0,0,0,116.6499,0,0,0,0,0.2098,-116.8597,0
tpcds_2,d_week_seq,0,0,0,116.6499,0,0,0,0,0.2035,-116.8534,0
tpcds_2,d_week_seq,0,0,0,116.6499,0,0,0,0,0.1936,-116.8436,0
tpcds_2,d_week_seq,0,0,0,116.6499,0,0,0,0,0.2099,-116.8599,0
tpcds_2,d_week_seq,0,0,0,116.6499,0,0,0,0,0.2138,-116.8638,0
tpcds_2,d_week_seq,0,0,0,0.0063,0,0,0,0,0.0781,-0.0844,0
tpcds_2,d_week_seq2,0,0,0,116.5052,0,0,0,0,0.1159,-116.6210,0
tpcds_2,d_week_seq,0,0,0,0.0063,0,0,0,0,0.0762,-0.0824,0
tpcds_2,d_week_seq2,0,0,0,116.5052,0,0,0,0,0.1574,-116.6626,0
tpcds_2,d_week_seq,0,0,0,0.0063,0,0,0,0,0.1248,-0.1310,0
tpcds_2,d_week_seq,0,0,0,0.0063,0,0,0,0,0.1129,-0.1191,0
tpcds_2,d_week_seq,0,0,0,0.0063,0,0,0,0,0.1145,-0.1207,0
tpcds_2,d_week_seq2,0,0,0,116.5052,0,0,0,0,0.1537,-116.6589,0
tpcds_2,d_week_seq2,0,0,0,116.5052,0,0,0,0,0.1558,-116.6609,0
tpcds_2,d_week_seq2,0,0,0,116.5052,0,0,0,0,0.1570,-116.6622,0
tpcds_2,d_week_seq,0,0,0,0.0063,0,0,0,0,0.1136,-0.1199,0
tpcds_2,d_week_seq,0,0,0,0.0063,0,0,0,0,0.1264,-0.1327,0
tpcds_2,d_week_seq,0,0,0,0.0063,0,0,0,0,0.1227,-0.1289,0
tpcds_2,d_week_seq,0,0,0,0.0063,0,0,0,0,0.1234,-0.1296,0
tpcds_2,d_week_seq2,0,0,0,116.5052,0,0,0,0,0.1786,-116.6838,0
tpcds_2,d_week_seq2,0,0,0,116.5052,0,0,0,0,0.1655,-116.6707,0
tpcds_2,d_week_seq2,0,0,0,116.5052,0,0,0,0,0.1703,-116.6755,0
tpcds_2,d_week_seq,0,0,0,0.0063,0,0,0,0,0.1290,-0.1353,0
tpcds_2,d_week_seq2,0,0,0,116.5052,0,0,0,0,0.1780,-116.6832,0
tpcds_2,d_week_seq,0,0,0,0.0063,0,0,0,0,0.1375,-0.1437,0
tpcds_2,d_week_seq,0,0,0,0.0063,0,0,0,0,0.1295,-0.1357,0
tpcds_2,d_week_seq2,0,0,0,116.5052,0,0,0,0,0.1908,-116.6959,0
tpcds_2,d_week_seq,0,0,0,0.0063,0,0,0,0,0.1409,-0.1472,0
tpcds_2,d_week_seq2,0,0,0,116.5052,0,0,0,0,0.1856,-116.6908,0
tpcds_2,d_week_seq2,0,0,0,116.5052,0,0,0,0,0.2003,-116.7054,0
tpcds_2,d_week_seq,0,0,0,0.0063,0,0,0,0,0.1525,-0.1587,0
tpcds_2,d_week_seq2,0,0,0,116.5052,0,0,0,0,0.1736,-116.6787,0
tpcds_2,d_week_seq,0,0,0,0.0063,0,0,0,0,0.1642,-0.1704,0
tpcds_2,d_week_seq2,0,0,0,116.5052,0,0,0,0,0.2057,-116.7108,0
tpcds_2,d_week_seq2,0,0,0,116.5052,0,0,0,0,0.2203,-116.7254,0
tpcds_2,d_week_seq,0,0,0,0.0063,0,0,0,0,0.1923,-0.1986,0
tpcds_2,d_week_seq2,0,0,0,116.5052,0,0,0,0,0.2401,-116.7452,0
tpcds_3,ss_sold_date_sk,0,0,0,6.0215,0,0,0,0,0.1186,-6.1401,0
tpcds_3,ss_sold_date_sk,0,0,0,6.0215,0,0,0,0,1.4928,-7.5143,0
tpcds_3,ss_sold_date_sk,0,0,0,6.0215,0,0,0,0,1.6958,-7.7173,0
tpcds_3,ss_sold_date_sk,0,0,0,6.0215,0,0,0,0,1.7493,-7.7708,0
tpcds_3,ss_sold_date_sk,0,0,0,6.0215,0,0,0,0,1.8563,-7.8778,0
tpcds_3,ss_sold_date_sk,0,0,0,6.0215,0,0,0,0,1.4118,-7.4333,0
tpcds_3,ss_sold_date_sk,0,0,0,6.0215,0,0,0,0,1.1886,-7.2100,0
tpcds_3,ss_sold_date_sk,0,0,0,6.0215,0,0,0,0,1.0702,-7.0917,0
tpcds_3,ss_sold_date_sk,0,0,0,6.0215,0,0,0,0,1.0633,-7.0848,0
tpcds_3,ss_sold_date_sk,0,0,0,6.0215,0,0,0,0,0.9263,-6.9478,0
tpcds_3,ss_sold_date_sk,0,0,0,6.0215,0,0,0,0,0.8733,-6.8948,0
tpcds_3,ss_sold_date_sk,0,0,0,6.0215,0,0,0,0,1.2884,-7.3099,0
tpcds_3,ss_sold_date_sk,0,0,0,6.0215,0,0,0,0,1.4071,-7.4286,0
tpcds_3,ss_sold_date_sk,0,0,0,6.0215,96,783252,747757,35495,135.7253,-106.2518,0
tpcds_3,ss_sold_date_sk,0,0,0,6.0215,128,1048576,1001584,46992,155.4593,-114.4888,0
tpcds_3,ss_sold_date_sk,0,0,0,6.0215,128,1048576,1001426,47150,156.9555,-115.8270,0
tpcds_3,i_item_sk,0,0,0,164.7235,0,0,0,0,4.3448,-169.0683,0
tpcds_3,i_item_sk,0,0,0,164.7235,0,0,0,0,4.3682,-169.0916,0
tpcds_3,i_item_sk,0,0,0,164.7235,0,0,0,0,4.4026,-169.1261,0
tpcds_3,i_item_sk,0,0,0,164.7235,0,0,0,0,4.4357,-169.1592,0
tpcds_3,i_item_sk,0,0,0,164.7235,0,0,0,0,4.4758,-169.1993,0
tpcds_3,i_item_sk,0,0,0,164.7235,0,0,0,0,4.4525,-169.1760,0
tpcds_3,i_item_sk,0,0,0,164.7235,0,0,0,0,4.4506,-169.1741,0
tpcds_3,i_item_sk,0,0,0,164.7235,0,0,0,0,4.4369,-169.1604,0
tpcds_3,i_item_sk,0,0,0,164.7235,0,0,0,0,4.4646,-169.1881,0
tpcds_3,i_item_sk,0,0,0,164.7235,0,0,0,0,4.4777,-169.2011,0
tpcds_3,i_item_sk,0,0,0,164.7235,0,0,0,0,4.4706,-169.1941,0
tpcds_3,i_item_sk,0,0,0,164.7235,0,0,0,0,4.4675,-169.1910,0
tpcds_3,i_item_sk,0,0,0,164.7235,0,0,0,0,4.5029,-169.2263,0
tpcds_3,i_item_sk,0,0,0,164.7235,0,0,0,0,4.4901,-169.2136,0
tpcds_3,i_item_sk,0,0,0,164.7235,0,0,0,0,4.4943,-169.2177,0
tpcds_3,i_item_sk,0,0,0,164.7235,0,0,0,0,4.5150,-169.2385,0
tpcds_4,ws_bill_customer_sk,0,0,0,84.0928,0,0,0,0,0.3430,-84.4358,0
tpcds_4,ws_bill_customer_sk,0,0,0,84.0928,0,0,0,0,0.1097,-84.2025,0
tpcds_4,ws_bill_customer_sk,0,0,0,84.0928,0,0,0,0,0.0804,-84.1732,0
tpcds_4,ws_bill_customer_sk,0,0,0,84.0928,0,0,0,0,0.0851,-84.1779,0
tpcds_4,ws_bill_customer_sk,0,0,0,84.0928,0,0,0,0,0.0798,-84.1727,0
tpcds_4,ws_bill_customer_sk,0,0,0,84.0928,0,0,0,0,0.0736,-84.1664,0
tpcds_4,ws_bill_customer_sk,0,0,0,84.0928,0,0,0,0,0.0701,-84.1629,0
tpcds_4,ws_bill_customer_sk,0,0,0,84.0928,0,0,0,0,0.0736,-84.1664,0
tpcds_4,ws_bill_customer_sk,0,0,0,84.0928,0,0,0,0,0.0753,-84.1681,0
tpcds_4,ws_bill_customer_sk,0,0,0,84.0928,0,0,0,0,0.1067,-84.1996,0
tpcds_4,ws_bill_customer_sk,0,0,0,84.0928,0,0,0,0,0.0776,-84.1704,0
tpcds_4,ws_bill_customer_sk,0,0,0,84.0928,0,0,0,0,0.0940,-84.1868,0
tpcds_4,ws_bill_customer_sk,0,0,0,84.0928,0,0,0,0,0.1160,-84.2088,0
tpcds_4,ws_bill_customer_sk,0,0,0,84.0928,0,0,0,0,0.0818,-84.1746,0
tpcds_4,ws_bill_customer_sk,0,0,0,84.0928,0,0,0,0,0.0740,-84.1668,0
tpcds_4,ss_customer_sk,0,0,0,85.2988,0,0,0,0,0.2722,-85.5710,0
tpcds_4,ss_customer_sk,0,0,0,85.2988,0,0,0,0,0.1978,-85.4966,0
tpcds_4,ss_customer_sk,0,0,0,85.2988,0,0,0,0,0.1733,-85.4721,0
tpcds_4,ss_customer_sk,0,0,0,85.2988,0,0,0,0,0.1708,-85.4696,0
tpcds_4,ss_customer_sk,0,0,0,85.2988,0,0,0,0,0.1946,-85.4934,0
tpcds_4,ss_customer_sk,0,0,0,85.2988,0,0,0,0,0.1702,-85.4690,0
tpcds_4,ss_customer_sk,0,0,0,85.2988,0,0,0,0,0.1627,-85.4615,0
tpcds_4,ss_customer_sk,0,0,0,85.2988,0,0,0,0,0.1502,-85.4490,0
tpcds_4,ss_customer_sk,0,0,0,85.2988,0,0,0,0,0.2122,-85.5110,0
tpcds_4,ss_customer_sk,0,0,0,85.2988,0,0,0,0,0.3396,-85.6384,0
tpcds_4,ss_customer_sk,0,0,0,85.2988,0,0,0,0,0.9967,-86.2955,0
tpcds_4,ss_customer_sk,0,0,0,85.2988,0,0,0,0,2.1900,-87.4887,0
tpcds_4,ss_customer_sk,0,0,0,85.2988,0,0,0,0,1.3214,-86.6202,0
tpcds_4,ws_bill_customer_sk,0,0,0,88.0642,0,0,0,0,0.1845,-88.2488,0
tpcds_4,ws_bill_customer_sk,0,0,0,88.0642,0,0,0,0,0.2277,-88.2920,0
tpcds_4,ws_bill_customer_sk,0,0,0,88.0642,0,0,0,0,0.2136,-88.2778,0
tpcds_4,ws_bill_customer_sk,0,0,0,88.0642,0,0,0,0,0.0929,-88.1571,0
tpcds_4,ws_bill_customer_sk,0,0,0,88.0642,0,0,0,0,0.1072,-88.1714,0
tpcds_4,ws_bill_customer_sk,0,0,0,88.0642,0,0,0,0,0.0804,-88.1446,0
tpcds_4,ws_bill_customer_sk,0,0,0,88.0642,0,0,0,0,0.0834,-88.1476,0
tpcds_4,ws_bill_customer_sk,0,0,0,88.0642,0,0,0,0,0.1635,-88.2277,0
tpcds_4,ws_bill_customer_sk,0,0,0,88.0642,0,0,0,0,0.0777,-88.1420,0
tpcds_4,ws_bill_customer_sk,0,0,0,88.0642,0,0,0,0,0.0742,-88.1384,0
tpcds_4,ws_bill_customer_sk,0,0,0,88.0642,0,0,0,0,0.0744,-88.1386,0
tpcds_4,ws_bill_customer_sk,0,0,0,88.0642,0,0,0,0,0.0721,-88.1364,0
tpcds_4,ws_bill_customer_sk,0,0,0,88.0642,0,0,0,0,0.1522,-88.2165,0
tpcds_4,ws_bill_customer_sk,0,0,0,88.0642,0,0,0,0,0.0745,-88.1387,0
tpcds_4,ws_bill_customer_sk,0,0,0,88.0642,0,0,0,0,1.0102,-89.0744,0
tpcds_4,cs_bill_customer_sk,0,0,0,86.2772,0,0,0,0,0.2218,-86.4990,0
tpcds_4,cs_bill_customer_sk,0,0,0,86.2772,0,0,0,0,0.2190,-86.4962,0
tpcds_4,cs_bill_customer_sk,0,0,0,86.2772,0,0,0,0,0.1217,-86.3989,0
tpcds_4,cs_bill_customer_sk,0,0,0,86.2772,0,0,0,0,0.1086,-86.3858,0
tpcds_4,cs_bill_customer_sk,0,0,0,86.2772,0,0,0,0,0.1245,-86.4016,0
tpcds_4,cs_bill_customer_sk,0,0,0,86.2772,0,0,0,0,0.0845,-86.3617,0
tpcds_4,cs_bill_customer_sk,0,0,0,86.2772,0,0,0,0,0.0792,-86.3563,0
tpcds_4,cs_bill_customer_sk,0,0,0,86.2772,0,0,0,0,0.2234,-86.5006,0
tpcds_4,cs_bill_customer_sk,0,0,0,86.2772,0,0,0,0,0.1118,-86.3889,0
tpcds_4,cs_bill_customer_sk,0,0,0,86.2772,0,0,0,0,0.1587,-86.4359,0
tpcds_4,cs_bill_customer_sk,0,0,0,86.2772,0,0,0,0,0.2259,-86.5030,0
tpcds_4,cs_bill_customer_sk,0,0,0,86.2772,0,0,0,0,0.0909,-86.3681,0
tpcds_4,cs_bill_customer_sk,0,0,0,86.2772,0,0,0,0,0.2125,-86.4896,0
tpcds_4,cs_bill_customer_sk,0,0,0,86.2772,0,0,0,0,0.1705,-86.4477,0
tpcds_4,cs_bill_customer_sk,0,0,0,98.7278,0,0,0,0,0.1837,-98.9115,0
tpcds_4,cs_bill_customer_sk,0,0,0,98.7278,0,0,0,0,0.2624,-98.9902,0
tpcds_4,cs_bill_customer_sk,0,0,0,98.7278,0,0,0,0,0.2273,-98.9552,0
tpcds_4,cs_bill_customer_sk,0,0,0,98.7278,0,0,0,0,0.1733,-98.9011,0
tpcds_4,cs_bill_customer_sk,0,0,0,98.7278,0,0,0,0,0.2559,-98.9838,0
tpcds_4,cs_bill_customer_sk,0,0,0,98.7278,0,0,0,0,0.2292,-98.9570,0
tpcds_4,cs_bill_customer_sk,0,0,0,98.7278,0,0,0,0,0.2007,-98.9285,0
tpcds_4,cs_bill_customer_sk,0,0,0,98.7278,0,0,0,0,0.2326,-98.9605,0
tpcds_4,cs_bill_customer_sk,0,0,0,98.7278,0,0,0,0,0.2497,-98.9776,0
tpcds_4,cs_bill_customer_sk,0,0,0,98.7278,0,0,0,0,0.7572,-99.4850,0
tpcds_4,cs_bill_customer_sk,0,0,0,98.7278,0,0,0,0,1.6184,-100.3462,0
tpcds_4,cs_bill_customer_sk,0,0,0,98.7278,0,0,0,0,1.5387,-100.2665,0
tpcds_4,cs_bill_customer_sk,0,0,0,98.7278,0,0,0,0,1.3268,-100.0546,0
tpcds_4,cs_bill_customer_sk,0,0,0,98.7278,0,0,0,0,0.4292,-99.1571,0
tpcds_4,ss_customer_sk,0,0,0,111.7804,0,0,0,0,0.2604,-112.0407,0
tpcds_4,ss_customer_sk,0,0,0,111.7804,0,0,0,0,0.2743,-112.0547,0
tpcds_4,ss_customer_sk,0,0,0,111.7804,0,0,0,0,0.1099,-111.8903,0
tpcds_4,ss_customer_sk,0,0,0,111.7804,0,0,0,0,0.2289,-112.0093,0
tpcds_4,ss_customer_sk,0,0,0,111.7804,0,0,0,0,0.3162,-112.0966,0
tpcds_4,ss_customer_sk,0,0,0,111.7804,0,0,0,0,0.2559,-112.0362,0
tpcds_4,ss_customer_sk,0,0,0,111.7804,0,0,0,0,0.0868,-111.8672,0
tpcds_4,ss_customer_sk,0,0,0,111.7804,0,0,0,0,0.1755,-111.9559,0
tpcds_4,ss_customer_sk,0,0,0,111.7804,0,0,0,0,0.1212,-111.9015,0
tpcds_4,ss_customer_sk,0,0,0,111.7804,0,0,0,0,0.1911,-111.9715,0
tpcds_4,ss_customer_sk,0,0,0,111.7804,0,0,0,0,0.2924,-112.0728,0
tpcds_4,ss_customer_sk,0,0,0,111.7804,0,0,0,0,0.2074,-111.9878,0
tpcds_4,ss_customer_sk,0,0,0,111.7804,0,0,0,0,0.3036,-112.0839,0
tpcds_4,cs_bill_customer_sk,0,0,0,86.2772,48,392972,390982,1990,315.7867,-400.0739,0
tpcds_4,cs_bill_customer_sk,0,0,0,98.7278,48,392972,390982,1990,317.4367,-414.1746,0
tpcds_4,ws_bill_customer_sk,0,0,0,88.0642,88,719384,719219,165,452.4630,-540.3622,0
tpcds_4,d_date_sk,0,0,0,551.3337,0,0,0,0,0.3551,-551.6888,0
tpcds_4,d_date_sk,0,0,0,551.3337,0,0,0,0,0.3650,-551.6987,0
tpcds_4,d_date_sk,0,0,0,551.3337,0,0,0,0,0.3812,-551.7149,0
tpcds_4,d_date_sk,0,0,0,551.3337,0,0,0,0,0.4700,-551.8037,0
tpcds_4,d_date_sk,0,0,0,551.3337,0,0,0,0,0.5115,-551.8452,0
tpcds_4,d_date_sk,0,0,0,551.3337,0,0,0,0,0.5568,-551.8905,0
tpcds_4,d_date_sk,0,0,0,551.3337,0,0,0,0,0.6658,-551.9995,0
tpcds_4,d_date_sk,0,0,0,551.3337,0,0,0,0,0.7269,-552.0606,0
tpcds_4,d_date_sk,0,0,0,551.3337,0,0,0,0,0.7406,-552.0743,0
tpcds_4,d_date_sk,0,0,0,551.3337,0,0,0,0,0.7476,-552.0813,0
tpcds_4,d_date_sk,0,0,0,551.3337,0,0,0,0,0.7671,-552.1008,0
tpcds_4,d_date_sk,0,0,0,551.3337,0,0,0,0,0.7824,-552.1161,0
tpcds_4,d_date_sk,0,0,0,551.3337,0,0,0,0,0.7771,-552.1108,0
tpcds_4,d_date_sk,0,0,0,551.3337,0,0,0,0,0.7975,-552.1312,0
tpcds_4,d_date_sk,0,0,0,551.3337,0,0,0,0,0.8304,-552.1641,0
tpcds_4,d_date_sk,0,0,0,551.3337,0,0,0,0,0.8434,-552.1771,0
tpcds_4,ws_bill_customer_sk,0,0,0,84.0928,88,719384,719219,165,474.0508,-557.9786,0
tpcds_4,d_date_sk,0,0,0,566.3957,0,0,0,0,0.0819,-566.4775,0
tpcds_4,d_date_sk,0,0,0,566.3957,0,0,0,0,0.1530,-566.5487,0
tpcds_4,d_date_sk,0,0,0,566.3957,0,0,0,0,0.1886,-566.5843,0
tpcds_4,d_date_sk,0,0,0,566.3957,0,0,0,0,0.1545,-566.5501,0
tpcds_4,d_date_sk,0,0,0,566.3957,0,0,0,0,0.1693,-566.5649,0
tpcds_4,d_date_sk,0,0,0,566.3957,0,0,0,0,0.1470,-566.5427,0
tpcds_4,d_date_sk,0,0,0,566.3957,0,0,0,0,0.2464,-566.6420,0
tpcds_4,d_date_sk,0,0,0,566.3957,0,0,0,0,0.2180,-566.6136,0
tpcds_4,d_date_sk,0,0,0,566.3957,0,0,0,0,0.2171,-566.6128,0
tpcds_4,d_date_sk,0,0,0,566.3957,0,0,0,0,0.1521,-566.5477,0
tpcds_4,d_date_sk,0,0,0,566.3957,0,0,0,0,0.2349,-566.6306,0
tpcds_4,d_date_sk,0,0,0,566.3957,0,0,0,0,0.1934,-566.5890,0
tpcds_4,d_date_sk,0,0,0,566.3957,0,0,0,0,0.2010,-566.5967,0
tpcds_4,d_date_sk,0,0,0,566.3957,0,0,0,0,0.2566,-566.6523,0
tpcds_4,d_date_sk,0,0,0,566.3957,0,0,0,0,0.1857,-566.5814,0
tpcds_4,d_date_sk,0,0,0,566.3957,0,0,0,0,0.2757,-566.6714,0
tpcds_4,ss_customer_sk,0,0,0,85.2988,96,783252,747657,35595,507.0798,-556.7836,0
tpcds_4,ss_customer_sk,0,0,0,111.7804,96,783252,747657,35595,497.3926,-573.5779,0
tpcds_4,ss_customer_sk,0,0,0,85.2988,128,1048576,1001377,47199,621.5695,-659.6693,0
tpcds_4,ss_customer_sk,0,0,0,85.2988,128,1048576,1001670,46906,622.1008,-660.4935,0
tpcds_4,ss_customer_sk,0,0,0,111.7804,128,1048576,1001377,47199,603.4390,-668.0204,0
tpcds_4,cs_bill_customer_sk,0,0,0,86.2772,128,1048576,1043416,5160,624.3503,-705.4674,0
tpcds_4,d_date_sk,0,0,0,720.4781,0,0,0,0,0.1264,-720.6045,0
tpcds_4,d_date_sk,0,0,0,720.4781,0,0,0,0,0.1644,-720.6425,0
tpcds_4,d_date_sk,0,0,0,720.4781,0,0,0,0,0.1638,-720.6420,0
tpcds_4,d_date_sk,0,0,0,720.4781,0,0,0,0,0.1944,-720.6725,0
tpcds_4,d_date_sk,0,0,0,720.4781,0,0,0,0,0.2128,-720.6909,0
tpcds_4,d_date_sk,0,0,0,720.4781,0,0,0,0,0.2044,-720.6825,0
tpcds_4,d_date_sk,0,0,0,720.4781,0,0,0,0,0.2304,-720.7085,0
tpcds_4,d_date_sk,0,0,0,720.4781,0,0,0,0,0.2275,-720.7056,0
tpcds_4,d_date_sk,0,0,0,720.4781,0,0,0,0,0.2325,-720.7106,0
tpcds_4,d_date_sk,0,0,0,720.4781,0,0,0,0,0.2225,-720.7006,0
tpcds_4,d_date_sk,0,0,0,720.4781,0,0,0,0,0.2499,-720.7280,0
tpcds_4,d_date_sk,0,0,0,720.4781,0,0,0,0,0.2878,-720.7659,0
tpcds_4,d_date_sk,0,0,0,720.4781,0,0,0,0,0.2444,-720.7225,0
tpcds_4,d_date_sk,0,0,0,720.4781,0,0,0,0,0.2624,-720.7405,0
tpcds_4,d_date_sk,0,0,0,720.4781,0,0,0,0,0.2905,-720.7686,0
tpcds_4,d_date_sk,0,0,0,720.4781,0,0,0,0,0.2866,-720.7647,0
tpcds_4,ss_customer_sk,0,0,0,111.7804,128,1048576,1001670,46906,609.2078,-674.0822,0
tpcds_4,d_date_sk,0,0,0,727.9806,0,0,0,0,0.1165,-728.0971,0
tpcds_4,d_date_sk,0,0,0,727.9806,0,0,0,0,0.1471,-728.1277,0
tpcds_4,d_date_sk,0,0,0,727.9806,0,0,0,0,0.1472,-728.1278,0
tpcds_4,d_date_sk,0,0,0,727.9806,0,0,0,0,0.2003,-728.1810,0
tpcds_4,d_date_sk,0,0,0,727.9806,0,0,0,0,0.1811,-728.1617,0
tpcds_4,d_date_sk,0,0,0,727.9806,0,0,0,0,0.1731,-728.1537,0
tpcds_4,d_date_sk,0,0,0,727.9806,0,0,0,0,0.2135,-728.1942,0
tpcds_4,d_date_sk,0,0,0,727.9806,0,0,0,0,0.1891,-728.1697,0
tpcds_4,d_date_sk,0,0,0,727.9806,0,0,0,0,0.2195,-728.2001,0
tpcds_4,d_date_sk,0,0,0,727.9806,0,0,0,0,0.1966,-728.1772,0
tpcds_4,d_date_sk,0,0,0,727.9806,0,0,0,0,0.2265,-728.2071,0
tpcds_4,d_date_sk,0,0,0,727.9806,0,0,0,0,0.2292,-728.2098,0
tpcds_4,d_date_sk,0,0,0,727.9806,0,0,0,0,0.2819,-728.2625,0
tpcds_4,d_date_sk,0,0,0,727.9806,0,0,0,0,0.2553,-728.2359,0
tpcds_4,d_date_sk,0,0,0,727.9806,0,0,0,0,0.2653,-728.2459,0
tpcds_4,d_date_sk,0,0,0,727.9806,0,0,0,0,0.2573,-728.2379,0
tpcds_4,cs_bill_customer_sk,0,0,0,98.7278,128,1048576,1043416,5160,625.7088,-719.2767,0
tpcds_4,d_date_sk,0,0,0,733.7693,0,0,0,0,0.0757,-733.8450,0
tpcds_4,d_date_sk,0,0,0,733.7693,0,0,0,0,0.0852,-733.8545,0
tpcds_4,d_date_sk,0,0,0,733.7693,0,0,0,0,0.1145,-733.8838,0
tpcds_4,d_date_sk,0,0,0,733.7693,0,0,0,0,0.1051,-733.8744,0
tpcds_4,d_date_sk,0,0,0,733.7693,0,0,0,0,0.1312,-733.9005,0
tpcds_4,d_date_sk,0,0,0,733.7693,0,0,0,0,0.1469,-733.9162,0
tpcds_4,d_date_sk,0,0,0,733.7693,0,0,0,0,0.1508,-733.9201,0
tpcds_4,d_date_sk,0,0,0,733.7693,0,0,0,0,0.1448,-733.9141,0
tpcds_4,d_date_sk,0,0,0,733.7693,0,0,0,0,0.1309,-733.9002,0
tpcds_4,d_date_sk,0,0,0,733.7693,0,0,0,0,0.1629,-733.9322,0
tpcds_4,d_date_sk,0,0,0,733.7693,0,0,0,0,0.1677,-733.9370,0
tpcds_4,d_date_sk,0,0,0,733.7693,0,0,0,0,0.1602,-733.9294,0
tpcds_4,d_date_sk,0,0,0,733.7693,0,0,0,0,0.1692,-733.9385,0
tpcds_4,d_date_sk,0,0,0,733.7693,0,0,0,0,0.1858,-733.9551,0
tpcds_4,d_date_sk,0,0,0,733.7693,0,0,0,0,0.1982,-733.9675,0
tpcds_4,d_date_sk,0,0,0,733.7693,0,0,0,0,0.2205,-733.9898,0
tpcds_4,d_date_sk,0,0,0,0.0059,0,0,0,0,0.0911,-0.0970,0
tpcds_4,d_date_sk,0,0,0,0.0059,0,0,0,0,0.1167,-0.1226,0
tpcds_4,d_date_sk,0,0,0,0.0059,0,0,0,0,0.1478,-0.1536,0
tpcds_4,d_date_sk,0,0,0,0.0059,0,0,0,0,0.1641,-0.1699,0
tpcds_4,d_date_sk,0,0,0,0.0059,0,0,0,0,0.1719,-0.1778,0
tpcds_4,d_date_sk,0,0,0,0.0059,0,0,0,0,0.1767,-0.1826,0
tpcds_4,d_date_sk,0,0,0,0.0059,0,0,0,0,0.1842,-0.1901,0
tpcds_4,d_date_sk,0,0,0,0.0059,0,0,0,0,0.1856,-0.1915,0
tpcds_4,d_date_sk,0,0,0,0.0059,0,0,0,0,0.1871,-0.1930,0
tpcds_4,d_date_sk,0,0,0,0.0059,0,0,0,0,0.1924,-0.1983,0
tpcds_4,d_date_sk,0,0,0,0.0059,0,0,0,0,0.2037,-0.2096,0
tpcds_4,d_date_sk,0,0,0,0.0059,0,0,0,0,0.1993,-0.2052,0
tpcds_4,d_date_sk,0,0,0,0.0059,0,0,0,0,0.1988,-0.2047,0
tpcds_4,d_date_sk,0,0,0,0.0059,0,0,0,0,0.2235,-0.2294,0
tpcds_4,d_date_sk,0,0,0,0.0059,0,0,0,0,0.2133,-0.2192,0
tpcds_4,d_date_sk,0,0,0,0.0059,0,0,0,0,0.2348,-0.2406,0
tpcds_4,customer_id,0,0,0,0.0064,0,0,0,0,0.2722,-0.2786,0
tpcds_4,customer_id,0,0,0,0.0064,0,0,0,0,0.3522,-0.3586,0
tpcds_4,customer_id,0,0,0,9.4516,0,0,0,0,0.3726,-9.8243,0
tpcds_4,customer_id,0,0,0,9.4516,0,0,0,0,0.3641,-9.8157,0
tpcds_4,customer_id,0,0,0,0.0064,0,0,0,0,0.3381,-0.3445,0
tpcds_4,customer_id,0,0,0,158.3384,0,0,0,0,9.8649,-168.2033,0
tpcds_4,customer_id,0,0,0,158.3384,0,0,0,0,9.8720,-168.2104,0
tpcds_4,customer_id,0,0,0,0.0064,0,0,0,0,0.3163,-0.3227,0
tpcds_4,customer_id,0,0,0,14.3085,0,0,0,0,168.2574,-182.5659,0
tpcds_4,customer_id,0,0,0,14.3085,0,0,0,0,168.2512,-182.5597,0
tpcds_4,customer_id,0,0,0,9.4516,0,0,0,0,0.4003,-9.8520,0
tpcds_4,customer_id,0,0,0,551.2775,0,0,0,0,182.5994,-733.8769,0
tpcds_4,customer_id,0,0,0,551.2775,0,0,0,0,182.6194,-733.8969,0
tpcds_4,customer_id,0,0,0,9.4516,0,0,0,0,0.4138,-9.8655,0
tpcds_4,customer_id,0,0,0,158.3384,0,0,0,0,9.9102,-168.2486,0
tpcds_4,customer_id,0,0,0,158.3384,0,0,0,0,9.9064,-168.2449,0
tpcds_4,customer_id,0,0,0,14.3085,0,0,0,0,168.2827,-182.5912,0
tpcds_4,customer_id,0,0,0,551.2775,0,0,0,0,182.6169,-733.8944,0
tpcds_4,customer_id,0,0,0,14.3085,0,0,0,0,168.2787,-182.5872,0
tpcds_4,customer_id,0,0,0,0.0064,0,0,0,0,0.4005,-0.4069,0
tpcds_4,customer_id,0,0,0,0.0064,0,0,0,0,0.3132,-0.3196,0
tpcds_4,customer_id,0,0,0,0.0064,0,0,0,0,0.3421,-0.3485,0
tpcds_4,customer_id,0,0,0,0.0064,0,0,0,0,0.3100,-0.3164,0
tpcds_4,customer_id,0,0,0,9.4516,0,0,0,0,0.4385,-9.8901,0
tpcds_4,customer_id,0,0,0,9.4516,0,0,0,0,0.4280,-9.8796,0
tpcds_4,customer_id,0,0,0,551.2775,0,0,0,0,182.6315,-733.9090,0
tpcds_4,customer_id,0,0,0,0.0064,0,0,0,0,0.3293,-0.3357,0
tpcds_4,customer_id,0,0,0,158.3384,0,0,0,0,9.9424,-168.2808,0
tpcds_4,customer_id,0,0,0,158.3384,0,0,0,0,9.9311,-168.2696,0
tpcds_4,customer_id,0,0,0,9.4516,0,0,0,0,0.4370,-9.8886,0
tpcds_4,customer_id,0,0,0,14.3085,0,0,0,0,168.2930,-182.6015,0
tpcds_4,customer_id,0,0,0,14.3085,0,0,0,0,168.3264,-182.6349,0
tpcds_4,customer_id,0,0,0,158.3384,0,0,0,0,9.9526,-168.2910,0
tpcds_4,customer_id,0,0,0,9.4516,0,0,0,0,0.4584,-9.9100,0
tpcds_4,customer_id,0,0,0,551.2775,0,0,0,0,182.6542,-733.9317,0
tpcds_4,customer_id,0,0,0,14.3085,0,0,0,0,168.3122,-182.6207,0
tpcds_4,customer_id,0,0,0,551.2775,0,0,0,0,182.6489,-733.9263,0
tpcds_4,customer_id,0,0,0,158.3384,0,0,0,0,9.9525,-168.2910,0
tpcds_4,customer_id,0,0,0,9.4516,0,0,0,0,0.4508,-9.9024,0
tpcds_4,customer_id,0,0,0,551.2775,0,0,0,0,182.6517,-733.9292,0
tpcds_4,customer_id,0,0,0,0.0064,0,0,0,0,0.3606,-0.3670,0
tpcds_4,customer_id,0,0,0,0.0064,0,0,0,0,0.3535,-0.3599,0
tpcds_4,customer_id,0,0,0,14.3085,0,0,0,0,168.3165,-182.6250,0
tpcds_4,customer_id,0,0,0,0.0064,0,0,0,0,0.3663,-0.3727,0
tpcds_4,customer_id,0,0,0,551.2775,0,0,0,0,182.6672,-733.9446,0
tpcds_4,customer_id,0,0,0,9.4516,0,0,0,0,0.4934,-9.9450,0
tpcds_4,customer_id,0,0,0,0.0064,0,0,0,0,0.3696,-0.3760,0
tpcds_4,customer_id,0,0,0,158.3384,0,0,0,0,9.9787,-168.3171,0
tpcds_4,customer_id,0,0,0,158.3384,0,0,0,0,9.9624,-168.3009,0
tpcds_4,customer_id,0,0,0,9.4516,0,0,0,0,0.4751,-9.9267,0
tpcds_4,customer_id,0,0,0,9.4516,0,0,0,0,0.4745,-9.9261,0
tpcds_4,customer_id,0,0,0,0.0064,0,0,0,0,0.4688,-0.4752,0
tpcds_4,customer_id,0,0,0,14.3085,0,0,0,0,168.3438,-182.6523,0
tpcds_4,customer_id,0,0,0,158.3384,0,0,0,0,9.9705,-168.3089,0
tpcds_4,customer_id,0,0,0,9.4516,0,0,0,0,0.4694,-9.9210,0
tpcds_4,customer_id,0,0,0,158.3384,0,0,0,0,9.9818,-168.3202,0
tpcds_4,customer_id,0,0,0,14.3085,0,0,0,0,168.3274,-182.6359,0
tpcds_4,customer_id,0,0,0,551.2775,0,0,0,0,182.6765,-733.9539,0
tpcds_4,customer_id,0,0,0,9.4516,0,0,0,0,0.4894,-9.9410,0
tpcds_4,customer_id,0,0,0,14.3085,0,0,0,0,168.3515,-182.6600,0
tpcds_4,customer_id,0,0,0,14.3085,0,0,0,0,168.3487,-182.6572,0
tpcds_4,customer_id,0,0,0,0.0064,0,0,0,0,0.3710,-0.3774,0
tpcds_4,customer_id,0,0,0,158.3384,0,0,0,0,9.9768,-168.3153,0
tpcds_4,customer_id,0,0,0,158.3384,0,0,0,0,9.9748,-168.3133,0
tpcds_4,customer_id,0,0,0,551.2775,0,0,0,0,182.6990,-733.9765,0
tpcds_4,customer_id,0,0,0,551.2775,0,0,0,0,182.7010,-733.9785,0
tpcds_4,customer_id,0,0,0,551.2775,0,0,0,0,182.6842,-733.9617,0
tpcds_4,customer_id,0,0,0,14.3085,0,0,0,0,168.3489,-182.6574,0
tpcds_4,customer_id,0,0,0,551.2775,0,0,0,0,182.7097,-733.9872,0
tpcds_4,customer_id,0,0,0,14.3085,0,0,0,0,168.3692,-182.6777,0
tpcds_4,customer_id,0,0,0,551.2775,0,0,0,0,182.7406,-734.0181,0
tpcds_4,customer_id,0,0,0,9.4516,0,0,0,0,0.5124,-9.9640,0
tpcds_4,customer_id,0,0,0,0.0064,0,0,0,0,0.4747,-0.4811,0
tpcds_4,customer_id,0,0,0,158.3384,0,0,0,0,10.0424,-168.3809,0
tpcds_4,customer_id,0,0,0,14.3085,0,0,0,0,168.4150,-182.7235,0
tpcds_4,customer_id,0,0,0,551.2775,0,0,0,0,182.7516,-734.0290,0
tpcds_4,customer_id,0,0,0,9.4516,0,0,0,0,0.5523,-10.0040,0
tpcds_4,customer_id,0,0,0,158.3384,0,0,0,0,10.0711,-168.4095,0
tpcds_4,customer_id,0,0,0,14.3085,0,0,0,0,168.4429,-182.7514,0
tpcds_4,customer_id,0,0,0,551.2775,0,0,0,0,182.7992,-734.0767,0
tpcds_6,c_current_addr_sk,0,0,0,4.2249,0,0,0,0,3.8007,-8.0256,0
tpcds_6,c_current_addr_sk,0,0,0,4.2249,1,8192,7930,262,3.8537,-7.8165,0
tpcds_6,c_current_addr_sk,0,0,0,4.2249,1,8192,7901,291,3.8486,-7.7825,0
tpcds_6,c_current_addr_sk,0,0,0,4.2249,1,8192,7904,288,3.9895,-7.9264,0
tpcds_6,c_current_addr_sk,0,0,0,4.2249,1,8192,7914,278,3.9986,-7.9455,0
tpcds_6,c_current_addr_sk,0,0,0,4.2249,1,8192,7920,272,4.0130,-7.9659,0
tpcds_6,c_current_addr_sk,0,0,0,4.2249,1,8192,7909,283,4.0278,-7.9697,0
tpcds_6,c_current_addr_sk,0,0,0,4.2249,0,0,0,0,4.0071,-8.2320,0
tpcds_6,c_current_addr_sk,0,0,0,4.2249,1,8192,7934,258,4.0220,-7.9889,0
tpcds_6,c_current_addr_sk,0,0,0,4.2249,0,0,0,0,4.0197,-8.2446,0
tpcds_6,c_current_addr_sk,0,0,0,4.2249,1,8192,7894,298,4.1562,-8.0831,0
tpcds_6,c_current_addr_sk,0,0,0,4.2249,1,8192,7898,294,4.1818,-8.1127,0
tpcds_6,c_current_addr_sk,0,0,0,4.2249,1,8192,7900,292,4.2092,-8.1421,0
tpcds_6,c_current_addr_sk,0,0,0,4.2249,1,1696,1636,60,4.2582,-8.4231,0
tpcds_6,c_current_addr_sk,0,0,0,4.2249,1,8192,7900,292,4.3057,-8.2386,0
tpcds_6,c_current_addr_sk,0,0,0,4.2249,1,8192,7917,275,4.3964,-8.3463,0
tpcds_6,ss_customer_sk,0,0,0,9.5157,0,0,0,0,0.0855,-9.6011,0
tpcds_6,ss_customer_sk,0,0,0,9.5157,0,0,0,0,0.0336,-9.5493,0
tpcds_6,ss_customer_sk,0,0,0,9.5157,0,0,0,0,0.0420,-9.5577,0
tpcds_6,ss_customer_sk,0,0,0,9.5157,0,0,0,0,0.0464,-9.5621,0
tpcds_6,ss_customer_sk,0,0,0,9.5157,0,0,0,0,0.0273,-9.5430,0
tpcds_6,ss_customer_sk,0,0,0,9.5157,0,0,0,0,0.0311,-9.5468,0
tpcds_6,ss_customer_sk,0,0,0,9.5157,0,0,0,0,0.0250,-9.5407,0
tpcds_6,ss_customer_sk,0,0,0,9.5157,0,0,0,0,0.0261,-9.5417,0
tpcds_6,ss_customer_sk,0,0,0,9.5157,0,0,0,0,0.0249,-9.5406,0
tpcds_6,ss_customer_sk,0,0,0,9.5157,0,0,0,0,0.0258,-9.5414,0
tpcds_6,ss_customer_sk,0,0,0,9.5157,0,0,0,0,0.0237,-9.5394,0
tpcds_6,ss_customer_sk,0,0,0,9.5157,0,0,0,0,0.0601,-9.5757,0
tpcds_6,ss_customer_sk,0,0,0,9.5157,0,0,0,0,0.0411,-9.5568,0
tpcds_6,ss_customer_sk,0,0,0,9.5157,96,783252,747657,35595,36.4801,-10.4008,0
tpcds_6,ss_customer_sk,0,0,0,9.5157,128,1048576,1001670,46906,46.8760,-9.4857,0
tpcds_6,ss_customer_sk,0,0,0,9.5157,128,1048576,1001377,47199,47.4703,-9.7870,0
tpcds_6,d_date_sk,0,0,0,57.0769,1,8192,0,8192,6.0147,-54.8996,0
tpcds_6,d_date_sk,0,0,0,57.0769,1,8192,0,8192,6.0043,-54.8893,0
tpcds_6,d_date_sk,0,0,0,57.0769,1,7513,0,7513,6.0390,-55.6029,0
tpcds_6,d_date_sk,0,0,0,57.0769,1,8192,0,8192,6.0372,-54.9222,0
tpcds_6,d_date_sk,0,0,0,57.0769,1,8192,0,8192,6.0841,-54.9691,0
tpcds_6,d_date_sk,0,0,0,57.0769,0,0,0,0,6.0631,-63.1401,0
tpcds_6,d_date_sk,0,0,0,57.0769,0,0,0,0,6.0558,-63.1328,0
tpcds_6,d_date_sk,0,0,0,57.0769,1,8192,0,8192,6.0522,-54.9371,0
tpcds_6,d_date_sk,0,0,0,57.0769,0,0,0,0,6.0693,-63.1462,0
tpcds_6,d_date_sk,0,0,0,57.0769,0,0,0,0,6.0687,-63.1456,0
tpcds_6,d_date_sk,0,0,0,57.0769,1,8192,0,8192,6.0852,-54.9701,0
tpcds_6,d_date_sk,0,0,0,57.0769,1,8192,0,8192,6.0795,-54.9645,0
tpcds_6,d_date_sk,0,0,0,57.0769,0,0,0,0,6.0722,-63.1491,0
tpcds_6,d_date_sk,0,0,0,57.0769,1,8192,0,8192,6.0796,-54.9645,0
tpcds_6,d_date_sk,0,0,0,57.0769,0,0,0,0,6.0871,-63.1640,0
tpcds_6,d_date_sk,0,0,0,57.0769,0,0,0,0,6.0982,-63.1752,0
tpcds_6,i_item_sk,0,0,0,63.2780,0,0,0,0,3.0283,-66.3064,0
tpcds_6,i_item_sk,0,0,0,63.2780,0,0,0,0,3.0588,-66.3368,0
tpcds_6,i_item_sk,0,0,0,63.2780,0,0,0,0,3.0853,-66.3633,0
tpcds_6,i_item_sk,0,0,0,63.2780,0,0,0,0,3.0669,-66.3450,0
tpcds_6,i_item_sk,0,0,0,63.2780,0,0,0,0,3.0828,-66.3608,0
tpcds_6,i_item_sk,0,0,0,63.2780,0,0,0,0,3.0833,-66.3614,0
tpcds_6,i_item_sk,0,0,0,63.2780,0,0,0,0,3.1411,-66.4191,0
tpcds_6,i_item_sk,0,0,0,63.2780,0,0,0,0,3.1087,-66.3867,0
tpcds_6,i_item_sk,0,0,0,63.2780,1,8192,0,8192,3.1201,-58.2062,0
tpcds_6,i_item_sk,0,0,0,63.2780,0,0,0,0,3.1269,-66.4050,0
tpcds_6,i_item_sk,0,0,0,63.2780,0,0,0,0,3.1874,-66.4655,0
tpcds_6,i_item_sk,0,0,0,63.2780,0,0,0,0,3.1375,-66.4155,0
tpcds_6,i_item_sk,0,0,0,63.2780,0,0,0,0,3.1836,-66.4616,0
tpcds_6,i_item_sk,0,0,0,63.2780,1,8192,0,8192,3.1621,-58.2481,0
tpcds_6,i_item_sk,0,0,0,63.2780,0,0,0,0,3.1365,-66.4146,0
tpcds_6,i_item_sk,0,0,0,63.2780,1,1616,0,1616,3.1789,-64.8409,0
tpcds_6,d_month_seq,0,0,0,66.6319,0,0,0,0,0.3122,-66.9441,0
tpcds_6,d_month_seq,0,0,0,66.6319,0,0,0,0,0.2536,-66.8855,0
tpcds_6,d_month_seq,0,0,0,66.6319,0,0,0,0,0.2488,-66.8806,0
tpcds_6,d_month_seq,0,0,0,66.6319,0,0,0,0,0.2160,-66.8478,0
tpcds_6,d_month_seq,0,0,0,66.6319,0,0,0,0,0.3120,-66.9439,0
tpcds_6,d_month_seq,0,0,0,66.6319,0,0,0,0,0.2987,-66.9305,0
tpcds_6,d_month_seq,0,0,0,66.6319,0,0,0,0,0.2795,-66.9113,0
tpcds_6,d_month_seq,0,0,0,66.6319,0,0,0,0,0.2899,-66.9218,0
tpcds_6,d_month_seq,0,0,0,66.6319,0,0,0,0,0.2831,-66.9149,0
tpcds_6,d_month_seq,0,0,0,66.6319,0,0,0,0,0.2848,-66.9167,0
tpcds_6,d_month_seq,0,0,0,66.6319,0,0,0,0,0.2912,-66.9230,0
tpcds_6,d_month_seq,0,0,0,66.6319,0,0,0,0,0.2967,-66.9286,0
tpcds_6,d_month_seq,0,0,0,66.6319,0,0,0,0,0.2833,-66.9151,0
tpcds_6,d_month_seq,0,0,0,66.6319,0,0,0,0,0.2965,-66.9284,0
tpcds_6,d_month_seq,0,0,0,66.6319,0,0,0,0,0.3061,-66.9379,0
tpcds_6,d_month_seq,0,0,0,66.6319,0,0,0,0,0.3108,-66.9426,0
tpcds_7,d_date_sk,0,0,0,0.8378,0,0,0,0,0.3948,-1.2326,0
tpcds_7,d_date_sk,0,0,0,0.8378,0,0,0,0,0.0119,-0.8497,0
tpcds_7,d_date_sk,0,0,0,0.8378,0,0,0,0,0.4591,-1.2969,0
tpcds_7,d_date_sk,0,0,0,0.8378,0,0,0,0,0.0909,-0.9287,0
tpcds_7,d_date_sk,0,0,0,0.8378,0,0,0,0,0.0104,-0.8482,0
tpcds_7,d_date_sk,0,0,0,0.8378,0,0,0,0,0.0969,-0.9347,0
tpcds_7,d_date_sk,0,0,0,0.8378,0,0,0,0,0.0183,-0.8561,0
tpcds_7,d_date_sk,0,0,0,0.8378,0,0,0,0,0.0109,-0.8487,0
tpcds_7,d_date_sk,0,0,0,0.8378,0,0,0,0,0.0015,-0.8393,0
tpcds_7,d_date_sk,0,0,0,0.8378,0,0,0,0,0.4970,-1.3348,0
tpcds_7,d_date_sk,0,0,0,0.8378,0,0,0,0,0.4923,-1.3301,0
tpcds_7,d_date_sk,0,0,0,0.8378,0,0,0,0,0.4801,-1.3179,0
tpcds_7,d_date_sk,0,0,0,0.8378,0,0,0,0,0.3472,-1.1850,0
tpcds_7,d_date_sk,0,0,0,0.8378,0,0,0,0,0.3309,-1.1687,0
tpcds_7,d_date_sk,0,0,0,0.8378,0,0,0,0,0.2952,-1.1330,0
tpcds_7,d_date_sk,0,0,0,0.8378,0,0,0,0,0.3152,-1.1530,0
tpcds_7,i_item_sk,0,0,0,1.6124,0,0,0,0,2.7263,-4.3387,0
tpcds_7,i_item_sk,0,0,0,1.6124,1,8192,0,8192,2.7800,3.7996,1
tpcds_7,i_item_sk,0,0,0,1.6124,1,8192,0,8192,2.7964,3.7832,1
tpcds_7,i_item_sk,0,0,0,1.6124,0,0,0,0,2.8004,-4.4128,0
tpcds_7,i_item_sk,0,0,0,1.6124,0,0,0,0,2.8113,-4.4237,0
tpcds_7,i_item_sk,0,0,0,1.6124,0,0,0,0,2.8227,-4.4351,0
tpcds_7,i_item_sk,0,0,0,1.6124,0,0,0,0,2.8419,-4.4543,0
tpcds_7,i_item_sk,0,0,0,1.6124,0,0,0,0,2.8208,-4.4332,0
tpcds_7,i_item_sk,0,0,0,1.6124,1,1616,0,1616,2.8415,-2.8379,0
tpcds_7,i_item_sk,0,0,0,1.6124,0,0,0,0,2.8448,-4.4572,0
tpcds_7,i_item_sk,0,0,0,1.6124,0,0,0,0,2.8337,-4.4461,0
tpcds_7,i_item_sk,0,0,0,1.6124,0,0,0,0,2.8401,-4.4525,0
tpcds_7,i_item_sk,0,0,0,1.6124,0,0,0,0,2.8419,-4.4543,0
tpcds_7,i_item_sk,0,0,0,1.6124,0,0,0,0,2.8393,-4.4517,0
tpcds_7,i_item_sk,0,0,0,1.6124,0,0,0,0,2.8552,-4.4676,0
tpcds_7,i_item_sk,0,0,0,1.6124,0,0,0,0,2.8517,-4.4641,0
tpcds_7,p_promo_sk,0,0,0,0.0114,0,0,0,0,2.7945,-2.8059,0
tpcds_7,p_promo_sk,0,0,0,0.0114,0,0,0,0,2.8101,-2.8215,0
tpcds_7,p_promo_sk,0,0,0,0.0114,0,0,0,0,2.8626,-2.8741,0
tpcds_7,p_promo_sk,0,0,0,0.0114,0,0,0,0,2.8675,-2.8789,0
tpcds_7,p_promo_sk,0,0,0,0.0114,0,0,0,0,2.8778,-2.8892,0
tpcds_7,p_promo_sk,0,0,0,0.0114,0,0,0,0,2.8997,-2.9111,0
tpcds_7,p_promo_sk,0,0,0,0.0114,0,0,0,0,2.9150,-2.9264,0
tpcds_7,p_promo_sk,0,0,0,0.0114,0,0,0,0,2.9142,-2.9257,0
tpcds_7,p_promo_sk,0,0,0,0.0114,0,0,0,0,2.9374,-2.9489,0
tpcds_7,p_promo_sk,0,0,0,0.0114,1,299,0,299,2.9426,-2.6550,0
tpcds_7,p_promo_sk,0,0,0,0.0114,0,0,0,0,2.9644,-2.9758,0
tpcds_7,p_promo_sk,0,0,0,0.0114,0,0,0,0,2.9533,-2.9647,0
tpcds_7,p_promo_sk,0,0,0,0.0114,0,0,0,0,2.9500,-2.9614,0
tpcds_7,p_promo_sk,0,0,0,0.0114,0,0,0,0,2.9550,-2.9664,0
tpcds_7,p_promo_sk,0,0,0,0.0114,0,0,0,0,2.9614,-2.9729,0
tpcds_7,p_promo_sk,0,0,0,0.0114,0,0,0,0,2.9810,-2.9925,0
tpcds_8,ss_sold_date_sk,0,0,0,0.7594,0,0,0,0,0.4002,-1.1596,0
tpcds_8,ss_sold_date_sk,0,0,0,0.7594,0,0,0,0,1.6416,-2.4010,0
tpcds_8,ss_sold_date_sk,0,0,0,0.7594,0,0,0,0,1.7136,-2.4730,0
tpcds_8,ss_sold_date_sk,0,0,0,0.7594,0,0,0,0,2.5516,-3.3110,0
tpcds_8,ss_sold_date_sk,0,0,0,0.7594,0,0,0,0,2.4368,-3.1962,0
tpcds_8,ss_sold_date_sk,0,0,0,0.7594,0,0,0,0,2.4836,-3.2430,0
tpcds_8,ss_sold_date_sk,0,0,0,0.7594,0,0,0,0,2.5637,-3.3231,0
tpcds_8,ss_sold_date_sk,0,0,0,0.7594,0,0,0,0,2.8823,-3.6417,0
tpcds_8,ss_sold_date_sk,0,0,0,0.7594,0,0,0,0,2.8784,-3.6378,0
tpcds_8,ss_sold_date_sk,0,0,0,0.7594,0,0,0,0,2.6465,-3.4059,0
tpcds_8,ss_sold_date_sk,0,0,0,0.7594,0,0,0,0,2.9331,-3.6925,0
tpcds_8,ss_sold_date_sk,0,0,0,0.7594,0,0,0,0,4.6765,-5.4359,0
tpcds_8,ss_sold_date_sk,0,0,0,0.7594,0,0,0,0,5.2850,-6.0444,0
tpcds_8,ca_address_sk,0,0,0,0.3477,1,8192,0,8192,10.0012,-2.1569,0
tpcds_8,ca_address_sk,0,0,0,0.3477,0,0,0,0,10.1280,-10.4757,0
tpcds_8,ca_address_sk,0,0,0,0.3477,0,0,0,0,10.1154,-10.4631,0
tpcds_8,ca_address_sk,0,0,0,0.3477,1,8192,0,8192,10.1026,-2.2583,0
tpcds_8,ca_address_sk,0,0,0,0.3477,0,0,0,0,10.0954,-10.4431,0
tpcds_8,ca_address_sk,0,0,0,0.3477,1,8192,0,8192,10.1454,-2.3011,0
tpcds_8,ca_address_sk,0,0,0,0.3477,0,0,0,0,10.1236,-10.4713,0
tpcds_8,ca_address_sk,0,0,0,0.3477,0,0,0,0,10.1551,-10.5028,0
tpcds_8,ca_address_sk,0,0,0,0.3477,0,0,0,0,10.1698,-10.5175,0
tpcds_8,ca_address_sk,0,0,0,0.3477,1,8192,0,8192,10.2280,-2.3837,0
tpcds_8,ca_address_sk,0,0,0,0.3477,0,0,0,0,10.2593,-10.6070,0
tpcds_8,ca_address_sk,0,0,0,0.3477,0,0,0,0,10.2710,-10.6187,0
tpcds_8,ca_address_sk,0,0,0,0.3477,0,0,0,0,10.3392,-10.6869,0
tpcds_8,ca_address_sk,0,0,0,0.3477,1,8192,0,8192,10.2988,-2.4546,0
tpcds_8,ca_address_sk,0,0,0,0.3477,1,848,0,848,10.3120,-9.8117,0
tpcds_8,ca_address_sk,0,0,0,0.3477,1,8192,0,8192,10.3372,-2.4929,0
tpcds_8,ss_sold_date_sk,0,0,0,0.7594,96,783252,747757,35495,52.2418,-17.5062,0
tpcds_8,ss_sold_date_sk,0,0,0,0.7594,128,1048576,1001426,47150,66.3411,-19.9505,0
tpcds_8,ss_sold_date_sk,0,0,0,0.7594,128,1048576,1001584,46992,66.4799,-20.2473,0
tpcds_8,s_store_sk,0,0,0,65.3939,1,12,0,12,4.9134,-70.2953,0
tpcds_8,ca_zip,0,0,0,70.3881,0,0,0,0,7.1148,-77.5029,0
tpcds_8,ca_zip,0,0,0,70.3881,0,0,0,0,7.1187,-77.5068,0
tpcds_8,ca_zip,0,0,0,70.3881,0,0,0,0,7.1412,-77.5293,0
tpcds_8,ca_zip,0,0,0,70.3881,0,0,0,0,7.1713,-77.5594,0
tpcds_8,ca_zip,0,0,0,70.3881,0,0,0,0,7.1916,-77.5796,0
tpcds_8,ca_zip,0,0,0,70.3881,0,0,0,0,7.1868,-77.5749,0
tpcds_8,ca_zip,0,0,0,70.3881,0,0,0,0,7.1787,-77.5667,0
tpcds_8,ca_zip,0,0,0,70.3881,0,0,0,0,7.1880,-77.5760,0
tpcds_8,ca_zip,0,0,0,70.3881,0,0,0,0,7.2136,-77.6016,0
tpcds_8,ca_zip,0,0,0,70.3881,0,0,0,0,7.2117,-77.5998,0
tpcds_8,ca_zip,0,0,0,70.3881,0,0,0,0,7.2297,-77.6178,0
tpcds_8,ca_zip,0,0,0,70.3881,0,0,0,0,7.2452,-77.6332,0
tpcds_8,ca_zip,0,0,0,70.3881,0,0,0,0,7.2395,-77.6275,0
tpcds_8,ca_zip,0,0,0,70.3881,0,0,0,0,7.2276,-77.6157,0
tpcds_8,ca_zip,0,0,0,70.3881,0,0,0,0,7.2433,-77.6314,0
tpcds_8,ca_zip,0,0,0,70.3881,0,0,0,0,7.2420,-77.6300,0
tpcds_10,c_current_addr_sk,0,0,0,6.5381,1,8192,7898,294,6.6151,-12.8592,0
tpcds_10,c_current_addr_sk,0,0,0,6.5381,1,8192,7909,283,6.6140,-12.8691,0
tpcds_10,c_current_addr_sk,0,0,0,6.5381,1,8192,7900,292,6.6599,-12.9060,0
tpcds_10,c_current_addr_sk,0,0,0,6.5381,0,0,0,0,6.7232,-13.2613,0
tpcds_10,c_current_addr_sk,0,0,0,6.5381,1,8192,7901,291,6.6952,-12.9423,0
tpcds_10,c_current_addr_sk,0,0,0,6.5381,1,8192,7920,272,6.7098,-12.9759,0
tpcds_10,c_current_addr_sk,0,0,0,6.5381,1,8192,7914,278,6.7218,-12.9819,0
tpcds_10,c_current_addr_sk,0,0,0,6.5381,1,8192,7934,258,6.7283,-13.0084,0
tpcds_10,c_current_addr_sk,0,0,0,6.5381,1,8192,7930,262,6.7373,-13.0133,0
tpcds_10,c_current_addr_sk,0,0,0,6.5381,0,0,0,0,6.7558,-13.2939,0
tpcds_10,c_current_addr_sk,0,0,0,6.5381,1,8192,7917,275,6.7400,-13.0031,0
tpcds_10,c_current_addr_sk,0,0,0,6.5381,1,1696,1636,60,6.7405,-13.2186,0
tpcds_10,c_current_addr_sk,0,0,0,6.5381,1,8192,7894,298,6.7523,-12.9924,0
tpcds_10,c_current_addr_sk,0,0,0,6.5381,0,0,0,0,6.7764,-13.3145,0
tpcds_10,c_current_addr_sk,0,0,0,6.5381,1,8192,7904,288,6.8116,-13.0617,0
tpcds_10,c_current_addr_sk,0,0,0,6.5381,1,8192,7900,292,6.8641,-13.1101,0
tpcds_10,cd_demo_sk,0,0,0,13.5557,15,122880,0,122880,37.0926,72.2318,1
tpcds_10,cd_demo_sk,0,0,0,13.5557,15,122880,0,122880,37.0758,72.2485,1
tpcds_10,cd_demo_sk,0,0,0,13.5557,15,122880,0,122880,37.0671,72.2572,1
tpcds_10,cd_demo_sk,0,0,0,13.5557,14,114688,0,114688,37.1380,63.9943,1
tpcds_10,cd_demo_sk,0,0,0,13.5557,15,122880,0,122880,37.1259,72.1984,1
tpcds_10,cd_demo_sk,0,0,0,13.5557,14,114688,0,114688,37.1536,63.9787,1
tpcds_10,cd_demo_sk,0,0,0,13.5557,14,114688,0,114688,37.1411,63.9912,1
tpcds_10,cd_demo_sk,0,0,0,13.5557,15,122880,0,122880,37.1482,72.1761,1
tpcds_10,cd_demo_sk,0,0,0,13.5557,14,114688,0,114688,37.1607,63.9716,1
tpcds_10,cd_demo_sk,0,0,0,13.5557,15,122880,0,122880,37.1535,72.1708,1
tpcds_10,cd_demo_sk,0,0,0,13.5557,15,122880,0,122880,37.1618,72.1625,1
tpcds_10,cd_demo_sk,0,0,0,13.5557,14,114688,0,114688,37.2036,63.9287,1
tpcds_10,cd_demo_sk,0,0,0,13.5557,15,122880,0,122880,37.1851,72.1392,1
tpcds_10,cd_demo_sk,0,0,0,13.5557,15,122880,0,122880,37.1838,72.1405,1
tpcds_10,cd_demo_sk,0,0,0,13.5557,15,122880,0,122880,37.1851,72.1392,1
tpcds_10,cd_demo_sk,0,0,0,13.5557,15,118560,0,118560,37.2307,67.7736,1
tpcds_10,ss_sold_date_sk,0,0,0,0.0161,0,0,0,0,0.1349,-0.1510,0
tpcds_10,ss_sold_date_sk,0,0,0,0.0161,0,0,0,0,0.0839,-0.1000,0
tpcds_10,ss_sold_date_sk,0,0,0,0.0161,0,0,0,0,0.0694,-0.0854,0
tpcds_10,ss_sold_date_sk,0,0,0,0.0161,0,0,0,0,0.1200,-0.1361,0
tpcds_10,ss_sold_date_sk,0,0,0,0.0161,0,0,0,0,0.0712,-0.0873,0
tpcds_10,ss_sold_date_sk,0,0,0,0.0161,0,0,0,0,0.0405,-0.0566,0
tpcds_10,ss_sold_date_sk,0,0,0,0.0161,0,0,0,0,0.0415,-0.0575,0
tpcds_10,ss_sold_date_sk,0,0,0,0.0161,0,0,0,0,0.0378,-0.0539,0
tpcds_10,ss_sold_date_sk,0,0,0,0.0161,0,0,0,0,0.0381,-0.0542,0
tpcds_10,ss_sold_date_sk,0,0,0,0.0161,0,0,0,0,0.0710,-0.0871,0
tpcds_10,ss_sold_date_sk,0,0,0,0.0161,0,0,0,0,0.0354,-0.0515,0
tpcds_10,ss_sold_date_sk,0,0,0,0.0161,0,0,0,0,0.0301,-0.0461,0
tpcds_10,ss_sold_date_sk,0,0,0,0.0161,0,0,0,0,0.2995,-0.3156,0
tpcds_10,ss_sold_date_sk,0,0,0,0.0161,96,783252,747757,35495,46.2020,-10.7230,0
tpcds_10,ss_sold_date_sk,0,0,0,0.0161,128,1048576,1001426,47150,59.2680,-12.1341,0
tpcds_10,ss_sold_date_sk,0,0,0,0.0161,128,1048576,1001584,46992,63.3507,-16.3747,0
tpcds_10,ws_sold_date_sk,0,0,0,0.0087,0,0,0,0,0.1158,-0.1245,0
tpcds_10,ws_sold_date_sk,0,0,0,0.0087,0,0,0,0,0.1024,-0.1111,0
tpcds_10,ws_sold_date_sk,0,0,0,0.0087,0,0,0,0,0.0674,-0.0760,0
tpcds_10,ws_sold_date_sk,0,0,0,0.0087,0,0,0,0,0.0687,-0.0774,0
tpcds_10,ws_sold_date_sk,0,0,0,0.0087,0,0,0,0,0.0536,-0.0623,0
tpcds_10,ws_sold_date_sk,0,0,0,0.0087,0,0,0,0,0.0386,-0.0473,0
tpcds_10,ws_sold_date_sk,0,0,0,0.0087,0,0,0,0,0.0366,-0.0453,0
tpcds_10,ws_sold_date_sk,0,0,0,0.0087,0,0,0,0,0.0384,-0.0470,0
tpcds_10,ws_sold_date_sk,0,0,0,0.0087,0,0,0,0,0.0561,-0.0648,0
tpcds_10,ws_sold_date_sk,0,0,0,0.0087,0,0,0,0,0.0657,-0.0744,0
tpcds_10,ws_sold_date_sk,0,0,0,0.0087,0,0,0,0,0.0342,-0.0429,0
tpcds_10,ws_sold_date_sk,0,0,0,0.0087,0,0,0,0,0.1063,-0.1150,0
tpcds_10,ws_sold_date_sk,0,0,0,0.0087,0,0,0,0,0.0333,-0.0420,0
tpcds_10,ws_sold_date_sk,0,0,0,0.0087,0,0,0,0,0.0393,-0.0480,0
tpcds_10,ws_sold_date_sk,0,0,0,0.0087,0,0,0,0,0.2117,-0.2204,0
tpcds_10,ws_sold_date_sk,0,0,0,0.0087,88,719384,719197,187,27.2292,-27.0509,0
tpcds_10,cs_sold_date_sk,0,0,0,0.0080,0,0,0,0,0.0940,-0.1020,0
tpcds_10,cs_sold_date_sk,0,0,0,0.0080,0,0,0,0,0.0782,-0.0862,0
tpcds_10,cs_sold_date_sk,0,0,0,0.0080,0,0,0,0,0.0667,-0.0747,0
tpcds_10,cs_sold_date_sk,0,0,0,0.0080,0,0,0,0,0.0581,-0.0661,0
tpcds_10,cs_sold_date_sk,0,0,0,0.0080,0,0,0,0,0.0620,-0.0700,0
tpcds_10,cs_sold_date_sk,0,0,0,0.0080,0,0,0,0,0.0531,-0.0611,0
tpcds_10,cs_sold_date_sk,0,0,0,0.0080,0,0,0,0,0.0573,-0.0653,0
tpcds_10,cs_sold_date_sk,0,0,0,0.0080,0,0,0,0,0.0473,-0.0552,0
tpcds_10,cs_sold_date_sk,0,0,0,0.0080,0,0,0,0,0.3684,-0.3764,0
tpcds_10,cs_sold_date_sk,0,0,0,0.0080,0,0,0,0,0.0444,-0.0524,0
tpcds_10,cs_sold_date_sk,0,0,0,0.0080,0,0,0,0,0.2625,-0.2705,0
tpcds_10,cs_sold_date_sk,0,0,0,0.0080,0,0,0,0,0.0404,-0.0484,0
tpcds_10,cs_sold_date_sk,0,0,0,0.0080,0,0,0,0,0.0485,-0.0565,0
tpcds_10,cs_sold_date_sk,0,0,0,0.0080,0,0,0,0,0.0659,-0.0739,0
tpcds_10,cs_sold_date_sk,0,0,0,0.0080,48,392972,391054,1918,19.0684,-17.1584,0
tpcds_10,cs_sold_date_sk,0,0,0,0.0080,128,1048576,1043441,5135,43.0184,-37.8914,0
tpcds_11,ss_customer_sk,0,0,0,68.0131,0,0,0,0,0.1051,-68.1182,0
tpcds_11,ss_customer_sk,0,0,0,68.0131,0,0,0,0,0.0860,-68.0990,0
tpcds_11,ss_customer_sk,0,0,0,68.0131,0,0,0,0,0.0710,-68.0841,0
tpcds_11,ss_customer_sk,0,0,0,68.0131,0,0,0,0,0.1489,-68.1620,0
tpcds_11,ss_customer_sk,0,0,0,68.0131,0,0,0,0,0.0992,-68.1123,0
tpcds_11,ss_customer_sk,0,0,0,68.0131,0,0,0,0,0.0847,-68.0977,0
tpcds_11,ss_customer_sk,0,0,0,68.0131,0,0,0,0,0.3594,-68.3725,0
tpcds_11,ss_customer_sk,0,0,0,68.0131,0,0,0,0,0.0775,-68.0906,0
tpcds_11,ss_customer_sk,0,0,0,68.0131,0,0,0,0,0.0760,-68.0891,0
tpcds_11,ss_customer_sk,0,0,0,68.0131,0,0,0,0,0.4554,-68.4684,0
tpcds_11,ss_customer_sk,0,0,0,68.0131,0,0,0,0,0.0664,-68.0794,0
tpcds_11,ss_customer_sk,0,0,0,68.0131,0,0,0,0,0.1463,-68.1593,0
tpcds_11,ss_customer_sk,0,0,0,68.0131,0,0,0,0,2.2984,-70.3114,0
tpcds_11,ws_bill_customer_sk,0,0,0,76.9718,0,0,0,0,0.1610,-77.1328,0
tpcds_11,ws_bill_customer_sk,0,0,0,76.9718,0,0,0,0,0.2304,-77.2022,0
tpcds_11,ws_bill_customer_sk,0,0,0,76.9718,0,0,0,0,0.0915,-77.0633,0
tpcds_11,ws_bill_customer_sk,0,0,0,76.9718,0,0,0,0,0.0985,-77.0703,0
tpcds_11,ws_bill_customer_sk,0,0,0,76.9718,0,0,0,0,0.0824,-77.0542,0
tpcds_11,ws_bill_customer_sk,0,0,0,76.9718,0,0,0,0,0.0792,-77.0510,0
tpcds_11,ws_bill_customer_sk,0,0,0,76.9718,0,0,0,0,0.0742,-77.0460,0
tpcds_11,ws_bill_customer_sk,0,0,0,76.9718,0,0,0,0,0.2419,-77.2137,0
tpcds_11,ws_bill_customer_sk,0,0,0,76.9718,0,0,0,0,0.1800,-77.1517,0
tpcds_11,ws_bill_customer_sk,0,0,0,76.9718,0,0,0,0,0.7154,-77.6872,0
tpcds_11,ws_bill_customer_sk,0,0,0,76.9718,0,0,0,0,1.3382,-78.3100,0
tpcds_11,ws_bill_customer_sk,0,0,0,76.9718,0,0,0,0,0.8573,-77.8291,0
tpcds_11,ws_bill_customer_sk,0,0,0,76.9718,0,0,0,0,0.1419,-77.1136,0
tpcds_11,ws_bill_customer_sk,0,0,0,76.9718,0,0,0,0,1.6987,-78.6705,0
tpcds_11,ws_bill_customer_sk,0,0,0,78.3537,0,0,0,0,0.2087,-78.5624,0
tpcds_11,ws_bill_customer_sk,0,0,0,78.3537,0,0,0,0,0.2686,-78.6223,0
tpcds_11,ws_bill_customer_sk,0,0,0,78.3537,0,0,0,0,0.2124,-78.5662,0
tpcds_11,ws_bill_customer_sk,0,0,0,78.3537,0,0,0,0,0.0994,-78.4531,0
tpcds_11,ws_bill_customer_sk,0,0,0,78.3537,0,0,0,0,0.1512,-78.5049,0
tpcds_11,ws_bill_customer_sk,0,0,0,78.3537,0,0,0,0,0.0839,-78.4376,0
tpcds_11,ws_bill_customer_sk,0,0,0,78.3537,0,0,0,0,0.2215,-78.5752,0
tpcds_11,ws_bill_customer_sk,0,0,0,78.3537,0,0,0,0,0.0935,-78.4472,0
tpcds_11,ws_bill_customer_sk,0,0,0,78.3537,0,0,0,0,0.1724,-78.5261,0
tpcds_11,ws_bill_customer_sk,0,0,0,78.3537,0,0,0,0,0.0782,-78.4319,0
tpcds_11,ws_bill_customer_sk,0,0,0,78.3537,0,0,0,0,0.1125,-78.4662,0
tpcds_11,ws_bill_customer_sk,0,0,0,78.3537,0,0,0,0,0.0798,-78.4335,0
tpcds_11,ws_bill_customer_sk,0,0,0,78.3537,0,0,0,0,0.2233,-78.5770,0
tpcds_11,ws_bill_customer_sk,0,0,0,78.3537,0,0,0,0,0.2266,-78.5803,0
tpcds_11,ws_bill_customer_sk,0,0,0,78.3537,0,0,0,0,0.6930,-79.0467,0
tpcds_11,ws_bill_customer_sk,0,0,0,76.9718,0,0,0,0,2.6730,-79.6448,0
tpcds_11,ss_customer_sk,0,0,0,77.2063,0,0,0,0,0.1166,-77.3228,0
tpcds_11,ss_customer_sk,0,0,0,77.2063,0,0,0,0,0.1264,-77.3327,0
tpcds_11,ss_customer_sk,0,0,0,77.2063,0,0,0,0,0.1553,-77.3615,0
tpcds_11,ss_customer_sk,0,0,0,77.2063,0,0,0,0,0.0974,-77.3037,0
tpcds_11,ss_customer_sk,0,0,0,77.2063,0,0,0,0,0.0837,-77.2900,0
tpcds_11,ss_customer_sk,0,0,0,77.2063,0,0,0,0,0.0725,-77.2788,0
tpcds_11,ss_customer_sk,0,0,0,77.2063,0,0,0,0,0.0702,-77.2764,0
tpcds_11,ss_customer_sk,0,0,0,77.2063,0,0,0,0,0.2145,-77.4208,0
tpcds_11,ss_customer_sk,0,0,0,77.2063,0,0,0,0,0.4879,-77.6941,0
tpcds_11,ss_customer_sk,0,0,0,77.2063,0,0,0,0,0.5939,-77.8002,0
tpcds_11,ss_customer_sk,0,0,0,77.2063,0,0,0,0,0.1942,-77.4005,0
tpcds_11,ss_customer_sk,0,0,0,77.2063,0,0,0,0,0.1284,-77.3347,0
tpcds_11,ss_customer_sk,0,0,0,77.2063,0,0,0,0,0.3300,-77.5363,0
tpcds_11,ws_bill_customer_sk,0,0,0,76.9718,88,719384,719219,165,177.7797,-254.5865,0
tpcds_11,d_date_sk,0,0,0,265.1962,0,0,0,0,0.2532,-265.4494,0
tpcds_11,d_date_sk,0,0,0,265.1962,0,0,0,0,0.4126,-265.6089,0
tpcds_11,d_date_sk,0,0,0,265.1962,0,0,0,0,0.4406,-265.6368,0
tpcds_11,d_date_sk,0,0,0,265.1962,0,0,0,0,0.4565,-265.6527,0
tpcds_11,d_date_sk,0,0,0,265.1962,0,0,0,0,0.4752,-265.6715,0
tpcds_11,d_date_sk,0,0,0,265.1962,0,0,0,0,0.4847,-265.6809,0
tpcds_11,d_date_sk,0,0,0,265.1962,0,0,0,0,0.4750,-265.6712,0
tpcds_11,d_date_sk,0,0,0,265.1962,0,0,0,0,0.5029,-265.6991,0
tpcds_11,d_date_sk,0,0,0,265.1962,0,0,0,0,0.5479,-265.7441,0
tpcds_11,d_date_sk,0,0,0,265.1962,0,0,0,0,0.5725,-265.7687,0
tpcds_11,d_date_sk,0,0,0,265.1962,0,0,0,0,0.5728,-265.7690,0
tpcds_11,d_date_sk,0,0,0,265.1962,0,0,0,0,0.5738,-265.7700,0
tpcds_11,d_date_sk,0,0,0,265.1962,0,0,0,0,0.5883,-265.7845,0
tpcds_11,d_date_sk,0,0,0,265.1962,0,0,0,0,0.5942,-265.7904,0
tpcds_11,d_date_sk,0,0,0,265.1962,0,0,0,0,0.5929,-265.7891,0
tpcds_11,d_date_sk,0,0,0,265.1962,0,0,0,0,0.5990,-265.7953,0
tpcds_11,ws_bill_customer_sk,0,0,0,78.3537,88,719384,719219,165,186.9598,-265.1485,0
tpcds_11,d_date_sk,0,0,0,276.8216,0,0,0,0,0.1966,-277.0182,0
tpcds_11,d_date_sk,0,0,0,276.8216,0,0,0,0,0.2226,-277.0442,0
tpcds_11,d_date_sk,0,0,0,276.8216,0,0,0,0,0.3539,-277.1755,0
tpcds_11,d_date_sk,0,0,0,276.8216,0,0,0,0,0.2826,-277.1042,0
tpcds_11,d_date_sk,0,0,0,276.8216,0,0,0,0,0.2870,-277.1086,0
tpcds_11,d_date_sk,0,0,0,276.8216,0,0,0,0,0.3373,-277.1589,0
tpcds_11,d_date_sk,0,0,0,276.8216,0,0,0,0,0.2703,-277.0919,0
tpcds_11,d_date_sk,0,0,0,276.8216,0,0,0,0,0.3603,-277.1819,0
tpcds_11,d_date_sk,0,0,0,276.8216,0,0,0,0,0.3967,-277.2183,0
tpcds_11,d_date_sk,0,0,0,276.8216,0,0,0,0,0.4203,-277.2420,0
tpcds_11,d_date_sk,0,0,0,276.8216,0,0,0,0,0.4045,-277.2261,0
tpcds_11,d_date_sk,0,0,0,276.8216,0,0,0,0,0.3625,-277.1841,0
tpcds_11,d_date_sk,0,0,0,276.8216,0,0,0,0,0.4282,-277.2498,0
tpcds_11,d_date_sk,0,0,0,276.8216,0,0,0,0,0.4542,-277.2758,0
tpcds_11,d_date_sk,0,0,0,276.8216,0,0,0,0,0.5149,-277.3365,0
tpcds_11,d_date_sk,0,0,0,276.8216,0,0,0,0,0.5058,-277.3275,0
tpcds_11,ss_customer_sk,0,0,0,68.0131,96,783252,747657,35595,203.7636,-236.1817,0
tpcds_11,ss_customer_sk,0,0,0,77.2063,96,783252,747657,35595,200.3473,-241.9585,0
tpcds_11,ss_customer_sk,0,0,0,68.0131,128,1048576,1001670,46906,243.6924,-264.7995,0
tpcds_11,ss_customer_sk,0,0,0,77.2063,128,1048576,1001670,46906,237.2069,-267.5071,0
tpcds_11,ss_customer_sk,0,0,0,68.0131,128,1048576,1001377,47199,249.7965,-270.6105,0
tpcds_11,ss_customer_sk,0,0,0,77.2063,128,1048576,1001377,47199,239.0640,-269.0713,0
tpcds_11,d_date_sk,0,0,0,328.0472,0,0,0,0,0.1716,-328.2189,0
tpcds_11,d_date_sk,0,0,0,328.0472,0,0,0,0,0.1853,-328.2325,0
tpcds_11,d_date_sk,0,0,0,328.0472,0,0,0,0,0.2017,-328.2490,0
tpcds_11,d_date_sk,0,0,0,328.0472,0,0,0,0,0.2100,-328.2573,0
tpcds_11,d_date_sk,0,0,0,328.0472,0,0,0,0,0.2108,-328.2580,0
tpcds_11,d_date_sk,0,0,0,328.0472,0,0,0,0,0.2133,-328.2606,0
tpcds_11,d_date_sk,0,0,0,328.0472,0,0,0,0,0.2367,-328.2840,0
tpcds_11,d_date_sk,0,0,0,328.0472,0,0,0,0,0.2296,-328.2769,0
tpcds_11,d_date_sk,0,0,0,328.0472,0,0,0,0,0.2219,-328.2691,0
tpcds_11,d_date_sk,0,0,0,328.0472,0,0,0,0,0.2634,-328.3107,0
tpcds_11,d_date_sk,0,0,0,328.0472,0,0,0,0,0.2551,-328.3023,0
tpcds_11,d_date_sk,0,0,0,328.0472,0,0,0,0,0.2764,-328.3237,0
tpcds_11,d_date_sk,0,0,0,328.0472,0,0,0,0,0.2937,-328.3410,0
tpcds_11,d_date_sk,0,0,0,328.0472,0,0,0,0,0.3415,-328.3887,0
tpcds_11,d_date_sk,0,0,0,328.0472,0,0,0,0,0.2992,-328.3464,0
tpcds_11,d_date_sk,0,0,0,328.0472,0,0,0,0,0.3007,-328.3480,0
tpcds_11,d_date_sk,0,0,0,0.0083,0,0,0,0,0.1223,-0.1306,0
tpcds_11,d_date_sk,0,0,0,0.0083,0,0,0,0,0.0842,-0.0925,0
tpcds_11,d_date_sk,0,0,0,0.0083,0,0,0,0,0.1123,-0.1206,0
tpcds_11,d_date_sk,0,0,0,0.0083,0,0,0,0,0.1457,-0.1540,0
tpcds_11,d_date_sk,0,0,0,0.0083,0,0,0,0,0.1405,-0.1488,0
tpcds_11,d_date_sk,0,0,0,0.0083,0,0,0,0,0.1450,-0.1533,0
tpcds_11,d_date_sk,0,0,0,0.0083,0,0,0,0,0.2161,-0.2245,0
tpcds_11,d_date_sk,0,0,0,0.0083,0,0,0,0,0.1450,-0.1533,0
tpcds_11,d_date_sk,0,0,0,0.0083,0,0,0,0,0.1672,-0.1755,0
tpcds_11,d_date_sk,0,0,0,0.0083,0,0,0,0,0.2498,-0.2581,0
tpcds_11,d_date_sk,0,0,0,0.0083,0,0,0,0,0.2093,-0.2176,0
tpcds_11,d_date_sk,0,0,0,0.0083,0,0,0,0,0.1928,-0.2011,0
tpcds_11,d_date_sk,0,0,0,0.0083,0,0,0,0,0.1993,-0.2076,0
tpcds_11,d_date_sk,0,0,0,0.0083,0,0,0,0,0.2137,-0.2220,0
tpcds_11,d_date_sk,0,0,0,0.0083,0,0,0,0,0.2269,-0.2352,0
tpcds_11,d_date_sk,0,0,0,0.0083,0,0,0,0,0.2298,-0.2382,0
tpcds_11,customer_id,0,0,0,52.9107,0,0,0,0,0.3884,-53.2991,0
tpcds_11,customer_id,0,0,0,52.9107,0,0,0,0,0.3764,-53.2870,0
tpcds_11,customer_id,0,0,0,0.0113,0,0,0,0,53.4349,-53.4462,0
tpcds_11,customer_id,0,0,0,276.4849,0,0,0,0,53.4709,-329.9558,0
tpcds_11,customer_id,0,0,0,0.0113,0,0,0,0,53.4316,-53.4429,0
tpcds_11,customer_id,0,0,0,52.9107,0,0,0,0,0.4687,-53.3794,0
tpcds_11,customer_id,0,0,0,276.4849,0,0,0,0,53.4726,-329.9575,0
tpcds_11,customer_id,0,0,0,0.0113,0,0,0,0,53.4126,-53.4240,0
tpcds_11,customer_id,0,0,0,276.4849,0,0,0,0,53.4805,-329.9654,0
tpcds_11,customer_id,0,0,0,52.9107,0,0,0,0,0.4531,-53.3638,0
tpcds_11,customer_id,0,0,0,52.9107,0,0,0,0,0.4361,-53.3468,0
tpcds_11,customer_id,0,0,0,52.9107,0,0,0,0,0.4225,-53.3332,0
tpcds_11,customer_id,0,0,0,0.0113,0,0,0,0,53.4933,-53.5046,0
tpcds_11,customer_id,0,0,0,276.4849,0,0,0,0,53.5020,-329.9869,0
tpcds_11,customer_id,0,0,0,0.0113,0,0,0,0,53.5002,-53.5115,0
tpcds_11,customer_id,0,0,0,276.4849,0,0,0,0,53.5151,-330.0000,0
tpcds_11,customer_id,0,0,0,0.0113,0,0,0,0,53.4944,-53.5057,0
tpcds_11,customer_id,0,0,0,52.9107,0,0,0,0,0.5073,-53.4180,0
tpcds_11,customer_id,0,0,0,0.0113,0,0,0,0,53.5052,-53.5165,0
tpcds_11,customer_id,0,0,0,276.4849,0,0,0,0,53.5349,-330.0198,0
tpcds_11,customer_id,0,0,0,276.4849,0,0,0,0,53.5365,-330.0214,0
tpcds_11,customer_id,0,0,0,52.9107,0,0,0,0,0.4767,-53.3874,0
tpcds_11,customer_id,0,0,0,52.9107,0,0,0,0,0.4628,-53.3735,0
tpcds_11,customer_id,0,0,0,52.9107,0,0,0,0,0.4747,-53.3854,0
tpcds_11,customer_id,0,0,0,0.0113,0,0,0,0,53.5473,-53.5586,0
tpcds_11,customer_id,0,0,0,0.0113,0,0,0,0,53.5398,-53.5511,0
tpcds_11,customer_id,0,0,0,276.4849,0,0,0,0,53.5621,-330.0470,0
tpcds_11,customer_id,0,0,0,276.4849,0,0,0,0,53.5775,-330.0624,0
tpcds_11,customer_id,0,0,0,0.0113,0,0,0,0,53.5583,-53.5696,0
tpcds_11,customer_id,0,0,0,52.9107,0,0,0,0,0.4945,-53.4052,0
tpcds_11,customer_id,0,0,0,52.9107,0,0,0,0,0.5553,-53.4660,0
tpcds_11,customer_id,0,0,0,0.0113,0,0,0,0,53.5540,-53.5653,0
tpcds_11,customer_id,0,0,0,276.4849,0,0,0,0,53.5892,-330.0741,0
tpcds_11,customer_id,0,0,0,0.0113,0,0,0,0,53.5634,-53.5748,0
tpcds_11,customer_id,0,0,0,276.4849,0,0,0,0,53.6064,-330.0913,0
tpcds_11,customer_id,0,0,0,276.4849,0,0,0,0,53.6472,-330.1321,0
tpcds_11,customer_id,0,0,0,52.9107,0,0,0,0,0.5241,-53.4348,0
tpcds_11,customer_id,0,0,0,52.9107,0,0,0,0,0.5211,-53.4318,0
tpcds_11,customer_id,0,0,0,52.9107,0,0,0,0,0.6316,-53.5423,0
tpcds_11,customer_id,0,0,0,0.0113,0,0,0,0,53.5810,-53.5923,0
tpcds_11,customer_id,0,0,0,0.0113,0,0,0,0,53.5833,-53.5946,0
tpcds_11,customer_id,0,0,0,276.4849,0,0,0,0,53.6343,-330.1192,0
tpcds_11,customer_id,0,0,0,52.9107,0,0,0,0,0.5423,-53.4530,0
tpcds_11,customer_id,0,0,0,276.4849,0,0,0,0,53.6270,-330.1119,0
tpcds_11,customer_id,0,0,0,0.0113,0,0,0,0,53.6068,-53.6181,0
tpcds_11,customer_id,0,0,0,0.0113,0,0,0,0,53.6248,-53.6361,0
tpcds_11,customer_id,0,0,0,276.4849,0,0,0,0,53.6464,-330.1313,0
tpcds_11,customer_id,0,0,0,276.4849,0,0,0,0,53.6546,-330.1395,0
tpcds_13,ss_store_sk,0,0,0,0.2031,0,0,0,0,230.7953,-230.9984,0
tpcds_13,ss_store_sk,0,0,0,0.2031,0,0,0,0,233.2821,-233.4852,0
tpcds_14,ws_sold_date_sk,0,0,0,0.3790,0,0,0,0,0.5501,-0.9291,0
tpcds_14,ws_sold_date_sk,0,0,0,0.3790,0,0,0,0,0.0639,-0.4429,0
tpcds_14,ws_sold_date_sk,0,0,0,0.3790,0,0,0,0,0.0344,-0.4134,0
tpcds_14,ws_sold_date_sk,0,0,0,0.3790,0,0,0,0,0.0319,-0.4109,0
tpcds_14,ws_sold_date_sk,0,0,0,0.3790,0,0,0,0,0.0304,-0.4094,0
tpcds_14,cs_sold_date_sk,0,0,0,0.1338,0,0,0,0,0.1236,-0.2574,0
tpcds_14,cs_sold_date_sk,0,0,0,0.1338,0,0,0,0,0.0745,-0.2083,0
tpcds_14,cs_sold_date_sk,0,0,0,0.5497,0,0,0,0,1.4012,-1.9508,0
tpcds_14,cs_sold_date_sk,0,0,0,0.1338,0,0,0,0,0.0703,-0.2041,0
tpcds_14,ss_sold_date_sk,0,0,0,0.3142,0,0,0,0,0.0738,-0.3879,0
tpcds_14,cs_sold_date_sk,0,0,0,0.5497,0,0,0,0,0.0579,-0.6076,0
tpcds_14,cs_sold_date_sk,0,0,0,0.5497,0,0,0,0,0.0335,-0.5832,0
tpcds_14,ss_sold_date_sk,0,0,0,0.3142,0,0,0,0,0.0314,-0.3455,0
tpcds_14,cs_sold_date_sk,0,0,0,0.1338,0,0,0,0,0.0869,-0.2207,0
tpcds_14,cs_sold_date_sk,0,0,0,0.5497,0,0,0,0,0.0336,-0.5833,0
tpcds_14,ss_sold_date_sk,0,0,0,0.3142,0,0,0,0,0.0265,-0.3407,0
tpcds_14,ss_sold_date_sk,0,0,0,0.3142,0,0,0,0,0.0261,-0.3403,0
tpcds_14,cs_sold_date_sk,0,0,0,0.1338,0,0,0,0,0.0570,-0.1908,0
tpcds_14,ss_sold_date_sk,0,0,0,0.3142,0,0,0,0,0.0221,-0.3363,0
tpcds_14,cs_sold_date_sk,0,0,0,0.1338,0,0,0,0,0.0603,-0.1941,0
tpcds_14,cs_sold_date_sk,0,0,0,0.5497,0,0,0,0,0.0608,-0.6105,0
tpcds_14,ss_sold_date_sk,0,0,0,0.3142,0,0,0,0,0.0613,-0.3755,0
tpcds_14,cs_sold_date_sk,0,0,0,0.5497,0,0,0,0,0.0390,-0.5886,0
tpcds_14,cs_sold_date_sk,0,0,0,0.1338,0,0,0,0,0.0673,-0.2011,0
tpcds_14,cs_sold_date_sk,0,0,0,0.5497,0,0,0,0,0.0336,-0.5833,0
tpcds_14,cs_sold_date_sk,0,0,0,0.5497,0,0,0,0,0.0296,-0.5793,0
tpcds_14,ss_sold_date_sk,0,0,0,0.3142,0,0,0,0,0.0386,-0.3527,0
tpcds_14,cs_sold_date_sk,0,0,0,0.1338,0,0,0,0,0.0593,-0.1931,0
tpcds_14,cs_sold_date_sk,0,0,0,0.5497,0,0,0,0,0.0301,-0.5798,0
tpcds_14,ss_sold_date_sk,0,0,0,0.3142,0,0,0,0,0.0294,-0.3435,0
tpcds_14,cs_sold_date_sk,0,0,0,0.5497,0,0,0,0,0.0293,-0.5790,0
tpcds_14,ss_sold_date_sk,0,0,0,0.3142,0,0,0,0,0.0266,-0.3408,0
tpcds_14,cs_sold_date_sk,0,0,0,0.5497,0,0,0,0,0.0314,-0.5811,0
tpcds_14,ss_sold_date_sk,0,0,0,0.3142,0,0,0,0,0.0279,-0.3421,0
tpcds_14,cs_sold_date_sk,0,0,0,0.5497,0,0,0,0,0.0332,-0.5829,0
tpcds_14,cs_sold_date_sk,0,0,0,0.5497,0,0,0,0,0.0506,-0.6003,0
tpcds_14,cs_sold_date_sk,0,0,0,0.5497,0,0,0,0,0.0393,-0.5890,0
tpcds_14,ws_sold_date_sk,0,0,0,0.3790,0,0,0,0,0.0831,-0.4620,0
tpcds_14,ws_sold_date_sk,0,0,0,0.3790,0,0,0,0,0.0637,-0.4427,0
tpcds_14,ws_sold_date_sk,0,0,0,0.3790,0,0,0,0,0.0401,-0.4191,0
tpcds_14,ws_sold_date_sk,0,0,0,0.3790,0,0,0,0,0.0364,-0.4154,0
tpcds_14,ws_sold_date_sk,0,0,0,0.3790,0,0,0,0,0.0342,-0.4132,0
tpcds_14,ws_sold_date_sk,0,0,0,0.3790,0,0,0,0,0.0378,-0.4168,0
tpcds_14,ws_sold_date_sk,0,0,0,0.1885,0,0,0,0,0.0615,-0.2499,0
tpcds_14,ws_sold_date_sk,0,0,0,0.3790,0,0,0,0,0.0311,-0.4101,0
tpcds_14,cs_sold_date_sk,0,0,0,0.5805,0,0,0,0,0.0469,-0.6274,0
tpcds_14,ws_sold_date_sk,0,0,0,0.1885,0,0,0,0,0.0351,-0.2236,0
tpcds_14,ws_sold_date_sk,0,0,0,0.3790,0,0,0,0,0.0308,-0.4098,0
tpcds_14,ws_sold_date_sk,0,0,0,0.1885,0,0,0,0,0.0305,-0.2190,0
tpcds_14,cs_sold_date_sk,0,0,0,0.5805,0,0,0,0,0.0381,-0.6186,0
tpcds_14,ss_sold_date_sk,0,0,0,0.0520,0,0,0,0,0.0922,-0.1442,0
tpcds_14,ws_sold_date_sk,0,0,0,0.1885,0,0,0,0,0.0333,-0.2218,0
tpcds_14,cs_sold_date_sk,0,0,0,0.5805,0,0,0,0,0.0320,-0.6125,0
tpcds_14,ws_sold_date_sk,0,0,0,0.3790,0,0,0,0,0.1164,-0.4954,0
tpcds_14,ss_sold_date_sk,0,0,0,0.6518,0,0,0,0,0.0805,-0.7323,0
tpcds_14,ws_sold_date_sk,0,0,0,0.1885,0,0,0,0,0.0312,-0.2197,0
tpcds_14,cs_sold_date_sk,0,0,0,0.5805,0,0,0,0,0.0322,-0.6126,0
tpcds_14,ws_sold_date_sk,0,0,0,0.1885,0,0,0,0,0.0307,-0.2192,0
tpcds_14,ss_sold_date_sk,0,0,0,0.0520,0,0,0,0,0.0729,-0.1249,0
tpcds_14,cs_sold_date_sk,0,0,0,0.5805,0,0,0,0,0.0311,-0.6115,0
tpcds_14,ws_sold_date_sk,0,0,0,0.3790,0,0,0,0,0.0712,-0.4502,0
tpcds_14,ss_sold_date_sk,0,0,0,0.6518,0,0,0,0,0.0660,-0.7178,0
tpcds_14,ws_sold_date_sk,0,0,0,0.1885,0,0,0,0,0.0340,-0.2224,0
tpcds_14,cs_sold_date_sk,0,0,0,0.5805,0,0,0,0,0.0324,-0.6129,0
tpcds_14,ws_sold_date_sk,0,0,0,0.1885,0,0,0,0,0.0377,-0.2262,0
tpcds_14,ss_sold_date_sk,0,0,0,0.0520,0,0,0,0,0.0606,-0.1126,0
tpcds_14,ws_sold_date_sk,0,0,0,0.1885,0,0,0,0,0.0575,-0.2460,0
tpcds_14,ss_sold_date_sk,0,0,0,0.0520,0,0,0,0,0.0601,-0.1121,0
tpcds_14,ss_sold_date_sk,0,0,0,0.6518,0,0,0,0,0.1150,-0.7668,0
tpcds_14,cs_sold_date_sk,0,0,0,0.5805,0,0,0,0,0.0534,-0.6339,0
tpcds_14,ws_sold_date_sk,0,0,0,0.1885,0,0,0,0,0.0491,-0.2375,0
tpcds_14,ss_sold_date_sk,0,0,0,0.0520,0,0,0,0,0.0630,-0.1149,0
tpcds_14,ws_sold_date_sk,0,0,0,0.1885,0,0,0,0,0.0608,-0.2493,0
tpcds_14,cs_sold_date_sk,0,0,0,0.5805,0,0,0,0,0.0901,-0.6706,0
tpcds_14,cs_sold_date_sk,0,0,0,0.5805,0,0,0,0,0.0494,-0.6299,0
tpcds_14,ss_sold_date_sk,0,0,0,0.0520,0,0,0,0,0.0573,-0.1092,0
tpcds_14,ss_sold_date_sk,0,0,0,0.0520,0,0,0,0,0.0448,-0.0968,0
tpcds_14,cs_sold_date_sk,0,0,0,0.5805,0,0,0,0,0.0379,-0.6183,0
tpcds_14,cs_sold_date_sk,0,0,0,0.5805,0,0,0,0,0.0728,-0.6532,0
tpcds_14,ss_sold_date_sk,0,0,0,0.0520,0,0,0,0,0.0320,-0.0839,0
tpcds_14,cs_sold_date_sk,0,0,0,0.5805,0,0,0,0,0.0320,-0.6125,0
tpcds_14,cs_sold_date_sk,0,0,0,0.5805,0,0,0,0,0.1307,-0.7112,0
tpcds_14,ss_sold_date_sk,0,0,0,0.0520,0,0,0,0,0.0305,-0.0825,0
tpcds_14,ss_sold_date_sk,0,0,0,0.0520,0,0,0,0,0.0321,-0.0841,0
tpcds_14,cs_sold_date_sk,0,0,0,0.5805,0,0,0,0,0.0671,-0.6476,0
tpcds_14,ss_sold_date_sk,0,0,0,0.0520,0,0,0,0,0.0343,-0.0863,0
tpcds_14,ss_sold_date_sk,0,0,0,0.0520,0,0,0,0,0.0754,-0.1274,0
tpcds_14,ws_sold_date_sk,0,0,0,2.9231,0,0,0,0,0.0794,-3.0025,0
tpcds_14,ss_sold_date_sk,0,0,0,0.6518,0,0,0,0,0.0978,-0.7496,0
tpcds_14,ws_sold_date_sk,0,0,0,2.9231,0,0,0,0,0.0625,-2.9855,0
tpcds_14,ws_sold_date_sk,0,0,0,2.9231,0,0,0,0,0.0422,-2.9652,0
tpcds_14,ws_sold_date_sk,0,0,0,2.9231,0,0,0,0,0.0662,-2.9893,0
tpcds_14,ws_sold_date_sk,0,0,0,2.9231,0,0,0,0,0.0902,-3.0132,0
tpcds_14,ss_sold_date_sk,0,0,0,0.6518,0,0,0,0,0.0712,-0.7230,0
tpcds_14,ws_sold_date_sk,0,0,0,2.9231,0,0,0,0,0.0362,-2.9592,0
tpcds_14,ws_sold_date_sk,0,0,0,2.9231,0,0,0,0,0.0723,-2.9953,0
tpcds_14,ws_sold_date_sk,0,0,0,2.9231,0,0,0,0,0.0418,-2.9648,0
tpcds_14,ss_sold_date_sk,0,0,0,0.6518,0,0,0,0,0.0731,-0.7249,0
tpcds_14,ws_sold_date_sk,0,0,0,2.9231,0,0,0,0,0.0387,-2.9618,0
tpcds_14,ws_sold_date_sk,0,0,0,2.9231,0,0,0,0,0.0425,-2.9656,0
tpcds_14,ws_sold_date_sk,0,0,0,2.9231,0,0,0,0,0.3100,-3.2330,0
tpcds_14,ss_sold_date_sk,0,0,0,0.6518,0,0,0,0,0.0782,-0.7300,0
tpcds_14,ws_sold_date_sk,0,0,0,2.9231,0,0,0,0,0.0433,-2.9664,0
tpcds_14,ws_sold_date_sk,0,0,0,2.9231,0,0,0,0,0.1522,-3.0752,0
tpcds_14,ss_sold_date_sk,0,0,0,0.6518,0,0,0,0,0.1214,-0.7732,0
tpcds_14,ws_sold_date_sk,0,0,0,2.9231,0,0,0,0,0.2139,-3.1369,0
tpcds_14,ss_sold_date_sk,0,0,0,0.6518,0,0,0,0,0.1853,-0.8371,0
tpcds_14,ws_sold_date_sk,0,0,0,2.9231,0,0,0,0,0.9772,-3.9003,0
tpcds_14,ws_item_sk,0,0,0,0.1366,0,0,0,0,0.5819,-0.7186,0
tpcds_14,ss_sold_date_sk,0,0,0,0.6518,0,0,0,0,3.3291,-3.9809,0
tpcds_14,ws_item_sk,0,0,0,0.2217,0,0,0,0,0.5089,-0.7306,0
tpcds_14,ws_item_sk,0,0,0,4.0137,0,0,0,0,0.3174,-4.3310,0
tpcds_14,cs_item_sk,0,0,0,0.1107,0,0,0,0,0.3582,-0.4690,0
tpcds_14,ws_item_sk,0,0,0,0.3054,0,0,0,0,0.3710,-0.6765,0
tpcds_14,ss_item_sk,0,0,0,1.1589,0,0,0,0,0.2960,-1.4549,0
tpcds_14,cs_item_sk,0,0,0,0.4203,0,0,0,0,0.1915,-0.6118,0
tpcds_14,ss_item_sk,0,0,0,0.9076,0,0,0,0,0.2968,-1.2043,0
tpcds_14,cs_item_sk,0,0,0,0.4203,0,0,0,0,0.1778,-0.5981,0
tpcds_14,cs_item_sk,0,0,0,0.4203,0,0,0,0,0.1620,-0.5823,0
tpcds_14,cs_item_sk,0,0,0,0.4138,0,0,0,0,0.2532,-0.6670,0
tpcds_14,cs_item_sk,0,0,0,0.4203,0,0,0,0,0.2308,-0.6511,0
tpcds_14,cs_item_sk,0,0,0,0.4138,0,0,0,0,0.2364,-0.6502,0
tpcds_14,cs_item_sk,0,0,0,0.4203,0,0,0,0,0.2144,-0.6347,0
tpcds_14,cs_item_sk,0,0,0,0.4203,0,0,0,0,0.2438,-0.6641,0
tpcds_14,cs_item_sk,0,0,0,0.4203,0,0,0,0,0.3039,-0.7242,0
tpcds_14,cs_item_sk,0,0,0,0.4203,0,0,0,0,0.3060,-0.7263,0
tpcds_14,cs_item_sk,0,0,0,0.4138,0,0,0,0,1.6151,-2.0289,0
tpcds_14,ss_item_sk,0,0,0,1.9532,0,0,0,0,0.4538,-2.4070,0
tpcds_14,ss_item_sk,0,0,0,1.9532,0,0,0,0,0.3733,-2.3265,0
tpcds_14,cs_item_sk,0,0,0,0.4138,0,0,0,0,1.7730,-2.1868,0
tpcds_14,cs_item_sk,0,0,0,2.1755,0,0,0,0,0.2449,-2.4204,0
tpcds_14,ss_item_sk,0,0,0,1.9532,0,0,0,0,0.2012,-2.1544,0
tpcds_14,ss_item_sk,0,0,0,1.9532,0,0,0,0,0.5042,-2.4574,0
tpcds_14,ss_item_sk,0,0,0,1.9532,0,0,0,0,0.1774,-2.1306,0
tpcds_14,ss_item_sk,0,0,0,1.9532,0,0,0,0,0.1526,-2.1059,0
tpcds_14,cs_item_sk,0,0,0,2.1755,0,0,0,0,0.2983,-2.4738,0
tpcds_14,ss_item_sk,0,0,0,1.9532,0,0,0,0,0.1357,-2.0889,0
tpcds_14,ss_item_sk,0,0,0,1.9532,0,0,0,0,0.1350,-2.0882,0
tpcds_14,ss_item_sk,0,0,0,0.3236,0,0,0,0,0.2356,-0.5592,0
tpcds_14,ss_item_sk,0,0,0,0.3236,0,0,0,0,0.1935,-0.5171,0
tpcds_14,ss_item_sk,0,0,0,0.3236,0,0,0,0,0.2153,-0.5389,0
tpcds_14,cs_item_sk,0,0,0,2.1755,0,0,0,0,0.3762,-2.5517,0
tpcds_14,ss_item_sk,0,0,0,1.9532,0,0,0,0,0.4399,-2.3931,0
tpcds_14,cs_item_sk,0,0,0,0.4203,0,0,0,0,2.3715,-2.7918,0
tpcds_14,cs_item_sk,0,0,0,2.1755,0,0,0,0,0.2204,-2.3959,0
tpcds_14,ss_item_sk,0,0,0,1.9532,0,0,0,0,0.5993,-2.5525,0
tpcds_14,ss_item_sk,0,0,0,1.9532,0,0,0,0,0.1428,-2.0960,0
tpcds_14,cs_item_sk,0,0,0,2.1755,0,0,0,0,0.1623,-2.3378,0
tpcds_14,ss_item_sk,0,0,0,0.3236,0,0,0,0,0.1864,-0.5100,0
tpcds_14,cs_item_sk,0,0,0,2.1755,0,0,0,0,0.1933,-2.3688,0
tpcds_14,ss_item_sk,0,0,0,1.9532,0,0,0,0,1.4215,-3.3747,0
tpcds_14,ss_item_sk,0,0,0,1.9532,0,0,0,0,2.1816,-4.1349,0
tpcds_14,ss_item_sk,0,0,0,0.3236,0,0,0,0,2.1142,-2.4378,0
tpcds_14,cs_item_sk,0,0,0,0.4203,48,392972,390929,2043,81.0100,-79.3873,0
tpcds_14,cs_item_sk,0,0,0,2.1755,48,392972,390929,2043,85.8383,-85.9708,0
tpcds_14,ss_item_sk,0,0,0,1.9532,96,783252,747740,35512,101.4099,-67.8511,0
tpcds_14,ss_item_sk,0,0,0,0.3236,128,1048576,1001547,47029,124.6165,-77.9110,0
tpcds_14,ss_item_sk,0,0,0,1.9532,128,1048576,1001365,47211,125.5081,-80.2503,0
tpcds_14,ss_item_sk,0,0,0,1.9532,128,1048576,1001547,47029,129.8795,-84.8037,0
tpcds_14,d_date_sk,0,0,0,131.8471,0,0,0,0,0.1652,-132.0123,0
tpcds_14,d_date_sk,0,0,0,131.8471,0,0,0,0,0.2152,-132.0623,0
tpcds_14,d_date_sk,0,0,0,131.8471,0,0,0,0,0.3493,-132.1964,0
tpcds_14,d_date_sk,0,0,0,131.8471,0,0,0,0,0.3790,-132.2261,0
tpcds_14,d_date_sk,0,0,0,131.8471,0,0,0,0,0.2795,-132.1266,0
tpcds_14,d_date_sk,0,0,0,131.8471,0,0,0,0,0.2878,-132.1349,0
tpcds_14,d_date_sk,0,0,0,131.8471,0,0,0,0,0.3073,-132.1544,0
tpcds_14,d_date_sk,0,0,0,131.8471,0,0,0,0,0.2933,-132.1404,0
tpcds_14,d_date_sk,0,0,0,131.8471,0,0,0,0,0.4011,-132.2482,0
tpcds_14,d_date_sk,0,0,0,131.8471,0,0,0,0,0.3215,-132.1686,0
tpcds_14,d_date_sk,0,0,0,131.8471,0,0,0,0,0.5264,-132.3734,0
tpcds_14,d_date_sk,0,0,0,131.8471,0,0,0,0,0.3303,-132.1774,0
tpcds_14,d_date_sk,0,0,0,131.8471,0,0,0,0,0.3338,-132.1809,0
tpcds_14,d_date_sk,0,0,0,131.8471,0,0,0,0,0.3543,-132.2014,0
tpcds_14,d_date_sk,0,0,0,131.8471,0,0,0,0,0.3660,-132.2131,0
tpcds_14,d_date_sk,0,0,0,131.8471,0,0,0,0,0.4208,-132.2678,0
tpcds_14,ss_item_sk,0,0,0,0.3236,128,1048576,1001365,47211,131.6745,-84.7870,0
tpcds_14,cs_sold_date_sk,0,0,0,0.1338,48,392972,391054,1918,144.3990,-142.6149,0
tpcds_14,cs_sold_date_sk,0,0,0,0.5805,48,392972,391054,1918,143.1004,-141.7629,0
tpcds_14,cs_sold_date_sk,0,0,0,0.5497,48,392972,391054,1918,146.8477,-145.4794,0
tpcds_14,cs_item_sk,0,0,0,0.4138,128,1048576,1043385,5191,157.6541,-152.8770,0
tpcds_14,ws_sold_date_sk,0,0,0,2.9231,88,719384,719197,187,179.1110,-181.8471,0
tpcds_14,ws_sold_date_sk,0,0,0,0.3790,88,719384,719197,187,183.7730,-183.9650,0
tpcds_14,ss_sold_date_sk,0,0,0,0.3142,96,783252,747757,35495,201.4628,-166.2819,0
tpcds_14,ss_sold_date_sk,0,0,0,0.6518,96,783252,747757,35495,205.1826,-170.3395,0
tpcds_14,ss_sold_date_sk,0,0,0,0.0520,96,783252,747757,35495,205.1508,-169.7077,0
tpcds_14,ss_sold_date_sk,0,0,0,0.3142,128,1048576,1001426,47150,226.5975,-179.7617,0
tpcds_14,ss_sold_date_sk,0,0,0,0.6518,128,1048576,1001426,47150,225.5210,-179.0229,0
tpcds_14,cs_sold_date_sk,0,0,0,0.5805,128,1048576,1043441,5135,228.5404,-223.9859,0
tpcds_14,cs_sold_date_sk,0,0,0,0.5497,128,1048576,1043441,5135,231.8173,-227.2320,0
tpcds_14,cs_sold_date_sk,0,0,0,0.1338,128,1048576,1043441,5135,232.9123,-227.9111,0
tpcds_14,ss_sold_date_sk,0,0,0,0.0520,128,1048576,1001426,47150,231.3227,-184.2247,0
tpcds_14,i_class_id,0,0,0,2000.8941,0,0,0,0,0.6443,-2001.5384,0
tpcds_14,i_category_id,0,0,0,2000.9034,0,0,0,0,0.7568,-2001.6602,0
tpcds_14,i_class_id,0,0,0,2000.8941,1,8192,0,8192,0.8759,-1993.5780,0
tpcds_14,i_category_id,0,0,0,2000.9034,1,0,0,0,0.8921,-2001.7955,0
tpcds_14,i_class_id,0,0,0,2000.8941,1,8192,0,8192,1.0128,-1993.7149,0
tpcds_14,i_category_id,0,0,0,2000.9034,1,0,0,0,1.0325,-2001.9358,0
tpcds_14,i_class_id,0,0,0,2000.8941,1,1616,0,1616,1.1858,-2000.4639,0
tpcds_14,i_category_id,0,0,0,2000.9034,1,0,0,0,1.2132,-2002.1165,0
tpcds_14,i_class_id,0,0,0,2000.8941,0,0,0,0,1.2457,-2002.1398,0
tpcds_14,i_category_id,0,0,0,2000.9034,0,0,0,0,1.2838,-2002.1872,0
tpcds_14,i_class_id,0,0,0,2000.8941,0,0,0,0,1.4383,-2002.3324,0
tpcds_14,i_category_id,0,0,0,2000.9034,0,0,0,0,1.4495,-2002.3529,0
tpcds_14,i_class_id,0,0,0,2000.8941,0,0,0,0,1.3171,-2002.2112,0
tpcds_14,i_category_id,0,0,0,2000.9034,0,0,0,0,1.3281,-2002.2314,0
tpcds_14,i_class_id,0,0,0,2000.8941,0,0,0,0,1.3973,-2002.2914,0
tpcds_14,i_category_id,0,0,0,2000.9034,0,0,0,0,1.4081,-2002.3115,0
tpcds_14,i_class_id,0,0,0,2000.8941,0,0,0,0,1.4866,-2002.3807,0
tpcds_14,i_category_id,0,0,0,2000.9034,0,0,0,0,1.5036,-2002.4070,0
tpcds_14,i_class_id,0,0,0,2000.8941,0,0,0,0,1.5145,-2002.4086,0
tpcds_14,i_category_id,0,0,0,2000.9034,0,0,0,0,1.5293,-2002.4326,0
tpcds_14,i_class_id,0,0,0,2000.8941,0,0,0,0,1.5718,-2002.4659,0
tpcds_14,i_category_id,0,0,0,2000.9034,0,0,0,0,1.5844,-2002.4878,0
tpcds_14,i_class_id,0,0,0,2000.8941,0,0,0,0,1.5557,-2002.4498,0
tpcds_14,i_category_id,0,0,0,2000.9034,0,0,0,0,1.5665,-2002.4699,0
tpcds_14,i_class_id,0,0,0,2000.8941,0,0,0,0,1.5815,-2002.4756,0
tpcds_14,i_category_id,0,0,0,2000.9034,0,0,0,0,1.5923,-2002.4957,0
tpcds_14,i_class_id,0,0,0,2000.8941,0,0,0,0,1.6373,-2002.5314,0
tpcds_14,i_category_id,0,0,0,2000.9034,0,0,0,0,1.6486,-2002.5519,0
tpcds_14,i_class_id,0,0,0,2000.8941,0,0,0,0,1.6853,-2002.5794,0
tpcds_14,i_category_id,0,0,0,2000.9034,0,0,0,0,1.6959,-2002.5993,0
tpcds_14,i_class_id,0,0,0,2000.8941,0,0,0,0,1.7686,-2002.6627,0
tpcds_14,i_category_id,0,0,0,2000.9034,0,0,0,0,1.7797,-2002.6831,0
tpcds_14,i_class_id,0,0,0,2000.4696,0,0,0,0,0.8741,-2001.3437,0
tpcds_14,i_category_id,0,0,0,2000.4731,0,0,0,0,0.9278,-2001.4008,0
tpcds_14,i_class_id,0,0,0,2000.6374,0,0,0,0,1.8850,-2002.5225,0
tpcds_14,i_category_id,0,0,0,2000.6426,0,0,0,0,1.9368,-2002.5794,0
tpcds_14,i_class_id,0,0,0,2000.6374,0,0,0,0,2.2577,-2002.8951,0
tpcds_14,i_category_id,0,0,0,2000.6426,0,0,0,0,2.2686,-2002.9112,0
tpcds_14,i_class_id,0,0,0,2000.6374,0,0,0,0,1.9930,-2002.6304,0
tpcds_14,i_class_id,0,0,0,2000.6374,1,8192,0,8192,1.9332,-1994.3786,0
tpcds_14,i_category_id,0,0,0,2000.6426,0,0,0,0,2.0039,-2002.6465,0
tpcds_14,i_class_id,0,0,0,2000.4696,1,8192,0,8192,1.1012,-1993.3788,0
tpcds_14,i_category_id,0,0,0,2000.4731,1,0,0,0,1.1184,-2001.5915,0
tpcds_14,i_class_id,0,0,0,2000.6374,0,0,0,0,2.0690,-2002.7065,0
tpcds_14,i_category_id,0,0,0,2000.6426,1,0,0,0,1.9822,-2002.6248,0
tpcds_14,i_category_id,0,0,0,2000.6426,0,0,0,0,2.0814,-2002.7241,0
tpcds_14,i_class_id,0,0,0,2000.6374,0,0,0,0,2.0696,-2002.7070,0
tpcds_14,i_category_id,0,0,0,2000.6426,0,0,0,0,2.0812,-2002.7239,0
tpcds_14,i_class_id,0,0,0,2000.6374,0,0,0,0,2.1110,-2002.7484,0
tpcds_14,i_category_id,0,0,0,2000.6426,0,0,0,0,2.1221,-2002.7647,0
tpcds_14,i_class_id,0,0,0,2000.4696,1,1616,0,1616,1.2381,-2000.0917,0
tpcds_14,i_category_id,0,0,0,2000.4731,1,0,0,0,1.2644,-2001.7374,0
tpcds_14,i_class_id,0,0,0,2000.6374,1,8192,0,8192,2.1790,-1994.6244,0
tpcds_14,i_category_id,0,0,0,2000.6426,1,0,0,0,2.1953,-2002.8379,0
tpcds_14,i_class_id,0,0,0,2000.6374,0,0,0,0,2.2566,-2002.8941,0
tpcds_14,i_class_id,0,0,0,2000.4696,0,0,0,0,1.2922,-2001.7617,0
tpcds_14,i_category_id,0,0,0,2000.6426,0,0,0,0,2.2720,-2002.9146,0
tpcds_14,i_category_id,0,0,0,2000.4731,0,0,0,0,1.3033,-2001.7764,0
tpcds_14,i_class_id,0,0,0,2000.6374,0,0,0,0,2.2584,-2002.8959,0
tpcds_14,i_class_id,0,0,0,2000.4696,0,0,0,0,1.4008,-2001.8704,0
tpcds_14,i_category_id,0,0,0,2000.6426,0,0,0,0,2.2704,-2002.9131,0
tpcds_14,i_category_id,0,0,0,2000.4731,0,0,0,0,1.4121,-2001.8852,0
tpcds_14,i_class_id,0,0,0,2000.4696,0,0,0,0,1.3899,-2001.8595,0
tpcds_14,i_class_id,0,0,0,2000.6374,1,1616,0,1616,2.2871,-2001.3086,0
tpcds_14,i_category_id,0,0,0,2000.4731,0,0,0,0,1.4009,-2001.8740,0
tpcds_14,i_category_id,0,0,0,2000.6426,1,0,0,0,2.3000,-2002.9426,0
tpcds_14,i_class_id,0,0,0,2000.4696,0,0,0,0,1.4091,-2001.8787,0
tpcds_14,i_class_id,0,0,0,2000.6374,0,0,0,0,2.3419,-2002.9794,0
tpcds_14,i_category_id,0,0,0,2000.4731,0,0,0,0,1.4213,-2001.8943,0
tpcds_14,i_category_id,0,0,0,2000.6426,0,0,0,0,2.3533,-2002.9959,0
tpcds_14,i_class_id,0,0,0,2000.4696,1,8192,0,8192,1.4906,-1993.7682,0
tpcds_14,i_class_id,0,0,0,2000.6374,0,0,0,0,2.4258,-2003.0632,0
tpcds_14,i_category_id,0,0,0,2000.4731,1,0,0,0,1.5148,-2001.9879,0
tpcds_14,i_class_id,0,0,0,2000.4696,0,0,0,0,1.5271,-2001.9967,0
tpcds_14,i_category_id,0,0,0,2000.6426,0,0,0,0,2.4376,-2003.0802,0
tpcds_14,i_category_id,0,0,0,2000.4731,0,0,0,0,1.5403,-2002.0133,0
tpcds_14,i_class_id,0,0,0,2000.6374,0,0,0,0,2.4845,-2003.1219,0
tpcds_14,i_category_id,0,0,0,2000.6426,0,0,0,0,2.4958,-2003.1384,0
tpcds_14,i_class_id,0,0,0,2000.4696,0,0,0,0,1.5814,-2002.0510,0
tpcds_14,i_class_id,0,0,0,2000.6374,0,0,0,0,2.4878,-2003.1252,0
tpcds_14,i_category_id,0,0,0,2000.4731,0,0,0,0,1.5928,-2002.0659,0
tpcds_14,i_category_id,0,0,0,2000.6426,0,0,0,0,2.4995,-2003.1421,0
tpcds_14,i_class_id,0,0,0,2000.4696,0,0,0,0,1.5539,-2002.0235,0
tpcds_14,i_category_id,0,0,0,2000.4731,0,0,0,0,1.5648,-2002.0379,0
tpcds_14,i_class_id,0,0,0,2000.6374,0,0,0,0,2.5246,-2003.1620,0
tpcds_14,i_category_id,0,0,0,2000.6426,0,0,0,0,2.5361,-2003.1787,0
tpcds_14,i_class_id,0,0,0,2000.4696,0,0,0,0,2.6726,-2003.1422,0
tpcds_14,i_class_id,0,0,0,2000.4696,0,0,0,0,1.6516,-2002.1212,0
tpcds_14,i_category_id,0,0,0,2000.4731,0,0,0,0,2.6856,-2003.1587,0
tpcds_14,i_category_id,0,0,0,2000.4731,0,0,0,0,1.6644,-2002.1374,0
tpcds_14,i_class_id,0,0,0,2000.4696,0,0,0,0,1.7431,-2002.2127,0
tpcds_14,i_category_id,0,0,0,2000.4731,0,0,0,0,1.7531,-2002.2262,0
tpcds_14,i_class_id,0,0,0,2000.4696,0,0,0,0,2.8821,-2003.3517,0
tpcds_14,i_category_id,0,0,0,2000.4731,0,0,0,0,2.8920,-2003.3651,0
tpcds_14,i_class_id,0,0,0,2000.4696,0,0,0,0,1.7535,-2002.2231,0
tpcds_14,i_category_id,0,0,0,2000.4731,0,0,0,0,1.7651,-2002.2381,0
tpcds_1,sr_returned_date_sk,0,0,0,0.3036,0,0,0,0,0.8298,-1.1334,0
tpcds_1,sr_returned_date_sk,0,0,0,0.3036,0,0,0,0,0.9575,-1.2611,0
tpcds_1,sr_returned_date_sk,0,0,0,0.3036,0,0,0,0,0.8373,-1.1409,0
tpcds_1,sr_returned_date_sk,0,0,0,0.3036,0,0,0,0,0.8908,-1.1944,0
tpcds_1,sr_returned_date_sk,0,0,0,0.3036,0,0,0,0,0.8413,-1.1449,0
tpcds_1,sr_returned_date_sk,0,0,0,0.3036,0,0,0,0,0.7933,-1.0969,0
tpcds_1,sr_returned_date_sk,0,0,0,0.3036,0,0,0,0,0.8815,-1.1851,0
tpcds_1,sr_returned_date_sk,0,0,0,0.3036,0,0,0,0,0.8566,-1.1602,0
tpcds_1,sr_returned_date_sk,0,0,0,0.3036,0,0,0,0,0.8747,-1.1783,0
tpcds_1,sr_returned_date_sk,0,0,0,0.3036,0,0,0,0,0.7803,-1.0839,0
tpcds_1,sr_returned_date_sk,0,0,0,0.3036,0,0,0,0,1.2567,-1.5603,0
tpcds_1,sr_returned_date_sk,0,0,0,0.3036,0,0,0,0,0.8394,-1.1430,0
tpcds_1,sr_returned_date_sk,0,0,0,0.3036,0,0,0,0,1.2819,-1.5855,0
tpcds_1,sr_returned_date_sk,0,0,0,0.3036,0,0,0,0,0.0415,-0.3450,0
tpcds_1,sr_returned_date_sk,0,0,0,0.3036,0,0,0,0,4.1100,-4.4136,0
tpcds_1,sr_returned_date_sk,0,0,0,0.3036,36,287514,277568,9946,77.8549,-68.2125,0
tpcds_1,s_store_sk,0,0,0,83.0581,0,0,0,0,0.2218,-83.2799,0
tpcds_1,s_store_sk,0,0,0,83.0581,0,0,0,0,0.3231,-83.3812,0
tpcds_1,s_store_sk,0,0,0,83.0581,0,0,0,0,0.3676,-83.4257,0
tpcds_1,s_store_sk,0,0,0,83.0581,0,0,0,0,0.3458,-83.4039,0
tpcds_1,s_store_sk,0,0,0,83.0581,0,0,0,0,0.3588,-83.4169,0
tpcds_1,s_store_sk,0,0,0,83.0581,0,0,0,0,0.3615,-83.4196,0
tpcds_1,s_store_sk,0,0,0,83.0581,0,0,0,0,0.3945,-83.4526,0
tpcds_1,s_store_sk,0,0,0,83.0581,0,0,0,0,0.3949,-83.4530,0
tpcds_1,s_store_sk,0,0,0,83.0581,0,0,0,0,0.4072,-83.4653,0
tpcds_1,s_store_sk,0,0,0,83.0581,0,0,0,0,0.3861,-83.4442,0
tpcds_1,s_store_sk,0,0,0,83.0581,0,0,0,0,0.4381,-83.4962,0
tpcds_1,s_store_sk,0,0,0,83.0581,0,0,0,0,0.4623,-83.5204,0
tpcds_1,s_store_sk,0,0,0,83.0581,0,0,0,0,0.4648,-83.5230,0
tpcds_1,s_store_sk,0,0,0,83.0581,0,0,0,0,0.4592,-83.5173,0
tpcds_1,s_store_sk,0,0,0,83.0581,0,0,0,0,0.4895,-83.5476,0
tpcds_1,s_store_sk,0,0,0,83.0581,0,0,0,0,0.4490,-83.5071,0
tpcds_1,c_customer_sk,0,0,0,79.3029,0,0,0,0,27.4537,-106.7566,0
tpcds_1,c_customer_sk,0,0,0,79.3029,1,8192,0,8192,27.3901,-98.5010,0
tpcds_1,c_customer_sk,0,0,0,79.3029,1,8192,0,8192,27.3923,-98.5032,0
tpcds_1,c_customer_sk,0,0,0,79.3029,1,8192,0,8192,27.4803,-98.5912,0
tpcds_1,c_customer_sk,0,0,0,79.3029,1,8192,0,8192,27.5555,-98.6664,0
tpcds_1,c_customer_sk,0,0,0,79.3029,1,8192,0,8192,27.5589,-98.6698,0
tpcds_1,c_customer_sk,0,0,0,79.3029,1,8192,0,8192,27.4775,-98.5884,0
tpcds_1,c_customer_sk,0,0,0,79.3029,0,0,0,0,27.4908,-106.7937,0
tpcds_1,c_customer_sk,0,0,0,79.3029,1,8192,0,8192,27.6112,-98.7221,0
tpcds_1,c_customer_sk,0,0,0,79.3029,0,0,0,0,27.6606,-106.9635,0
tpcds_1,c_customer_sk,0,0,0,79.3029,1,8192,0,8192,27.5386,-98.6495,0
tpcds_1,c_customer_sk,0,0,0,79.3029,1,8192,0,8192,27.6341,-98.7450,0
tpcds_1,c_customer_sk,0,0,0,79.3029,1,1696,0,1696,27.5204,-105.1273,0
tpcds_1,c_customer_sk,0,0,0,79.3029,1,8192,0,8192,27.6247,-98.7356,0
tpcds_1,c_customer_sk,0,0,0,79.3029,1,8192,0,8192,27.6361,-98.7470,0
tpcds_1,c_customer_sk,0,0,0,79.3029,1,8192,0,8192,27.6802,-98.7911,0
tpcds_1,sr_returned_date_sk,0,0,0,0.0143,0,0,0,0,0.1951,-0.2093,0
tpcds_1,sr_returned_date_sk,0,0,0,0.0143,0,0,0,0,0.1555,-0.1698,0
tpcds_1,sr_returned_date_sk,0,0,0,0.0143,0,0,0,0,0.1149,-0.1292,0
tpcds_1,sr_returned_date_sk,0,0,0,0.0143,0,0,0,0,0.0817,-0.0960,0
tpcds_1,sr_returned_date_sk,0,0,0,0.0143,0,0,0,0,0.0959,-0.1102,0
tpcds_1,sr_returned_date_sk,0,0,0,0.0143,0,0,0,0,0.1126,-0.1269,0
tpcds_1,sr_returned_date_sk,0,0,0,0.0143,0,0,0,0,0.1690,-0.1832,0
tpcds_1,sr_returned_date_sk,0,0,0,0.0143,0,0,0,0,0.0817,-0.0960,0
tpcds_1,sr_returned_date_sk,0,0,0,0.0143,0,0,0,0,0.0657,-0.0800,0
tpcds_1,sr_returned_date_sk,0,0,0,0.0143,0,0,0,0,0.0723,-0.0866,0
tpcds_1,sr_returned_date_sk,0,0,0,0.0143,0,0,0,0,0.0713,-0.0856,0
tpcds_1,sr_returned_date_sk,0,0,0,0.0143,0,0,0,0,0.0701,-0.0844,0
tpcds_1,sr_returned_date_sk,0,0,0,0.0143,0,0,0,0,0.1458,-0.1601,0
tpcds_1,sr_returned_date_sk,0,0,0,0.0143,0,0,0,0,0.1078,-0.1221,0
tpcds_1,sr_returned_date_sk,0,0,0,0.0143,0,0,0,0,0.7877,-0.8020,0
tpcds_1,sr_returned_date_sk,0,0,0,0.0143,36,287514,277568,9946,60.7241,-50.7924,0
tpcds_1,ctr_store_sk,0,0,0,108.8283,0,0,0,0,61.5823,-170.4106,0
tpcds_1,ctr_store_sk,0,0,0,108.8283,0,0,0,0,61.5359,-170.3642,0
tpcds_1,ctr_store_sk,0,0,0,108.8283,0,0,0,0,61.1293,-169.9576,0
tpcds_1,ctr_store_sk,0,0,0,108.8283,0,0,0,0,61.8060,-170.6342,0
tpcds_1,ctr_store_sk,0,0,0,108.8283,0,0,0,0,61.4270,-170.2552,0
tpcds_1,ctr_store_sk,0,0,0,108.8283,0,0,0,0,61.3480,-170.1762,0
tpcds_1,ctr_store_sk,0,0,0,108.8283,0,0,0,0,61.5149,-170.3431,0
tpcds_1,ctr_store_sk,0,0,0,108.8283,0,0,0,0,61.9142,-170.7425,0
tpcds_1,ctr_store_sk,0,0,0,108.8283,0,0,0,0,61.7651,-170.5933,0
tpcds_1,ctr_store_sk,0,0,0,108.8283,0,0,0,0,61.7178,-170.5461,0
tpcds_1,ctr_store_sk,0,0,0,108.8283,0,0,0,0,61.5805,-170.4087,0
tpcds_1,ctr_store_sk,0,0,0,108.8283,0,0,0,0,61.8263,-170.6545,0
tpcds_1,ctr_store_sk,0,0,0,108.8283,0,0,0,0,61.5146,-170.3429,0
tpcds_1,ctr_store_sk,0,0,0,108.8283,0,0,0,0,61.8983,-170.7266,0
tpcds_1,ctr_store_sk,0,0,0,108.8283,0,0,0,0,60.7817,-169.6100,0
tpcds_1,ctr_store_sk,0,0,0,108.8283,0,0,0,0,61.3633,-170.1916,0
tpcds_2,sold_date_sk,0,0,0,6.5817,0,0,0,0,0.4279,-7.0096,0
tpcds_2,sold_date_sk,0,0,0,6.5817,0,0,0,0,0.7161,-7.2978,0
tpcds_2,sold_date_sk,0,0,0,6.5817,0,0,0,0,0.1896,-6.7713,0
tpcds_2,sold_date_sk,0,0,0,6.5817,0,0,0,0,0.1387,-6.7205,0
tpcds_2,sold_date_sk,0,0,0,6.5817,0,0,0,0,0.1651,-6.7468,0
tpcds_2,sold_date_sk,0,0,0,6.5817,0,0,0,0,0.6556,-7.2373,0
tpcds_2,sold_date_sk,0,0,0,6.5817,0,0,0,0,0.1274,-6.7091,0
tpcds_2,sold_date_sk,0,0,0,6.5817,0,0,0,0,0.1530,-6.7347,0
tpcds_2,sold_date_sk,0,0,0,6.5817,0,0,0,0,0.1166,-6.6983,0
tpcds_2,sold_date_sk,0,0,0,6.5817,0,0,0,0,0.1628,-6.7445,0
tpcds_2,sold_date_sk,0,0,0,6.5817,0,0,0,0,0.1193,-6.7010,0
tpcds_2,sold_date_sk,0,0,0,6.5817,0,0,0,0,0.1207,-6.7024,0
tpcds_2,sold_date_sk,0,0,0,6.5817,0,0,0,0,0.1142,-6.6959,0
tpcds_2,sold_date_sk,0,0,0,6.5817,0,0,0,0,0.1225,-6.7042,0
tpcds_2,sold_date_sk,0,0,0,6.5817,0,0,0,0,0.1115,-6.6932,0
tpcds_2,sold_date_sk,0,0,0,6.5817,0,0,0,0,0.1708,-6.7525,0
tpcds_2,sold_date_sk,0,0,0,6.5817,0,0,0,0,0.2164,-6.7981,0
tpcds_2,sold_date_sk,0,0,0,6.5817,0,0,0,0,0.1534,-6.7352,0
tpcds_2,sold_date_sk,0,0,0,6.5817,0,0,0,0,0.1551,-6.7369,0
tpcds_2,sold_date_sk,0,0,0,6.5817,0,0,0,0,0.2932,-6.8749,0
tpcds_2,sold_date_sk,0,0,0,6.5817,0,0,0,0,0.6359,-7.2176,0
tpcds_2,sold_date_sk,0,0,0,6.5817,0,0,0,0,0.1544,-6.7361,0
tpcds_2,sold_date_sk,0,0,0,6.5817,0,0,0,0,0.1484,-6.7301,0
tpcds_2,sold_date_sk,0,0,0,6.5817,0,0,0,0,0.1473,-6.7291,0
tpcds_2,sold_date_sk,0,0,0,6.5817,0,0,0,0,0.1370,-6.7188,0
tpcds_2,sold_date_sk,0,0,0,6.5817,0,0,0,0,0.1553,-6.7371,0
tpcds_2,sold_date_sk,0,0,0,6.5817,0,0,0,0,3.7953,-10.3771,0
tpcds_2,sold_date_sk,0,0,0,6.5817,0,0,0,0,2.4338,-9.0155,0
tpcds_2,sold_date_sk,0,0,0,6.5817,0,0,0,0,7.2846,-13.8663,0
tpcds_2,sold_date_sk,0,0,0,7.1003,0,0,0,0,0.1719,-7.2722,0
tpcds_2,sold_date_sk,0,0,0,7.1003,0,0,0,0,0.1746,-7.2749,0
tpcds_2,sold_date_sk,0,0,0,7.1003,0,0,0,0,0.1288,-7.2291,0
tpcds_2,sold_date_sk,0,0,0,7.1003,0,0,0,0,0.0952,-7.1955,0
tpcds_2,sold_date_sk,0,0,0,7.1003,0,0,0,0,0.0962,-7.1966,0
tpcds_2,sold_date_sk,0,0,0,7.1003,0,0,0,0,0.0876,-7.1879,0
tpcds_2,sold_date_sk,0,0,0,7.1003,0,0,0,0,0.1311,-7.2314,0
tpcds_2,sold_date_sk,0,0,0,7.1003,0,0,0,0,0.0822,-7.1825,0
tpcds_2,sold_date_sk,0,0,0,7.1003,0,0,0,0,0.0832,-7.1835,0
tpcds_2,sold_date_sk,0,0,0,7.1003,0,0,0,0,0.0797,-7.1800,0
tpcds_2,sold_date_sk,0,0,0,7.1003,0,0,0,0,0.0768,-7.1771,0
tpcds_2,sold_date_sk,0,0,0,7.1003,0,0,0,0,0.0738,-7.1741,0
tpcds_2,sold_date_sk,0,0,0,7.1003,0,0,0,0,0.1435,-7.2439,0
tpcds_2,sold_date_sk,0,0,0,7.1003,0,0,0,0,0.0730,-7.1733,0
tpcds_2,sold_date_sk,0,0,0,7.1003,0,0,0,0,0.0734,-7.1737,0
tpcds_2,sold_date_sk,0,0,0,7.1003,0,0,0,0,0.4055,-7.5058,0
tpcds_2,sold_date_sk,0,0,0,7.1003,0,0,0,0,0.1244,-7.2247,0
tpcds_2,sold_date_sk,0,0,0,7.1003,0,0,0,0,0.1054,-7.2057,0
tpcds_2,sold_date_sk,0,0,0,7.1003,0,0,0,0,0.1875,-7.2878,0
tpcds_2,sold_date_sk,0,0,0,7.1003,0,0,0,0,0.1208,-7.2211,0
tpcds_2,sold_date_sk,0,0,0,7.1003,0,0,0,0,0.0992,-7.1996,0
tpcds_2,sold_date_sk,0,0,0,7.1003,0,0,0,0,0.0989,-7.1992,0
tpcds_2,sold_date_sk,0,0,0,7.1003,0,0,0,0,0.0888,-7.1891,0
tpcds_2,sold_date_sk,0,0,0,7.1003,0,0,0,0,0.1140,-7.2143,0
tpcds_2,sold_date_sk,0,0,0,7.1003,0,0,0,0,0.2082,-7.3085,0
tpcds_2,sold_date_sk,0,0,0,7.1003,0,0,0,0,0.0763,-7.1766,0
tpcds_2,sold_date_sk,0,0,0,7.1003,0,0,0,0,0.0780,-7.1783,0
tpcds_2,sold_date_sk,0,0,0,7.1003,0,0,0,0,0.0912,-7.1915,0
tpcds_2,sold_date_sk,0,0,0,7.1003,0,0,0,0,0.1573,-7.2576,0
tpcds_2,sold_date_sk,0,0,0,7.1003,48,392972,391054,1918,67.6779,-72.8603,0
tpcds_2,sold_date_sk,0,0,0,6.5817,48,392972,391054,1918,80.9232,-85.5870,0
tpcds_2,sold_date_sk,0,0,0,6.5817,88,719384,719197,187,99.7919,-106.1866,0
tpcds_2,sold_date_sk,0,0,0,7.1003,88,719384,719197,187,94.9273,-101.8406,0
tpcds_2,sold_date_sk,0,0,0,6.5817,128,1048576,1043441,5135,129.9888,-131.4355,0
tpcds_2,d_week_seq,0,0,0,143.0297,0,0,0,0,0.1223,-143.1520,0
tpcds_2,d_week_seq,0,0,0,143.0297,0,0,0,0,0.1343,-143.1640,0
tpcds_2,d_week_seq,0,0,0,143.0297,0,0,0,0,0.1268,-143.1565,0
tpcds_2,d_week_seq,0,0,0,143.0297,0,0,0,0,0.1806,-143.2102,0
tpcds_2,d_week_seq,0,0,0,143.0297,0,0,0,0,0.1500,-143.1797,0
tpcds_2,d_week_seq,0,0,0,143.0297,0,0,0,0,0.1678,-143.1975,0
tpcds_2,d_week_seq,0,0,0,143.0297,0,0,0,0,0.1551,-143.1847,0
tpcds_2,d_week_seq,0,0,0,143.0297,0,0,0,0,0.1720,-143.2017,0
tpcds_2,d_week_seq,0,0,0,143.0297,0,0,0,0,0.1696,-143.1993,0
tpcds_2,d_week_seq,0,0,0,143.0297,0,0,0,0,0.1826,-143.2123,0
tpcds_2,d_week_seq,0,0,0,143.0297,0,0,0,0,0.1718,-143.2015,0
tpcds_2,d_week_seq,0,0,0,143.0297,0,0,0,0,0.1928,-143.2225,0
tpcds_2,d_week_seq,0,0,0,143.0297,0,0,0,0,0.1871,-143.2168,0
tpcds_2,d_week_seq,0,0,0,143.0297,0,0,0,0,0.1945,-143.2242,0
tpcds_2,d_week_seq,0,0,0,143.0297,0,0,0,0,0.1834,-143.2131,0
tpcds_2,d_week_seq,0,0,0,143.0297,0,0,0,0,0.1930,-143.2227,0
tpcds_2,sold_date_sk,0,0,0,7.1003,128,1048576,1043441,5135,125.1719,-127.1372,0
tpcds_2,d_week_seq,0,0,0,0.9062,0,0,0,0,0.0520,-0.9582,0
tpcds_2,d_week_seq2,0,0,0,140.5545,0,0,0,0,1.0327,-141.5872,0
tpcds_2,d_week_seq,0,0,0,0.9062,0,0,0,0,0.1177,-1.0240,0
tpcds_2,d_week_seq2,0,0,0,140.5545,0,0,0,0,1.0853,-141.6398,0
tpcds_2,d_week_seq,0,0,0,0.9062,0,0,0,0,0.1353,-1.0415,0
tpcds_2,d_week_seq2,0,0,0,140.5545,0,0,0,0,1.0843,-141.6388,0
tpcds_2,d_week_seq,0,0,0,0.9062,0,0,0,0,0.1450,-1.0512,0
tpcds_2,d_week_seq2,0,0,0,140.5545,0,0,0,0,1.0975,-141.6519,0
tpcds_2,d_week_seq,0,0,0,0.9062,0,0,0,0,0.1829,-1.0891,0
tpcds_2,d_week_seq2,0,0,0,140.5545,0,0,0,0,1.1172,-141.6717,0
tpcds_2,d_week_seq,0,0,0,0.9062,0,0,0,0,0.2161,-1.1223,0
tpcds_2,d_week_seq2,0,0,0,140.5545,0,0,0,0,1.1682,-141.7227,0
tpcds_2,d_week_seq,0,0,0,0.9062,0,0,0,0,0.2370,-1.1433,0
tpcds_2,d_week_seq2,0,0,0,140.5545,0,0,0,0,1.1747,-141.7292,0
tpcds_2,d_week_seq,0,0,0,0.9062,0,0,0,0,0.2198,-1.1260,0
tpcds_2,d_week_seq,0,0,0,0.9062,0,0,0,0,0.2151,-1.1213,0
tpcds_2,d_week_seq2,0,0,0,140.5545,0,0,0,0,1.2018,-141.7562,0
tpcds_2,d_week_seq,0,0,0,0.9062,0,0,0,0,0.2493,-1.1555,0
tpcds_2,d_week_seq,0,0,0,0.9062,0,0,0,0,0.2559,-1.1621,0
tpcds_2,d_week_seq,0,0,0,0.9062,0,0,0,0,0.2484,-1.1546,0
tpcds_2,d_week_seq2,0,0,0,140.5545,0,0,0,0,1.2074,-141.7619,0
tpcds_2,d_week_seq2,0,0,0,140.5545,0,0,0,0,1.2080,-141.7625,0
tpcds_2,d_week_seq2,0,0,0,140.5545,0,0,0,0,1.2098,-141.7643,0
tpcds_2,d_week_seq2,0,0,0,140.5545,0,0,0,0,1.2145,-141.7690,0
tpcds_2,d_week_seq,0,0,0,0.9062,0,0,0,0,0.2768,-1.1830,0
tpcds_2,d_week_seq,0,0,0,0.9062,0,0,0,0,0.2706,-1.1768,0
tpcds_2,d_week_seq2,0,0,0,140.5545,0,0,0,0,1.2209,-141.7754,0
tpcds_2,d_week_seq2,0,0,0,140.5545,0,0,0,0,1.2303,-141.7847,0
tpcds_2,d_week_seq,0,0,0,0.9062,0,0,0,0,0.3110,-1.2172,0
tpcds_2,d_week_seq2,0,0,0,140.5545,0,0,0,0,1.2317,-141.7862,0
tpcds_2,d_week_seq,0,0,0,0.9062,0,0,0,0,0.2958,-1.2020,0
tpcds_2,d_week_seq2,0,0,0,140.5545,0,0,0,0,1.2522,-141.8067,0
tpcds_3,ss_sold_date_sk,0,0,0,5.0608,0,0,0,0,0.0770,-5.1378,0
tpcds_3,ss_sold_date_sk,0,0,0,5.0608,0,0,0,0,0.0404,-5.1013,0
tpcds_3,ss_sold_date_sk,0,0,0,5.0608,0,0,0,0,0.0364,-5.0972,0
tpcds_3,ss_sold_date_sk,0,0,0,5.0608,0,0,0,0,0.0437,-5.1045,0
tpcds_3,ss_sold_date_sk,0,0,0,5.0608,0,0,0,0,0.0261,-5.0869,0
tpcds_3,ss_sold_date_sk,0,0,0,5.0608,0,0,0,0,0.0285,-5.0893,0
tpcds_3,ss_sold_date_sk,0,0,0,5.0608,0,0,0,0,0.0267,-5.0875,0
tpcds_3,ss_sold_date_sk,0,0,0,5.0608,0,0,0,0,0.0242,-5.0851,0
tpcds_3,ss_sold_date_sk,0,0,0,5.0608,0,0,0,0,0.0286,-5.0894,0
tpcds_3,ss_sold_date_sk,0,0,0,5.0608,0,0,0,0,1.2327,-6.2936,0
tpcds_3,ss_sold_date_sk,0,0,0,5.0608,0,0,0,0,0.9321,-5.9929,0
tpcds_3,ss_sold_date_sk,0,0,0,5.0608,0,0,0,0,3.0536,-8.1144,0
tpcds_3,ss_sold_date_sk,0,0,0,5.0608,0,0,0,0,0.9226,-5.9835,0
tpcds_3,ss_sold_date_sk,0,0,0,5.0608,96,783252,747757,35495,90.0111,-59.5769,0
tpcds_3,ss_sold_date_sk,0,0,0,5.0608,128,1048576,1001426,47150,112.3677,-70.2785,0
tpcds_3,ss_sold_date_sk,0,0,0,5.0608,128,1048576,1001584,46992,112.7155,-70.7843,0
tpcds_3,i_item_sk,0,0,0,116.6374,0,0,0,0,38.4803,-155.1178,0
tpcds_3,i_item_sk,0,0,0,116.6374,0,0,0,0,38.5569,-155.1943,0
tpcds_3,i_item_sk,0,0,0,116.6374,0,0,0,0,38.6102,-155.2476,0
tpcds_3,i_item_sk,0,0,0,116.6374,0,0,0,0,38.5929,-155.2303,0
tpcds_3,i_item_sk,0,0,0,116.6374,0,0,0,0,38.6329,-155.2704,0
tpcds_3,i_item_sk,0,0,0,116.6374,0,0,0,0,38.6478,-155.2853,0
tpcds_3,i_item_sk,0,0,0,116.6374,0,0,0,0,38.6867,-155.3241,0
tpcds_3,i_item_sk,0,0,0,116.6374,0,0,0,0,38.7236,-155.3610,0
tpcds_3,i_item_sk,0,0,0,116.6374,0,0,0,0,38.7350,-155.3724,0
tpcds_3,i_item_sk,0,0,0,116.6374,0,0,0,0,38.7640,-155.4014,0
tpcds_3,i_item_sk,0,0,0,116.6374,0,0,0,0,38.7611,-155.3985,0
tpcds_3,i_item_sk,0,0,0,116.6374,0,0,0,0,38.7947,-155.4321,0
tpcds_3,i_item_sk,0,0,0,116.6374,0,0,0,0,38.8478,-155.4852,0
tpcds_3,i_item_sk,0,0,0,116.6374,0,0,0,0,38.8062,-155.4436,0
tpcds_3,i_item_sk,0,0,0,116.6374,0,0,0,0,38.8280,-155.4654,0
tpcds_3,i_item_sk,0,0,0,116.6374,0,0,0,0,38.8754,-155.5129,0
tpcds_4,ss_customer_sk,0,0,0,85.0159,0,0,0,0,0.3159,-85.3318,0
tpcds_4,ss_customer_sk,0,0,0,85.0159,0,0,0,0,0.2599,-85.2757,0
tpcds_4,ss_customer_sk,0,0,0,85.0159,0,0,0,0,0.1533,-85.1692,0
tpcds_4,ss_customer_sk,0,0,0,85.0159,0,0,0,0,0.2584,-85.2743,0
tpcds_4,ss_customer_sk,0,0,0,85.0159,0,0,0,0,0.1828,-85.1987,0
tpcds_4,ss_customer_sk,0,0,0,85.0159,0,0,0,0,0.1845,-85.2004,0
tpcds_4,ss_customer_sk,0,0,0,85.0159,0,0,0,0,0.1697,-85.1856,0
tpcds_4,ss_customer_sk,0,0,0,85.0159,0,0,0,0,0.1294,-85.1452,0
tpcds_4,ss_customer_sk,0,0,0,85.0159,0,0,0,0,0.1633,-85.1792,0
tpcds_4,ss_customer_sk,0,0,0,85.0159,0,0,0,0,0.1699,-85.1858,0
tpcds_4,ss_customer_sk,0,0,0,85.0159,0,0,0,0,0.2828,-85.2987,0
tpcds_4,ss_customer_sk,0,0,0,85.0159,0,0,0,0,1.4827,-86.4986,0
tpcds_4,ss_customer_sk,0,0,0,85.0159,0,0,0,0,2.2034,-87.2193,0
tpcds_4,ws_bill_customer_sk,0,0,0,83.8140,0,0,0,0,0.2244,-84.0384,0
tpcds_4,ws_bill_customer_sk,0,0,0,83.8140,0,0,0,0,0.1379,-83.9519,0
tpcds_4,ws_bill_customer_sk,0,0,0,83.8140,0,0,0,0,0.2381,-84.0521,0
tpcds_4,ws_bill_customer_sk,0,0,0,83.8140,0,0,0,0,0.1830,-83.9971,0
tpcds_4,ws_bill_customer_sk,0,0,0,88.7381,0,0,0,0,0.1503,-88.8884,0
tpcds_4,ws_bill_customer_sk,0,0,0,83.8140,0,0,0,0,0.2572,-84.0712,0
tpcds_4,ws_bill_customer_sk,0,0,0,83.8140,0,0,0,0,0.1972,-84.0112,0
tpcds_4,ws_bill_customer_sk,0,0,0,83.8140,0,0,0,0,0.2009,-84.0149,0
tpcds_4,ws_bill_customer_sk,0,0,0,83.8140,0,0,0,0,0.1794,-83.9934,0
tpcds_4,ws_bill_customer_sk,0,0,0,83.8140,0,0,0,0,0.1144,-83.9284,0
tpcds_4,ws_bill_customer_sk,0,0,0,83.8140,0,0,0,0,0.1809,-83.9950,0
tpcds_4,cs_bill_customer_sk,0,0,0,84.0839,0,0,0,0,0.2228,-84.3066,0
tpcds_4,ws_bill_customer_sk,0,0,0,83.8140,0,0,0,0,0.3148,-84.1288,0
tpcds_4,cs_bill_customer_sk,0,0,0,84.0839,0,0,0,0,0.2830,-84.3668,0
tpcds_4,cs_bill_customer_sk,0,0,0,84.0839,0,0,0,0,0.2100,-84.2938,0
tpcds_4,ws_bill_customer_sk,0,0,0,88.7381,0,0,0,0,0.2114,-88.9494,0
tpcds_4,ws_bill_customer_sk,0,0,0,88.7381,0,0,0,0,0.1962,-88.9343,0
tpcds_4,cs_bill_customer_sk,0,0,0,84.0839,0,0,0,0,0.2255,-84.3093,0
tpcds_4,ws_bill_customer_sk,0,0,0,88.7381,0,0,0,0,0.1620,-88.9001,0
tpcds_4,cs_bill_customer_sk,0,0,0,84.0839,0,0,0,0,0.2661,-84.3500,0
tpcds_4,cs_bill_customer_sk,0,0,0,84.0839,0,0,0,0,0.2521,-84.3360,0
tpcds_4,ws_bill_customer_sk,0,0,0,88.7381,0,0,0,0,0.2255,-88.9636,0
tpcds_4,ws_bill_customer_sk,0,0,0,88.7381,0,0,0,0,0.1609,-88.8990,0
tpcds_4,cs_bill_customer_sk,0,0,0,84.0839,0,0,0,0,0.2985,-84.3824,0
tpcds_4,ws_bill_customer_sk,0,0,0,88.7381,0,0,0,0,0.2274,-88.9654,0
tpcds_4,ws_bill_customer_sk,0,0,0,88.7381,0,0,0,0,0.3126,-89.0507,0
tpcds_4,ws_bill_customer_sk,0,0,0,88.7381,0,0,0,0,0.1313,-88.8693,0
tpcds_4,ws_bill_customer_sk,0,0,0,88.7381,0,0,0,0,0.1603,-88.8984,0
tpcds_4,ws_bill_customer_sk,0,0,0,88.7381,0,0,0,0,0.1549,-88.8929,0
tpcds_4,ws_bill_customer_sk,0,0,0,88.7381,0,0,0,0,0.1638,-88.9019,0
tpcds_4,cs_bill_customer_sk,0,0,0,84.0839,0,0,0,0,0.1068,-84.1907,0
tpcds_4,ws_bill_customer_sk,0,0,0,88.7381,0,0,0,0,0.2276,-88.9656,0
tpcds_4,ws_bill_customer_sk,0,0,0,88.7381,0,0,0,0,0.4599,-89.1980,0
tpcds_4,cs_bill_customer_sk,0,0,0,84.0839,0,0,0,0,0.1809,-84.2648,0
tpcds_4,ws_bill_customer_sk,0,0,0,83.8140,0,0,0,0,1.6574,-85.4714,0
tpcds_4,cs_bill_customer_sk,0,0,0,84.0839,0,0,0,0,0.1301,-84.2139,0
tpcds_4,cs_bill_customer_sk,0,0,0,84.0839,0,0,0,0,0.1572,-84.2411,0
tpcds_4,cs_bill_customer_sk,0,0,0,84.0839,0,0,0,0,0.1891,-84.2729,0
tpcds_4,cs_bill_customer_sk,0,0,0,84.0839,0,0,0,0,0.1618,-84.2456,0
tpcds_4,ws_bill_customer_sk,0,0,0,83.8140,0,0,0,0,2.2702,-86.0842,0
tpcds_4,ws_bill_customer_sk,0,0,0,88.7381,0,0,0,0,1.9067,-90.6447,0
tpcds_4,cs_bill_customer_sk,0,0,0,84.0839,0,0,0,0,1.9283,-86.0122,0
tpcds_4,ws_bill_customer_sk,0,0,0,83.8140,0,0,0,0,2.3921,-86.2062,0
tpcds_4,ws_bill_customer_sk,0,0,0,83.8140,0,0,0,0,2.4835,-86.2975,0
tpcds_4,cs_bill_customer_sk,0,0,0,86.9777,0,0,0,0,0.2682,-87.2458,0
tpcds_4,cs_bill_customer_sk,0,0,0,86.9777,0,0,0,0,0.2008,-87.1785,0
tpcds_4,cs_bill_customer_sk,0,0,0,86.9777,0,0,0,0,0.1062,-87.0839,0
tpcds_4,cs_bill_customer_sk,0,0,0,86.9777,0,0,0,0,0.1448,-87.1225,0
tpcds_4,cs_bill_customer_sk,0,0,0,86.9777,0,0,0,0,0.1645,-87.1422,0
tpcds_4,cs_bill_customer_sk,0,0,0,86.9777,0,0,0,0,0.0864,-87.0641,0
tpcds_4,cs_bill_customer_sk,0,0,0,86.9777,0,0,0,0,0.1118,-87.0894,0
tpcds_4,cs_bill_customer_sk,0,0,0,86.9777,0,0,0,0,0.4314,-87.4091,0
tpcds_4,cs_bill_customer_sk,0,0,0,86.9777,0,0,0,0,0.1205,-87.0982,0
tpcds_4,cs_bill_customer_sk,0,0,0,86.9777,0,0,0,0,0.1094,-87.0871,0
tpcds_4,cs_bill_customer_sk,0,0,0,86.9777,0,0,0,0,0.1031,-87.0808,0
tpcds_4,cs_bill_customer_sk,0,0,0,86.9777,0,0,0,0,0.2586,-87.2362,0
tpcds_4,cs_bill_customer_sk,0,0,0,86.9777,0,0,0,0,0.0996,-87.0773,0
tpcds_4,cs_bill_customer_sk,0,0,0,86.9777,0,0,0,0,0.2829,-87.2605,0
tpcds_4,ss_customer_sk,0,0,0,88.4173,0,0,0,0,0.2314,-88.6488,0
tpcds_4,ss_customer_sk,0,0,0,88.4173,0,0,0,0,0.1528,-88.5702,0
tpcds_4,ss_customer_sk,0,0,0,88.4173,0,0,0,0,0.1298,-88.5471,0
tpcds_4,ss_customer_sk,0,0,0,88.4173,0,0,0,0,0.0945,-88.5118,0
tpcds_4,ss_customer_sk,0,0,0,88.4173,0,0,0,0,0.0989,-88.5163,0
tpcds_4,ss_customer_sk,0,0,0,88.4173,0,0,0,0,0.0784,-88.4957,0
tpcds_4,ss_customer_sk,0,0,0,88.4173,0,0,0,0,0.1036,-88.5210,0
tpcds_4,ss_customer_sk,0,0,0,88.4173,0,0,0,0,0.0772,-88.4946,0
tpcds_4,ss_customer_sk,0,0,0,88.4173,0,0,0,0,0.0777,-88.4950,0
tpcds_4,ss_customer_sk,0,0,0,88.4173,0,0,0,0,0.2256,-88.6429,0
tpcds_4,ss_customer_sk,0,0,0,88.4173,0,0,0,0,0.1082,-88.5255,0
tpcds_4,ss_customer_sk,0,0,0,88.4173,0,0,0,0,0.1060,-88.5234,0
tpcds_4,ss_customer_sk,0,0,0,88.4173,0,0,0,0,0.6038,-89.0212,0
tpcds_4,cs_bill_customer_sk,0,0,0,84.0839,48,392972,390982,1990,295.8733,-377.9672,0
tpcds_4,cs_bill_customer_sk,0,0,0,86.9777,48,392972,390982,1990,298.2135,-383.2011,0
tpcds_4,ws_bill_customer_sk,0,0,0,83.8140,88,719384,719219,165,453.8938,-537.5428,0
tpcds_4,d_date_sk,0,0,0,547.5857,0,0,0,0,0.6386,-548.2243,0
tpcds_4,d_date_sk,0,0,0,547.5857,0,0,0,0,0.6940,-548.2797,0
tpcds_4,d_date_sk,0,0,0,547.5857,0,0,0,0,0.6993,-548.2849,0
tpcds_4,d_date_sk,0,0,0,547.5857,0,0,0,0,0.7269,-548.3126,0
tpcds_4,d_date_sk,0,0,0,547.5857,0,0,0,0,0.7400,-548.3257,0
tpcds_4,d_date_sk,0,0,0,547.5857,0,0,0,0,0.7664,-548.3521,0
tpcds_4,d_date_sk,0,0,0,547.5857,0,0,0,0,0.8103,-548.3960,0
tpcds_4,d_date_sk,0,0,0,547.5857,0,0,0,0,0.7346,-548.3203,0
tpcds_4,d_date_sk,0,0,0,547.5857,0,0,0,0,0.7841,-548.3698,0
tpcds_4,d_date_sk,0,0,0,547.5857,0,0,0,0,0.7925,-548.3782,0
tpcds_4,d_date_sk,0,0,0,547.5857,0,0,0,0,0.8015,-548.3872,0
tpcds_4,d_date_sk,0,0,0,547.5857,0,0,0,0,0.8085,-548.3942,0
tpcds_4,d_date_sk,0,0,0,547.5857,0,0,0,0,0.8941,-548.4798,0
tpcds_4,d_date_sk,0,0,0,547.5857,0,0,0,0,0.8476,-548.4333,0
tpcds_4,d_date_sk,0,0,0,547.5857,0,0,0,0,0.8354,-548.4211,0
tpcds_4,d_date_sk,0,0,0,547.5857,0,0,0,0,0.8507,-548.4364,0
tpcds_4,ws_bill_customer_sk,0,0,0,88.7381,88,719384,719219,165,455.7447,-544.3178,0
tpcds_4,d_date_sk,0,0,0,553.9398,0,0,0,0,0.2265,-554.1663,0
tpcds_4,d_date_sk,0,0,0,553.9398,0,0,0,0,0.2107,-554.1505,0
tpcds_4,d_date_sk,0,0,0,553.9398,0,0,0,0,0.3882,-554.3280,0
tpcds_4,d_date_sk,0,0,0,553.9398,0,0,0,0,0.4114,-554.3512,0
tpcds_4,d_date_sk,0,0,0,553.9398,0,0,0,0,0.2919,-554.2317,0
tpcds_4,d_date_sk,0,0,0,553.9398,0,0,0,0,0.4851,-554.4249,0
tpcds_4,d_date_sk,0,0,0,553.9398,0,0,0,0,0.3713,-554.3111,0
tpcds_4,d_date_sk,0,0,0,553.9398,0,0,0,0,0.3248,-554.2646,0
tpcds_4,d_date_sk,0,0,0,553.9398,0,0,0,0,0.3596,-554.2994,0
tpcds_4,d_date_sk,0,0,0,553.9398,0,0,0,0,0.3645,-554.3044,0
tpcds_4,d_date_sk,0,0,0,553.9398,0,0,0,0,0.3406,-554.2804,0
tpcds_4,d_date_sk,0,0,0,553.9398,0,0,0,0,0.3959,-554.3357,0
tpcds_4,d_date_sk,0,0,0,553.9398,0,0,0,0,0.3923,-554.3321,0
tpcds_4,d_date_sk,0,0,0,553.9398,0,0,0,0,0.4136,-554.3534,0
tpcds_4,d_date_sk,0,0,0,553.9398,0,0,0,0,0.3579,-554.2977,0
tpcds_4,d_date_sk,0,0,0,553.9398,0,0,0,0,0.3890,-554.3288,0
tpcds_4,ss_customer_sk,0,0,0,88.4173,96,783252,747657,35595,482.2457,-535.0680,0
tpcds_4,ss_customer_sk,0,0,0,85.0159,96,783252,747657,35595,492.4326,-541.8535,0
tpcds_4,ss_customer_sk,0,0,0,85.0159,128,1048576,1001377,47199,596.5262,-634.3430,0
tpcds_4,ss_customer_sk,0,0,0,85.0159,128,1048576,1001670,46906,598.2802,-636.3901,0
tpcds_4,ss_customer_sk,0,0,0,88.4173,128,1048576,1001670,46906,590.0652,-631.5765,0
tpcds_4,ss_customer_sk,0,0,0,88.4173,128,1048576,1001377,47199,595.2663,-636.4847,0
tpcds_4,d_date_sk,0,0,0,696.5120,0,0,0,0,0.1386,-696.6506,0
tpcds_4,d_date_sk,0,0,0,696.5120,0,0,0,0,0.1458,-696.6579,0
tpcds_4,d_date_sk,0,0,0,696.5120,0,0,0,0,0.1826,-696.6946,0
tpcds_4,d_date_sk,0,0,0,696.5120,0,0,0,0,0.1798,-696.6919,0
tpcds_4,d_date_sk,0,0,0,696.5120,0,0,0,0,0.2036,-696.7156,0
tpcds_4,d_date_sk,0,0,0,696.5120,0,0,0,0,0.1986,-696.7106,0
tpcds_4,d_date_sk,0,0,0,696.5120,0,0,0,0,0.2112,-696.7232,0
tpcds_4,d_date_sk,0,0,0,696.5120,0,0,0,0,0.2134,-696.7254,0
tpcds_4,d_date_sk,0,0,0,696.5120,0,0,0,0,0.2282,-696.7403,0
tpcds_4,d_date_sk,0,0,0,696.5120,0,0,0,0,0.2147,-696.7268,0
tpcds_4,d_date_sk,0,0,0,696.5120,0,0,0,0,0.2350,-696.7471,0
tpcds_4,d_date_sk,0,0,0,696.5120,0,0,0,0,0.2955,-696.8076,0
tpcds_4,d_date_sk,0,0,0,696.5120,0,0,0,0,0.2689,-696.7809,0
tpcds_4,d_date_sk,0,0,0,696.5120,0,0,0,0,0.2920,-696.8040,0
tpcds_4,d_date_sk,0,0,0,696.5120,0,0,0,0,0.2789,-696.7910,0
tpcds_4,d_date_sk,0,0,0,696.5120,0,0,0,0,0.2781,-696.7901,0
tpcds_4,cs_bill_customer_sk,0,0,0,84.0839,128,1048576,1043416,5160,601.8756,-680.7995,0
tpcds_4,d_date_sk,0,0,0,698.3430,0,0,0,0,0.1051,-698.4481,0
tpcds_4,d_date_sk,0,0,0,698.3430,0,0,0,0,0.1258,-698.4688,0
tpcds_4,d_date_sk,0,0,0,698.3430,0,0,0,0,0.1287,-698.4717,0
tpcds_4,d_date_sk,0,0,0,698.3430,0,0,0,0,0.1418,-698.4848,0
tpcds_4,d_date_sk,0,0,0,698.3430,0,0,0,0,0.1344,-698.4774,0
tpcds_4,d_date_sk,0,0,0,698.3430,0,0,0,0,0.1342,-698.4773,0
tpcds_4,d_date_sk,0,0,0,698.3430,0,0,0,0,0.1586,-698.5016,0
tpcds_4,d_date_sk,0,0,0,698.3430,0,0,0,0,0.1614,-698.5044,0
tpcds_4,d_date_sk,0,0,0,698.3430,0,0,0,0,0.1636,-698.5066,0
tpcds_4,d_date_sk,0,0,0,698.3430,0,0,0,0,0.1643,-698.5073,0
tpcds_4,d_date_sk,0,0,0,698.3430,0,0,0,0,0.1574,-698.5005,0
tpcds_4,d_date_sk,0,0,0,698.3430,0,0,0,0,0.1754,-698.5184,0
tpcds_4,d_date_sk,0,0,0,698.3430,0,0,0,0,0.2050,-698.5480,0
tpcds_4,d_date_sk,0,0,0,698.3430,0,0,0,0,0.1834,-698.5264,0
tpcds_4,d_date_sk,0,0,0,698.3430,0,0,0,0,0.2016,-698.5446,0
tpcds_4,d_date_sk,0,0,0,698.3430,0,0,0,0,0.1923,-698.5353,0
tpcds_4,cs_bill_customer_sk,0,0,0,86.9777,128,1048576,1043416,5160,603.3272,-685.1449,0
tpcds_4,d_date_sk,0,0,0,702.6727,0,0,0,0,0.1112,-702.7839,0
tpcds_4,d_date_sk,0,0,0,702.6727,0,0,0,0,0.0938,-702.7665,0
tpcds_4,d_date_sk,0,0,0,702.6727,0,0,0,0,0.0828,-702.7555,0
tpcds_4,d_date_sk,0,0,0,702.6727,0,0,0,0,0.1755,-702.8482,0
tpcds_4,d_date_sk,0,0,0,702.6727,0,0,0,0,0.1433,-702.8160,0
tpcds_4,d_date_sk,0,0,0,702.6727,0,0,0,0,0.1226,-702.7953,0
tpcds_4,d_date_sk,0,0,0,702.6727,0,0,0,0,0.1130,-702.7857,0
tpcds_4,d_date_sk,0,0,0,702.6727,0,0,0,0,0.1471,-702.8198,0
tpcds_4,d_date_sk,0,0,0,702.6727,0,0,0,0,0.1145,-702.7872,0
tpcds_4,d_date_sk,0,0,0,702.6727,0,0,0,0,0.1583,-702.8310,0
tpcds_4,d_date_sk,0,0,0,702.6727,0,0,0,0,0.1164,-702.7891,0
tpcds_4,d_date_sk,0,0,0,702.6727,0,0,0,0,0.1308,-702.8035,0
tpcds_4,d_date_sk,0,0,0,702.6727,0,0,0,0,0.1814,-702.8541,0
tpcds_4,d_date_sk,0,0,0,702.6727,0,0,0,0,0.1929,-702.8656,0
tpcds_4,d_date_sk,0,0,0,702.6727,0,0,0,0,0.1978,-702.8705,0
tpcds_4,d_date_sk,0,0,0,702.6727,0,0,0,0,0.1786,-702.8513,0
tpcds_4,d_date_sk,0,0,0,0.0032,0,0,0,0,0.0329,-0.0361,0
tpcds_4,d_date_sk,0,0,0,0.0032,0,0,0,0,0.0777,-0.0809,0
tpcds_4,d_date_sk,0,0,0,0.0032,0,0,0,0,0.0793,-0.0825,0
tpcds_4,d_date_sk,0,0,0,0.0032,0,0,0,0,0.0797,-0.0829,0
tpcds_4,d_date_sk,0,0,0,0.0032,0,0,0,0,0.1107,-0.1139,0
tpcds_4,d_date_sk,0,0,0,0.0032,0,0,0,0,0.0926,-0.0958,0
tpcds_4,d_date_sk,0,0,0,0.0032,0,0,0,0,0.1113,-0.1145,0
tpcds_4,d_date_sk,0,0,0,0.0032,0,0,0,0,0.1140,-0.1171,0
tpcds_4,d_date_sk,0,0,0,0.0032,0,0,0,0,0.1225,-0.1257,0
tpcds_4,d_date_sk,0,0,0,0.0032,0,0,0,0,0.1176,-0.1207,0
tpcds_4,d_date_sk,0,0,0,0.0032,0,0,0,0,0.1342,-0.1374,0
tpcds_4,d_date_sk,0,0,0,0.0032,0,0,0,0,0.1507,-0.1539,0
tpcds_4,d_date_sk,0,0,0,0.0032,0,0,0,0,0.1391,-0.1422,0
tpcds_4,d_date_sk,0,0,0,0.0032,0,0,0,0,0.1408,-0.1440,0
tpcds_4,d_date_sk,0,0,0,0.0032,0,0,0,0,0.1397,-0.1429,0
tpcds_4,d_date_sk,0,0,0,0.0032,0,0,0,0,0.1672,-0.1704,0
tpcds_4,customer_id,0,0,0,0.0033,0,0,0,0,0.2419,-0.2452,0
tpcds_4,customer_id,0,0,0,0.0033,0,0,0,0,0.2497,-0.2530,0
tpcds_4,customer_id,0,0,0,0.0033,0,0,0,0,0.2475,-0.2508,0
tpcds_4,customer_id,0,0,0,0.0033,0,0,0,0,0.2309,-0.2342,0
tpcds_4,customer_id,0,0,0,0.0042,0,0,0,0,0.3186,-0.3228,0
tpcds_4,customer_id,0,0,0,0.0042,0,0,0,0,0.3215,-0.3256,0
tpcds_4,customer_id,0,0,0,0.0042,0,0,0,0,0.3154,-0.3196,0
tpcds_4,customer_id,0,0,0,0.0042,0,0,0,0,0.3233,-0.3275,0
tpcds_4,customer_id,0,0,0,150.5323,0,0,0,0,0.3468,-150.8791,0
tpcds_4,customer_id,0,0,0,150.5323,0,0,0,0,0.3430,-150.8754,0
tpcds_4,customer_id,0,0,0,150.5323,0,0,0,0,0.3522,-150.8845,0
tpcds_4,customer_id,0,0,0,0.0033,0,0,0,0,0.2442,-0.2475,0
tpcds_4,customer_id,0,0,0,2.1103,0,0,0,0,150.9100,-153.0203,0
tpcds_4,customer_id,0,0,0,2.1103,0,0,0,0,150.9006,-153.0108,0
tpcds_4,customer_id,0,0,0,150.5323,0,0,0,0,0.3503,-150.8826,0
tpcds_4,customer_id,0,0,0,2.1103,0,0,0,0,150.9165,-153.0268,0
tpcds_4,customer_id,0,0,0,0.0042,0,0,0,0,0.3442,-0.3484,0
tpcds_4,customer_id,0,0,0,549.9240,0,0,0,0,153.1859,-703.1099,0
tpcds_4,customer_id,0,0,0,2.1103,0,0,0,0,151.0045,-153.1147,0
tpcds_4,customer_id,0,0,0,549.9240,0,0,0,0,153.1839,-703.1079,0
tpcds_4,customer_id,0,0,0,549.9240,0,0,0,0,153.2058,-703.1298,0
tpcds_4,customer_id,0,0,0,549.9240,0,0,0,0,153.1876,-703.1116,0
tpcds_4,customer_id,0,0,0,150.5323,0,0,0,0,0.4369,-150.9692,0
tpcds_4,customer_id,0,0,0,2.1103,0,0,0,0,151.0166,-153.1268,0
tpcds_4,customer_id,0,0,0,0.0033,0,0,0,0,0.3573,-0.3606,0
tpcds_4,customer_id,0,0,0,0.0033,0,0,0,0,0.3550,-0.3583,0
tpcds_4,customer_id,0,0,0,0.0033,0,0,0,0,0.3596,-0.3629,0
tpcds_4,customer_id,0,0,0,549.9240,0,0,0,0,153.2070,-703.1309,0
tpcds_4,customer_id,0,0,0,0.0042,0,0,0,0,0.4385,-0.4426,0
tpcds_4,customer_id,0,0,0,0.0042,0,0,0,0,0.4389,-0.4430,0
tpcds_4,customer_id,0,0,0,0.0042,0,0,0,0,0.4410,-0.4451,0
tpcds_4,customer_id,0,0,0,0.0033,0,0,0,0,0.3952,-0.3985,0
tpcds_4,customer_id,0,0,0,0.0033,0,0,0,0,0.4215,-0.4248,0
tpcds_4,customer_id,0,0,0,150.5323,0,0,0,0,0.4673,-150.9997,0
tpcds_4,customer_id,0,0,0,150.5323,0,0,0,0,0.4696,-151.0019,0
tpcds_4,customer_id,0,0,0,150.5323,0,0,0,0,0.4667,-150.9990,0
tpcds_4,customer_id,0,0,0,0.0042,0,0,0,0,0.4601,-0.4642,0
tpcds_4,customer_id,0,0,0,2.1103,0,0,0,0,151.0367,-153.1470,0
tpcds_4,customer_id,0,0,0,2.1103,0,0,0,0,151.0298,-153.1400,0
tpcds_4,customer_id,0,0,0,2.1103,0,0,0,0,151.0345,-153.1448,0
tpcds_4,customer_id,0,0,0,150.5323,0,0,0,0,0.4987,-151.0310,0
tpcds_4,customer_id,0,0,0,549.9240,0,0,0,0,153.2450,-703.1690,0
tpcds_4,customer_id,0,0,0,549.9240,0,0,0,0,153.2513,-703.1753,0
tpcds_4,customer_id,0,0,0,549.9240,0,0,0,0,153.2300,-703.1540,0
tpcds_4,customer_id,0,0,0,2.1103,0,0,0,0,151.0377,-153.1480,0
tpcds_4,customer_id,0,0,0,0.0033,0,0,0,0,0.3800,-0.3833,0
tpcds_4,customer_id,0,0,0,0.0042,0,0,0,0,0.4567,-0.4609,0
tpcds_4,customer_id,0,0,0,549.9240,0,0,0,0,153.2499,-703.1738,0
tpcds_4,customer_id,0,0,0,0.0033,0,0,0,0,0.4204,-0.4237,0
tpcds_4,customer_id,0,0,0,0.0033,0,0,0,0,0.4100,-0.4133,0
tpcds_4,customer_id,0,0,0,0.0033,0,0,0,0,0.4304,-0.4337,0
tpcds_4,customer_id,0,0,0,0.0042,0,0,0,0,0.4863,-0.4905,0
tpcds_4,customer_id,0,0,0,0.0042,0,0,0,0,0.4709,-0.4751,0
tpcds_4,customer_id,0,0,0,150.5323,0,0,0,0,0.4931,-151.0254,0
tpcds_4,customer_id,0,0,0,0.0033,0,0,0,0,0.4127,-0.4160,0
tpcds_4,customer_id,0,0,0,0.0042,0,0,0,0,0.4848,-0.4890,0
tpcds_4,customer_id,0,0,0,0.0042,0,0,0,0,0.4972,-0.5014,0
tpcds_4,customer_id,0,0,0,150.5323,0,0,0,0,0.5137,-151.0460,0
tpcds_4,customer_id,0,0,0,150.5323,0,0,0,0,0.5047,-151.0370,0
tpcds_4,customer_id,0,0,0,150.5323,0,0,0,0,0.5091,-151.0414,0
tpcds_4,customer_id,0,0,0,2.1103,0,0,0,0,151.0706,-153.1808,0
tpcds_4,customer_id,0,0,0,150.5323,0,0,0,0,0.5180,-151.0503,0
tpcds_4,customer_id,0,0,0,0.0042,0,0,0,0,0.4942,-0.4984,0
tpcds_4,customer_id,0,0,0,2.1103,0,0,0,0,151.0718,-153.1821,0
tpcds_4,customer_id,0,0,0,2.1103,0,0,0,0,151.0762,-153.1865,0
tpcds_4,customer_id,0,0,0,549.9240,0,0,0,0,153.2750,-703.1989,0
tpcds_4,customer_id,0,0,0,150.5323,0,0,0,0,0.5227,-151.0550,0
tpcds_4,customer_id,0,0,0,2.1103,0,0,0,0,151.0861,-153.1963,0
tpcds_4,customer_id,0,0,0,549.9240,0,0,0,0,153.2847,-703.2087,0
tpcds_4,customer_id,0,0,0,2.1103,0,0,0,0,151.0884,-153.1987,0
tpcds_4,customer_id,0,0,0,2.1103,0,0,0,0,151.0855,-153.1958,0
tpcds_4,customer_id,0,0,0,549.9240,0,0,0,0,153.2852,-703.2092,0
tpcds_4,customer_id,0,0,0,549.9240,0,0,0,0,153.2922,-703.2162,0
tpcds_4,customer_id,0,0,0,549.9240,0,0,0,0,153.2855,-703.2095,0
tpcds_4,customer_id,0,0,0,549.9240,0,0,0,0,153.3021,-703.2260,0
tpcds_4,customer_id,0,0,0,0.0033,0,0,0,0,0.4783,-0.4816,0
tpcds_4,customer_id,0,0,0,0.0042,0,0,0,0,0.5716,-0.5758,0
tpcds_4,customer_id,0,0,0,150.5323,0,0,0,0,0.6072,-151.1395,0
tpcds_4,customer_id,0,0,0,2.1103,0,0,0,0,151.1752,-153.2855,0
tpcds_4,customer_id,0,0,0,549.9240,0,0,0,0,153.3757,-703.2997,0
tpcds_6,c_current_addr_sk,0,0,0,4.8102,1,8192,7934,258,5.6556,-10.2078,0
tpcds_6,c_current_addr_sk,0,0,0,4.8102,1,8192,7898,294,5.7024,-10.2186,0
tpcds_6,c_current_addr_sk,0,0,0,4.8102,1,8192,7900,292,5.7407,-10.2589,0
tpcds_6,c_current_addr_sk,0,0,0,4.8102,1,8192,7901,291,5.7507,-10.2699,0
tpcds_6,c_current_addr_sk,0,0,0,4.8102,1,8192,7894,298,5.7641,-10.2763,0
tpcds_6,c_current_addr_sk,0,0,0,4.8102,1,8192,7917,275,5.7527,-10.2879,0
tpcds_6,c_current_addr_sk,0,0,0,4.8102,1,1696,1636,60,5.7652,-10.5154,0
tpcds_6,c_current_addr_sk,0,0,0,4.8102,0,0,0,0,5.8158,-10.6260,0
tpcds_6,c_current_addr_sk,0,0,0,4.8102,1,8192,7930,262,5.7839,-10.3321,0
tpcds_6,c_current_addr_sk,0,0,0,4.8102,1,8192,7920,272,5.8008,-10.3390,0
tpcds_6,c_current_addr_sk,0,0,0,4.8102,1,8192,7909,283,5.8075,-10.3347,0
tpcds_6,c_current_addr_sk,0,0,0,4.8102,0,0,0,0,5.7951,-10.6053,0
tpcds_6,c_current_addr_sk,0,0,0,4.8102,1,8192,7914,278,5.8030,-10.3352,0
tpcds_6,c_current_addr_sk,0,0,0,4.8102,0,0,0,0,5.7947,-10.6049,0
tpcds_6,c_current_addr_sk,0,0,0,4.8102,1,8192,7904,288,5.8244,-10.3466,0
tpcds_6,c_current_addr_sk,0,0,0,4.8102,1,8192,7900,292,5.8714,-10.3896,0
tpcds_6,ss_customer_sk,0,0,0,11.9287,0,0,0,0,0.1100,-12.0387,0
tpcds_6,ss_customer_sk,0,0,0,11.9287,0,0,0,0,0.0935,-12.0222,0
tpcds_6,ss_customer_sk,0,0,0,11.9287,0,0,0,0,0.0354,-11.9641,0
tpcds_6,ss_customer_sk,0,0,0,11.9287,0,0,0,0,0.0360,-11.9647,0
tpcds_6,ss_customer_sk,0,0,0,11.9287,0,0,0,0,0.0420,-11.9707,0
tpcds_6,ss_customer_sk,0,0,0,11.9287,0,0,0,0,0.0265,-11.9552,0
tpcds_6,ss_customer_sk,0,0,0,11.9287,0,0,0,0,0.0282,-11.9569,0
tpcds_6,ss_customer_sk,0,0,0,11.9287,0,0,0,0,0.0257,-11.9544,0
tpcds_6,ss_customer_sk,0,0,0,11.9287,0,0,0,0,0.0276,-11.9563,0
tpcds_6,ss_customer_sk,0,0,0,11.9287,0,0,0,0,0.0263,-11.9550,0
tpcds_6,ss_customer_sk,0,0,0,11.9287,0,0,0,0,0.0254,-11.9541,0
tpcds_6,ss_customer_sk,0,0,0,11.9287,0,0,0,0,0.0246,-11.9533,0
tpcds_6,ss_customer_sk,0,0,0,11.9287,0,0,0,0,0.9312,-12.8599,0
tpcds_6,ss_customer_sk,0,0,0,11.9287,96,783252,747657,35595,38.5015,-14.8352,0
tpcds_6,ss_customer_sk,0,0,0,11.9287,128,1048576,1001670,46906,49.1237,-14.1463,0
tpcds_6,ss_customer_sk,0,0,0,11.9287,128,1048576,1001377,47199,50.7378,-15.4675,0
tpcds_6,d_date_sk,0,0,0,62.7715,1,8192,0,8192,16.7887,-71.3682,0
tpcds_6,d_date_sk,0,0,0,62.7715,0,0,0,0,16.7611,-79.5326,0
tpcds_6,d_date_sk,0,0,0,62.7715,0,0,0,0,16.7884,-79.5599,0
tpcds_6,d_date_sk,0,0,0,62.7715,1,8192,0,8192,16.7901,-71.3696,0
tpcds_6,d_date_sk,0,0,0,62.7715,0,0,0,0,16.8809,-79.6524,0
tpcds_6,d_date_sk,0,0,0,62.7715,1,8192,0,8192,16.8624,-71.4419,0
tpcds_6,d_date_sk,0,0,0,62.7715,1,8192,0,8192,16.8453,-71.4248,0
tpcds_6,d_date_sk,0,0,0,62.7715,0,0,0,0,16.8674,-79.6389,0
tpcds_6,d_date_sk,0,0,0,62.7715,1,8192,0,8192,16.8686,-71.4481,0
tpcds_6,d_date_sk,0,0,0,62.7715,0,0,0,0,16.8812,-79.6527,0
tpcds_6,d_date_sk,0,0,0,62.7715,0,0,0,0,16.8437,-79.6152,0
tpcds_6,d_date_sk,0,0,0,62.7715,1,8192,0,8192,16.8556,-71.4351,0
tpcds_6,d_date_sk,0,0,0,62.7715,1,8192,0,8192,16.8520,-71.4316,0
tpcds_6,d_date_sk,0,0,0,62.7715,1,7513,0,7513,16.8561,-72.1146,0
tpcds_6,d_date_sk,0,0,0,62.7715,1,8192,0,8192,16.8931,-71.4726,0
tpcds_6,d_date_sk,0,0,0,62.7715,0,0,0,0,16.8552,-79.6267,0
tpcds_6,i_item_sk,0,0,0,79.7582,0,0,0,0,2.8950,-82.6532,0
tpcds_6,i_item_sk,0,0,0,79.7582,1,8192,0,8192,2.9138,-74.4800,0
tpcds_6,i_item_sk,0,0,0,79.7582,0,0,0,0,2.9429,-82.7011,0
tpcds_6,i_item_sk,0,0,0,79.7582,0,0,0,0,2.9318,-82.6900,0
tpcds_6,i_item_sk,0,0,0,79.7582,0,0,0,0,2.9585,-82.7167,0
tpcds_6,i_item_sk,0,0,0,79.7582,0,0,0,0,2.9607,-82.7189,0
tpcds_6,i_item_sk,0,0,0,79.7582,0,0,0,0,2.9925,-82.7507,0
tpcds_6,i_item_sk,0,0,0,79.7582,0,0,0,0,2.9619,-82.7200,0
tpcds_6,i_item_sk,0,0,0,79.7582,0,0,0,0,2.9659,-82.7240,0
tpcds_6,i_item_sk,0,0,0,79.7582,0,0,0,0,2.9743,-82.7324,0
tpcds_6,i_item_sk,0,0,0,79.7582,0,0,0,0,2.9837,-82.7419,0
tpcds_6,i_item_sk,0,0,0,79.7582,0,0,0,0,2.9792,-82.7374,0
tpcds_6,i_item_sk,0,0,0,79.7582,0,0,0,0,2.9808,-82.7390,0
tpcds_6,i_item_sk,0,0,0,79.7582,0,0,0,0,3.0061,-82.7643,0
tpcds_6,i_item_sk,0,0,0,79.7582,1,8192,0,8192,2.9906,-74.5568,0
tpcds_6,i_item_sk,0,0,0,79.7582,1,1616,0,1616,3.0443,-81.1865,0
tpcds_6,d_month_seq,0,0,0,84.1706,0,0,0,0,0.2314,-84.4021,0
tpcds_6,d_month_seq,0,0,0,84.1706,0,0,0,0,0.2295,-84.4001,0
tpcds_6,d_month_seq,0,0,0,84.1706,0,0,0,0,0.2362,-84.4069,0
tpcds_6,d_month_seq,0,0,0,84.1706,0,0,0,0,0.3307,-84.5014,0
tpcds_6,d_month_seq,0,0,0,84.1706,0,0,0,0,0.2538,-84.4244,0
tpcds_6,d_month_seq,0,0,0,84.1706,0,0,0,0,0.2642,-84.4349,0
tpcds_6,d_month_seq,0,0,0,84.1706,0,0,0,0,0.2754,-84.4460,0
tpcds_6,d_month_seq,0,0,0,84.1706,0,0,0,0,0.2709,-84.4416,0
tpcds_6,d_month_seq,0,0,0,84.1706,0,0,0,0,0.2854,-84.4560,0
tpcds_6,d_month_seq,0,0,0,84.1706,0,0,0,0,0.2843,-84.4550,0
tpcds_6,d_month_seq,0,0,0,84.1706,0,0,0,0,0.2874,-84.4580,0
tpcds_6,d_month_seq,0,0,0,84.1706,0,0,0,0,0.2766,-84.4473,0
tpcds_6,d_month_seq,0,0,0,84.1706,0,0,0,0,0.2927,-84.4633,0
tpcds_6,d_month_seq,0,0,0,84.1706,0,0,0,0,0.3463,-84.5169,0
tpcds_6,d_month_seq,0,0,0,84.1706,0,0,0,0,0.3090,-84.4796,0
tpcds_6,d_month_seq,0,0,0,84.1706,0,0,0,0,0.3689,-84.5395,0
tpcds_7,ss_cdemo_sk,0,0,0,0.0131,0,0,0,0,0.3921,-0.4053,0
tpcds_7,d_date_sk,0,0,0,2.1733,0,0,0,0,0.1656,-2.3389,0
tpcds_7,d_date_sk,0,0,0,2.1733,0,0,0,0,0.2211,-2.3944,0
tpcds_7,d_date_sk,0,0,0,2.1733,0,0,0,0,0.2177,-2.3910,0
tpcds_7,d_date_sk,0,0,0,2.1733,0,0,0,0,0.1667,-2.3399,0
tpcds_7,d_date_sk,0,0,0,2.1733,0,0,0,0,0.2201,-2.3934,0
tpcds_7,d_date_sk,0,0,0,2.1733,0,0,0,0,0.2300,-2.4033,0
tpcds_7,d_date_sk,0,0,0,2.1733,0,0,0,0,0.2526,-2.4259,0
tpcds_7,d_date_sk,0,0,0,2.1733,0,0,0,0,0.2489,-2.4221,0
tpcds_7,d_date_sk,0,0,0,2.1733,0,0,0,0,0.2813,-2.4545,0
tpcds_7,d_date_sk,0,0,0,2.1733,0,0,0,0,0.2769,-2.4502,0
tpcds_7,d_date_sk,0,0,0,2.1733,0,0,0,0,0.2778,-2.4510,0
tpcds_7,d_date_sk,0,0,0,2.1733,0,0,0,0,0.2555,-2.4288,0
tpcds_7,d_date_sk,0,0,0,2.1733,0,0,0,0,0.3113,-2.4846,0
tpcds_7,d_date_sk,0,0,0,2.1733,0,0,0,0,0.3032,-2.4764,0
tpcds_7,d_date_sk,0,0,0,2.1733,0,0,0,0,0.3097,-2.4829,0
tpcds_7,d_date_sk,0,0,0,2.1733,0,0,0,0,0.3276,-2.5008,0
tpcds_7,i_item_sk,0,0,0,2.9933,0,0,0,0,6.0953,-9.0885,0
tpcds_7,i_item_sk,0,0,0,2.9933,0,0,0,0,6.1515,-9.1447,0
tpcds_7,i_item_sk,0,0,0,2.9933,0,0,0,0,6.1833,-9.1766,0
tpcds_7,i_item_sk,0,0,0,2.9933,0,0,0,0,6.2397,-9.2330,0
tpcds_7,i_item_sk,0,0,0,2.9933,0,0,0,0,6.1952,-9.1884,0
tpcds_7,i_item_sk,0,0,0,2.9933,0,0,0,0,6.1833,-9.1766,0
tpcds_7,i_item_sk,0,0,0,2.9933,1,8192,0,8192,6.2034,-1.0047,0
tpcds_7,i_item_sk,0,0,0,2.9933,0,0,0,0,6.2240,-9.2173,0
tpcds_7,i_item_sk,0,0,0,2.9933,0,0,0,0,6.2339,-9.2272,0
tpcds_7,i_item_sk,0,0,0,2.9933,0,0,0,0,6.2381,-9.2313,0
tpcds_7,i_item_sk,0,0,0,2.9933,1,8192,0,8192,6.2751,-1.0764,0
tpcds_7,i_item_sk,0,0,0,2.9933,0,0,0,0,6.2951,-9.2883,0
tpcds_7,i_item_sk,0,0,0,2.9933,0,0,0,0,6.3076,-9.3009,0
tpcds_7,i_item_sk,0,0,0,2.9933,0,0,0,0,6.3087,-9.3019,0
tpcds_7,i_item_sk,0,0,0,2.9933,0,0,0,0,6.3232,-9.3165,0
tpcds_7,i_item_sk,0,0,0,2.9933,1,1616,0,1616,6.3465,-7.7238,0
tpcds_7,p_promo_sk,0,0,0,8.2645,0,0,0,0,5.3731,-13.6375,0
tpcds_7,p_promo_sk,0,0,0,8.2645,0,0,0,0,5.3584,-13.6229,0
tpcds_7,p_promo_sk,0,0,0,8.2645,0,0,0,0,5.4427,-13.7072,0
tpcds_7,p_promo_sk,0,0,0,8.2645,0,0,0,0,5.4273,-13.6918,0
tpcds_7,p_promo_sk,0,0,0,8.2645,0,0,0,0,5.4479,-13.7124,0
tpcds_7,p_promo_sk,0,0,0,8.2645,0,0,0,0,5.4796,-13.7441,0
tpcds_7,p_promo_sk,0,0,0,8.2645,1,299,0,299,5.4391,-13.4045,0
tpcds_7,p_promo_sk,0,0,0,8.2645,0,0,0,0,5.4766,-13.7411,0
tpcds_7,p_promo_sk,0,0,0,8.2645,0,0,0,0,5.4794,-13.7439,0
tpcds_7,p_promo_sk,0,0,0,8.2645,0,0,0,0,5.4643,-13.7288,0
tpcds_7,p_promo_sk,0,0,0,8.2645,0,0,0,0,5.4838,-13.7483,0
tpcds_7,p_promo_sk,0,0,0,8.2645,0,0,0,0,5.4829,-13.7473,0
tpcds_7,p_promo_sk,0,0,0,8.2645,0,0,0,0,5.5465,-13.8110,0
tpcds_7,p_promo_sk,0,0,0,8.2645,0,0,0,0,5.5200,-13.7845,0
tpcds_7,p_promo_sk,0,0,0,8.2645,0,0,0,0,5.4872,-13.7517,0
tpcds_7,p_promo_sk,0,0,0,8.2645,0,0,0,0,5.5072,-13.7716,0
tpcds_8,ss_sold_date_sk,0,0,0,0.4545,0,0,0,0,0.1100,-0.5645,0
tpcds_8,ss_sold_date_sk,0,0,0,0.4545,0,0,0,0,0.1256,-0.5801,0
tpcds_8,ss_sold_date_sk,0,0,0,0.4545,0,0,0,0,0.1121,-0.5666,0
tpcds_8,ss_sold_date_sk,0,0,0,0.4545,0,0,0,0,0.0582,-0.5127,0
tpcds_8,ss_sold_date_sk,0,0,0,0.4545,0,0,0,0,0.0725,-0.5270,0
tpcds_8,ss_sold_date_sk,0,0,0,0.4545,0,0,0,0,0.0393,-0.4938,0
tpcds_8,ss_sold_date_sk,0,0,0,0.4545,0,0,0,0,0.0781,-0.5326,0
tpcds_8,ss_sold_date_sk,0,0,0,0.4545,0,0,0,0,0.4685,-0.9230,0
tpcds_8,ss_sold_date_sk,0,0,0,0.4545,0,0,0,0,0.5432,-0.9977,0
tpcds_8,ss_sold_date_sk,0,0,0,0.4545,0,0,0,0,0.0490,-0.5035,0
tpcds_8,ss_sold_date_sk,0,0,0,0.4545,0,0,0,0,0.0756,-0.5301,0
tpcds_8,ss_sold_date_sk,0,0,0,0.4545,0,0,0,0,0.7244,-1.1789,0
tpcds_8,ss_sold_date_sk,0,0,0,0.4545,0,0,0,0,0.7196,-1.1741,0
tpcds_8,ca_address_sk,0,0,0,0.9795,1,8192,0,8192,7.8464,-0.6339,0
tpcds_8,ca_address_sk,0,0,0,0.9795,0,0,0,0,7.8628,-8.8423,0
tpcds_8,ca_address_sk,0,0,0,0.9795,1,8192,0,8192,7.8611,-0.6486,0
tpcds_8,ca_address_sk,0,0,0,0.9795,0,0,0,0,7.9354,-8.9149,0
tpcds_8,ca_address_sk,0,0,0,0.9795,1,8192,0,8192,7.9190,-0.7065,0
tpcds_8,ca_address_sk,0,0,0,0.9795,0,0,0,0,7.9450,-8.9245,0
tpcds_8,ca_address_sk,0,0,0,0.9795,1,8192,0,8192,7.9378,-0.7253,0
tpcds_8,ca_address_sk,0,0,0,0.9795,0,0,0,0,7.9705,-8.9500,0
tpcds_8,ca_address_sk,0,0,0,0.9795,0,0,0,0,7.9746,-8.9541,0
tpcds_8,ca_address_sk,0,0,0,0.9795,1,8192,0,8192,7.9709,-0.7584,0
tpcds_8,ca_address_sk,0,0,0,0.9795,1,8192,0,8192,7.9569,-0.7444,0
tpcds_8,ca_address_sk,0,0,0,0.9795,0,0,0,0,7.9818,-8.9613,0
tpcds_8,ca_address_sk,0,0,0,0.9795,0,0,0,0,7.9815,-8.9610,0
tpcds_8,ca_address_sk,0,0,0,0.9795,0,0,0,0,7.9948,-8.9743,0
tpcds_8,ca_address_sk,0,0,0,0.9795,1,848,0,848,8.0133,-8.1448,0
tpcds_8,ca_address_sk,0,0,0,0.9795,0,0,0,0,8.0104,-8.9899,0
tpcds_8,ss_sold_date_sk,0,0,0,0.4545,96,783252,747757,35495,47.0258,-11.9853,0
tpcds_8,ss_sold_date_sk,0,0,0,0.4545,128,1048576,1001426,47150,59.1454,-12.4499,0
tpcds_8,ss_sold_date_sk,0,0,0,0.4545,128,1048576,1001584,46992,60.5235,-13.9860,0
tpcds_8,s_store_sk,0,0,0,60.0672,1,12,0,12,5.5105,-65.5657,0
tpcds_8,ca_zip,0,0,0,65.6429,0,0,0,0,5.9769,-71.6198,0
tpcds_8,ca_zip,0,0,0,65.6429,0,0,0,0,5.9736,-71.6165,0
tpcds_8,ca_zip,0,0,0,65.6429,0,0,0,0,6.0056,-71.6485,0
tpcds_8,ca_zip,0,0,0,65.6429,0,0,0,0,6.0256,-71.6685,0
tpcds_8,ca_zip,0,0,0,65.6429,0,0,0,0,6.0451,-71.6880,0
tpcds_8,ca_zip,0,0,0,65.6429,0,0,0,0,6.0436,-71.6865,0
tpcds_8,ca_zip,0,0,0,65.6429,0,0,0,0,6.0428,-71.6857,0
tpcds_8,ca_zip,0,0,0,65.6429,0,0,0,0,6.0834,-71.7263,0
tpcds_8,ca_zip,0,0,0,65.6429,0,0,0,0,6.0629,-71.7058,0
tpcds_8,ca_zip,0,0,0,65.6429,0,0,0,0,6.0680,-71.7109,0
tpcds_8,ca_zip,0,0,0,65.6429,0,0,0,0,6.0777,-71.7206,0
tpcds_8,ca_zip,0,0,0,65.6429,0,0,0,0,6.0779,-71.7208,0
tpcds_8,ca_zip,0,0,0,65.6429,0,0,0,0,6.0983,-71.7412,0
tpcds_8,ca_zip,0,0,0,65.6429,0,0,0,0,6.0878,-71.7307,0
tpcds_8,ca_zip,0,0,0,65.6429,0,0,0,0,6.1080,-71.7509,0
tpcds_8,ca_zip,0,0,0,65.6429,0,0,0,0,6.1169,-71.7598,0
tpcds_10,c_current_addr_sk,0,0,0,7.4528,1,8192,7898,294,7.4237,-14.5825,0
tpcds_10,c_current_addr_sk,0,0,0,7.4528,1,8192,7920,272,7.4228,-14.6036,0
tpcds_10,c_current_addr_sk,0,0,0,7.4528,1,8192,7917,275,7.4367,-14.6145,0
tpcds_10,c_current_addr_sk,0,0,0,7.4528,1,8192,7904,288,7.4447,-14.6095,0
tpcds_10,c_current_addr_sk,0,0,0,7.4528,0,0,0,0,7.4472,-14.9000,0
tpcds_10,c_current_addr_sk,0,0,0,7.4528,1,8192,7909,283,7.4534,-14.6232,0
tpcds_10,c_current_addr_sk,0,0,0,7.4528,1,1696,1636,60,7.5131,-14.9060,0
tpcds_10,c_current_addr_sk,0,0,0,7.4528,1,8192,7930,262,7.4948,-14.6856,0
tpcds_10,c_current_addr_sk,0,0,0,7.4528,1,8192,7914,278,7.4815,-14.6564,0
tpcds_10,c_current_addr_sk,0,0,0,7.4528,1,8192,7894,298,7.4563,-14.6112,0
tpcds_10,c_current_addr_sk,0,0,0,7.4528,1,8192,7901,291,7.4669,-14.6287,0
tpcds_10,c_current_addr_sk,0,0,0,7.4528,1,8192,7934,258,7.4692,-14.6640,0
tpcds_10,c_current_addr_sk,0,0,0,7.4528,0,0,0,0,7.4551,-14.9079,0
tpcds_10,c_current_addr_sk,0,0,0,7.4528,0,0,0,0,7.4884,-14.9412,0
tpcds_10,c_current_addr_sk,0,0,0,7.4528,1,8192,7900,292,7.4929,-14.6537,0
tpcds_10,c_current_addr_sk,0,0,0,7.4528,1,8192,7900,292,7.5132,-14.6741,0
tpcds_10,cd_demo_sk,0,0,0,15.2414,15,122880,0,122880,44.1235,63.5151,1
tpcds_10,cd_demo_sk,0,0,0,15.2414,15,122880,0,122880,44.1187,63.5200,1
tpcds_10,cd_demo_sk,0,0,0,15.2414,15,122880,0,122880,44.1592,63.4795,1
tpcds_10,cd_demo_sk,0,0,0,15.2414,15,122880,0,122880,44.1791,63.4596,1
tpcds_10,cd_demo_sk,0,0,0,15.2414,15,122880,0,122880,44.2221,63.4165,1
tpcds_10,cd_demo_sk,0,0,0,15.2414,15,122880,0,122880,44.1862,63.4524,1
tpcds_10,cd_demo_sk,0,0,0,15.2414,15,118560,0,118560,44.2061,59.1125,1
tpcds_10,cd_demo_sk,0,0,0,15.2414,14,114688,0,114688,44.2160,55.2306,1
tpcds_10,cd_demo_sk,0,0,0,15.2414,14,114688,0,114688,44.2058,55.2408,1
tpcds_10,cd_demo_sk,0,0,0,15.2414,14,114688,0,114688,44.2347,55.2120,1
tpcds_10,cd_demo_sk,0,0,0,15.2414,15,122880,0,122880,44.2260,63.4126,1
tpcds_10,cd_demo_sk,0,0,0,15.2414,14,114688,0,114688,44.2162,55.2305,1
tpcds_10,cd_demo_sk,0,0,0,15.2414,15,122880,0,122880,44.2428,63.3958,1
tpcds_10,cd_demo_sk,0,0,0,15.2414,14,114688,0,114688,44.2741,55.1725,1
tpcds_10,cd_demo_sk,0,0,0,15.2414,15,122880,0,122880,44.2420,63.3966,1
tpcds_10,cd_demo_sk,0,0,0,15.2414,15,122880,0,122880,44.2593,63.3793,1
tpcds_10,ss_sold_date_sk,0,0,0,0.0109,0,0,0,0,0.1178,-0.1287,0
tpcds_10,ss_sold_date_sk,0,0,0,0.0109,0,0,0,0,0.1499,-0.1607,0
tpcds_10,ss_sold_date_sk,0,0,0,0.0109,0,0,0,0,0.0534,-0.0643,0
tpcds_10,ss_sold_date_sk,0,0,0,0.0109,0,0,0,0,0.0503,-0.0612,0
tpcds_10,ss_sold_date_sk,0,0,0,0.0109,0,0,0,0,0.3594,-0.3703,0
tpcds_10,ss_sold_date_sk,0,0,0,0.0109,0,0,0,0,0.1320,-0.1428,0
tpcds_10,ss_sold_date_sk,0,0,0,0.0109,0,0,0,0,0.0903,-0.1011,0
tpcds_10,ss_sold_date_sk,0,0,0,0.0109,0,0,0,0,0.0496,-0.0605,0
tpcds_10,ss_sold_date_sk,0,0,0,0.0109,0,0,0,0,0.2478,-0.2587,0
tpcds_10,ss_sold_date_sk,0,0,0,0.0109,0,0,0,0,0.6073,-0.6182,0
tpcds_10,ss_sold_date_sk,0,0,0,0.0109,0,0,0,0,0.5466,-0.5574,0
tpcds_10,ss_sold_date_sk,0,0,0,0.0109,0,0,0,0,0.3561,-0.3670,0
tpcds_10,ss_sold_date_sk,0,0,0,0.0109,0,0,0,0,0.3967,-0.4075,0
tpcds_10,ss_sold_date_sk,0,0,0,0.0109,96,783252,747757,35495,47.6036,-12.1194,0
tpcds_10,ss_sold_date_sk,0,0,0,0.0109,128,1048576,1001426,47150,57.9064,-10.7672,0
tpcds_10,ss_sold_date_sk,0,0,0,0.0109,128,1048576,1001584,46992,58.6754,-11.6943,0
tpcds_10,ws_sold_date_sk,0,0,0,0.0086,0,0,0,0,0.1269,-0.1355,0
tpcds_10,ws_sold_date_sk,0,0,0,0.0086,0,0,0,0,0.1083,-0.1169,0
tpcds_10,ws_sold_date_sk,0,0,0,0.0086,0,0,0,0,0.0784,-0.0871,0
tpcds_10,ws_sold_date_sk,0,0,0,0.0086,0,0,0,0,0.0475,-0.0561,0
tpcds_10,ws_sold_date_sk,0,0,0,0.0086,0,0,0,0,0.0488,-0.0574,0
tpcds_10,ws_sold_date_sk,0,0,0,0.0086,0,0,0,0,0.0534,-0.0620,0
tpcds_10,ws_sold_date_sk,0,0,0,0.0086,0,0,0,0,0.0435,-0.0521,0
tpcds_10,ws_sold_date_sk,0,0,0,0.0086,0,0,0,0,0.0489,-0.0575,0
tpcds_10,ws_sold_date_sk,0,0,0,0.0086,0,0,0,0,0.0431,-0.0517,0
tpcds_10,ws_sold_date_sk,0,0,0,0.0086,0,0,0,0,0.0409,-0.0495,0
tpcds_10,ws_sold_date_sk,0,0,0,0.0086,0,0,0,0,0.0417,-0.0503,0
tpcds_10,ws_sold_date_sk,0,0,0,0.0086,0,0,0,0,0.1409,-0.1495,0
tpcds_10,ws_sold_date_sk,0,0,0,0.0086,0,0,0,0,0.0404,-0.0490,0
tpcds_10,ws_sold_date_sk,0,0,0,0.0086,0,0,0,0,0.0384,-0.0470,0
tpcds_10,ws_sold_date_sk,0,0,0,0.0086,0,0,0,0,0.4257,-0.4344,0
tpcds_10,ws_sold_date_sk,0,0,0,0.0086,88,719384,719197,187,25.1413,-24.9629,0
tpcds_10,cs_sold_date_sk,0,0,0,0.0125,0,0,0,0,0.1248,-0.1373,0
tpcds_10,cs_sold_date_sk,0,0,0,0.0125,0,0,0,0,0.1952,-0.2077,0
tpcds_10,cs_sold_date_sk,0,0,0,0.0125,0,0,0,0,0.2626,-0.2751,0
tpcds_10,cs_sold_date_sk,0,0,0,0.0125,0,0,0,0,0.0798,-0.0923,0
tpcds_10,cs_sold_date_sk,0,0,0,0.0125,0,0,0,0,0.0766,-0.0891,0
tpcds_10,cs_sold_date_sk,0,0,0,0.0125,0,0,0,0,0.0774,-0.0899,0
tpcds_10,cs_sold_date_sk,0,0,0,0.0125,0,0,0,0,0.0560,-0.0684,0
tpcds_10,cs_sold_date_sk,0,0,0,0.0125,0,0,0,0,0.0534,-0.0659,0
tpcds_10,cs_sold_date_sk,0,0,0,0.0125,0,0,0,0,0.0635,-0.0760,0
tpcds_10,cs_sold_date_sk,0,0,0,0.0125,0,0,0,0,0.0515,-0.0640,0
tpcds_10,cs_sold_date_sk,0,0,0,0.0125,0,0,0,0,0.0446,-0.0571,0
tpcds_10,cs_sold_date_sk,0,0,0,0.0125,0,0,0,0,0.0799,-0.0923,0
tpcds_10,cs_sold_date_sk,0,0,0,0.0125,0,0,0,0,0.0571,-0.0696,0
tpcds_10,cs_sold_date_sk,0,0,0,0.0125,0,0,0,0,0.6263,-0.6388,0
tpcds_10,cs_sold_date_sk,0,0,0,0.0125,48,392972,391054,1918,86.9158,-85.0102,0
tpcds_10,cs_sold_date_sk,0,0,0,0.0125,128,1048576,1043441,5135,110.8039,-105.6813,0
tpcds_11,ss_customer_sk,0,0,0,58.8619,0,0,0,0,0.3418,-59.2037,0
tpcds_11,ss_customer_sk,0,0,0,59.2470,0,0,0,0,0.3179,-59.5648,0
tpcds_11,ss_customer_sk,0,0,0,59.2470,0,0,0,0,0.2499,-59.4969,0
tpcds_11,ss_customer_sk,0,0,0,58.8619,0,0,0,0,0.1147,-58.9766,0
tpcds_11,ss_customer_sk,0,0,0,59.2470,0,0,0,0,0.1433,-59.3902,0
tpcds_11,ws_bill_customer_sk,0,0,0,58.1958,0,0,0,0,0.1650,-58.3608,0
tpcds_11,ss_customer_sk,0,0,0,59.2470,0,0,0,0,0.0874,-59.3344,0
tpcds_11,ws_bill_customer_sk,0,0,0,58.1958,0,0,0,0,0.1019,-58.2976,0
tpcds_11,ss_customer_sk,0,0,0,59.2470,0,0,0,0,0.1052,-59.3522,0
tpcds_11,ss_customer_sk,0,0,0,58.8619,0,0,0,0,0.0999,-58.9618,0
tpcds_11,ws_bill_customer_sk,0,0,0,58.1958,0,0,0,0,0.0860,-58.2818,0
tpcds_11,ss_customer_sk,0,0,0,59.2470,0,0,0,0,0.0807,-59.3276,0
tpcds_11,ss_customer_sk,0,0,0,59.2470,0,0,0,0,0.2041,-59.4511,0
tpcds_11,ws_bill_customer_sk,0,0,0,58.1958,0,0,0,0,0.0792,-58.2750,0
tpcds_11,ss_customer_sk,0,0,0,59.2470,0,0,0,0,0.1079,-59.3549,0
tpcds_11,ss_customer_sk,0,0,0,59.2470,0,0,0,0,0.1124,-59.3594,0
tpcds_11,ss_customer_sk,0,0,0,58.8619,0,0,0,0,0.1150,-58.9769,0
tpcds_11,ss_customer_sk,0,0,0,59.2470,0,0,0,0,0.1499,-59.3969,0
tpcds_11,ws_bill_customer_sk,0,0,0,58.1958,0,0,0,0,0.1068,-58.3026,0
tpcds_11,ss_customer_sk,0,0,0,59.2470,0,0,0,0,0.1041,-59.3511,0
tpcds_11,ss_customer_sk,0,0,0,58.8619,0,0,0,0,0.0825,-58.9444,0
tpcds_11,ss_customer_sk,0,0,0,58.8619,0,0,0,0,0.0903,-58.9522,0
tpcds_11,ws_bill_customer_sk,0,0,0,58.1958,0,0,0,0,0.0997,-58.2955,0
tpcds_11,ss_customer_sk,0,0,0,58.8619,0,0,0,0,0.0718,-58.9337,0
tpcds_11,ss_customer_sk,0,0,0,58.8619,0,0,0,0,0.1052,-58.9671,0
tpcds_11,ss_customer_sk,0,0,0,58.8619,0,0,0,0,0.0706,-58.9326,0
tpcds_11,ss_customer_sk,0,0,0,58.8619,0,0,0,0,0.0871,-58.9490,0
tpcds_11,ws_bill_customer_sk,0,0,0,58.1958,0,0,0,0,0.0945,-58.2903,0
tpcds_11,ws_bill_customer_sk,0,0,0,58.1958,0,0,0,0,0.1539,-58.3497,0
tpcds_11,ws_bill_customer_sk,0,0,0,58.1958,0,0,0,0,0.0857,-58.2815,0
tpcds_11,ss_customer_sk,0,0,0,58.8619,0,0,0,0,0.1702,-59.0321,0
tpcds_11,ss_customer_sk,0,0,0,58.8619,0,0,0,0,0.1651,-59.0271,0
tpcds_11,ws_bill_customer_sk,0,0,0,58.1958,0,0,0,0,0.0857,-58.2815,0
tpcds_11,ws_bill_customer_sk,0,0,0,58.1958,0,0,0,0,0.0940,-58.2897,0
tpcds_11,ws_bill_customer_sk,0,0,0,58.1958,0,0,0,0,0.0836,-58.2794,0
tpcds_11,ss_customer_sk,0,0,0,58.8619,0,0,0,0,0.0883,-58.9502,0
tpcds_11,ws_bill_customer_sk,0,0,0,58.1958,0,0,0,0,0.0850,-58.2808,0
tpcds_11,ws_bill_customer_sk,0,0,0,58.1958,0,0,0,0,1.8991,-60.0949,0
tpcds_11,ws_bill_customer_sk,0,0,0,58.1958,0,0,0,0,1.7262,-59.9220,0
tpcds_11,ws_bill_customer_sk,0,0,0,60.6010,0,0,0,0,0.1113,-60.7123,0
tpcds_11,ws_bill_customer_sk,0,0,0,60.6010,0,0,0,0,0.1234,-60.7244,0
tpcds_11,ws_bill_customer_sk,0,0,0,60.6010,0,0,0,0,0.1938,-60.7948,0
tpcds_11,ss_customer_sk,0,0,0,59.2470,0,0,0,0,2.4599,-61.7069,0
tpcds_11,ws_bill_customer_sk,0,0,0,60.6010,0,0,0,0,0.0941,-60.6951,0
tpcds_11,ws_bill_customer_sk,0,0,0,60.6010,0,0,0,0,0.1099,-60.7109,0
tpcds_11,ws_bill_customer_sk,0,0,0,60.6010,0,0,0,0,0.1121,-60.7131,0
tpcds_11,ws_bill_customer_sk,0,0,0,60.6010,0,0,0,0,0.2301,-60.8311,0
tpcds_11,ws_bill_customer_sk,0,0,0,60.6010,0,0,0,0,0.2587,-60.8597,0
tpcds_11,ws_bill_customer_sk,0,0,0,60.6010,0,0,0,0,0.1320,-60.7330,0
tpcds_11,ws_bill_customer_sk,0,0,0,60.6010,0,0,0,0,0.1376,-60.7386,0
tpcds_11,ws_bill_customer_sk,0,0,0,60.6010,0,0,0,0,0.2465,-60.8475,0
tpcds_11,ws_bill_customer_sk,0,0,0,60.6010,0,0,0,0,0.2986,-60.8996,0
tpcds_11,ss_customer_sk,0,0,0,59.2470,0,0,0,0,4.2155,-63.4625,0
tpcds_11,ws_bill_customer_sk,0,0,0,60.6010,0,0,0,0,1.3558,-61.9567,0
tpcds_11,ws_bill_customer_sk,0,0,0,60.6010,0,0,0,0,1.3137,-61.9147,0
tpcds_11,ws_bill_customer_sk,0,0,0,60.6010,0,0,0,0,1.3844,-61.9854,0
tpcds_11,ws_bill_customer_sk,0,0,0,58.1958,88,719384,719219,165,181.4645,-239.4953,0
tpcds_11,ws_bill_customer_sk,0,0,0,60.6010,88,719384,719219,165,179.6426,-240.0786,0
tpcds_11,d_date_sk,0,0,0,252.0619,0,0,0,0,0.1438,-252.2058,0
tpcds_11,d_date_sk,0,0,0,252.0619,0,0,0,0,0.0838,-252.1457,0
tpcds_11,d_date_sk,0,0,0,252.6626,0,0,0,0,0.0960,-252.7586,0
tpcds_11,d_date_sk,0,0,0,252.0619,0,0,0,0,0.1101,-252.1720,0
tpcds_11,d_date_sk,0,0,0,252.0619,0,0,0,0,0.1817,-252.2436,0
tpcds_11,d_date_sk,0,0,0,252.0619,0,0,0,0,0.1923,-252.2542,0
tpcds_11,d_date_sk,0,0,0,252.6626,0,0,0,0,0.1014,-252.7640,0
tpcds_11,d_date_sk,0,0,0,252.0619,0,0,0,0,0.1555,-252.2174,0
tpcds_11,d_date_sk,0,0,0,252.6626,0,0,0,0,0.0709,-252.7335,0
tpcds_11,d_date_sk,0,0,0,252.0619,0,0,0,0,0.2159,-252.2778,0
tpcds_11,d_date_sk,0,0,0,252.6626,0,0,0,0,0.1330,-252.7956,0
tpcds_11,d_date_sk,0,0,0,252.0619,0,0,0,0,0.2315,-252.2934,0
tpcds_11,d_date_sk,0,0,0,252.0619,0,0,0,0,0.2276,-252.2895,0
tpcds_11,d_date_sk,0,0,0,252.6626,0,0,0,0,0.1421,-252.8047,0
tpcds_11,d_date_sk,0,0,0,252.0619,0,0,0,0,0.1835,-252.2454,0
tpcds_11,d_date_sk,0,0,0,252.0619,0,0,0,0,0.2680,-252.3299,0
tpcds_11,d_date_sk,0,0,0,252.0619,0,0,0,0,0.1862,-252.2481,0
tpcds_11,d_date_sk,0,0,0,252.6626,0,0,0,0,0.1168,-252.7794,0
tpcds_11,d_date_sk,0,0,0,252.0619,0,0,0,0,0.2550,-252.3169,0
tpcds_11,d_date_sk,0,0,0,252.0619,0,0,0,0,0.2291,-252.2910,0
tpcds_11,d_date_sk,0,0,0,252.6626,0,0,0,0,0.1087,-252.7713,0
tpcds_11,d_date_sk,0,0,0,252.0619,0,0,0,0,0.2187,-252.2806,0
tpcds_11,d_date_sk,0,0,0,252.6626,0,0,0,0,0.1793,-252.8419,0
tpcds_11,d_date_sk,0,0,0,252.6626,0,0,0,0,0.1542,-252.8167,0
tpcds_11,d_date_sk,0,0,0,252.0619,0,0,0,0,0.2914,-252.3533,0
tpcds_11,d_date_sk,0,0,0,252.6626,0,0,0,0,0.1597,-252.8223,0
tpcds_11,d_date_sk,0,0,0,252.6626,0,0,0,0,0.1908,-252.8534,0
tpcds_11,d_date_sk,0,0,0,252.6626,0,0,0,0,0.2014,-252.8639,0
tpcds_11,d_date_sk,0,0,0,252.6626,0,0,0,0,0.2707,-252.9332,0
tpcds_11,d_date_sk,0,0,0,252.6626,0,0,0,0,0.2738,-252.9364,0
tpcds_11,d_date_sk,0,0,0,252.6626,0,0,0,0,0.2152,-252.8778,0
tpcds_11,d_date_sk,0,0,0,252.6626,0,0,0,0,0.2376,-252.9002,0
tpcds_11,ss_customer_sk,0,0,0,59.2470,96,783252,747657,35595,210.2870,-233.9390,0
tpcds_11,ss_customer_sk,0,0,0,58.8619,96,783252,747657,35595,210.6975,-233.9644,0
tpcds_11,ss_customer_sk,0,0,0,58.8619,128,1048576,1001377,47199,256.0859,-267.7488,0
tpcds_11,ss_customer_sk,0,0,0,58.8619,128,1048576,1001670,46906,261.0650,-273.0209,0
tpcds_11,ss_customer_sk,0,0,0,59.2470,128,1048576,1001377,47199,262.1328,-274.1808,0
tpcds_11,ss_customer_sk,0,0,0,59.2470,128,1048576,1001670,46906,262.4460,-274.7870,0
tpcds_11,d_date_sk,0,0,0,333.0641,0,0,0,0,0.1401,-333.2042,0
tpcds_11,d_date_sk,0,0,0,333.0641,0,0,0,0,0.1656,-333.2297,0
tpcds_11,d_date_sk,0,0,0,333.0641,0,0,0,0,0.1984,-333.2625,0
tpcds_11,d_date_sk,0,0,0,333.0641,0,0,0,0,0.1913,-333.2554,0
tpcds_11,d_date_sk,0,0,0,333.0641,0,0,0,0,0.2036,-333.2677,0
tpcds_11,d_date_sk,0,0,0,333.0641,0,0,0,0,0.2174,-333.2815,0
tpcds_11,d_date_sk,0,0,0,333.0641,0,0,0,0,0.2257,-333.2898,0
tpcds_11,d_date_sk,0,0,0,333.0641,0,0,0,0,0.2191,-333.2832,0
tpcds_11,d_date_sk,0,0,0,333.0641,0,0,0,0,0.2223,-333.2864,0
tpcds_11,d_date_sk,0,0,0,333.0641,0,0,0,0,0.2439,-333.3080,0
tpcds_11,d_date_sk,0,0,0,333.0641,0,0,0,0,0.2842,-333.3483,0
tpcds_11,d_date_sk,0,0,0,333.0641,0,0,0,0,0.2582,-333.3223,0
tpcds_11,d_date_sk,0,0,0,333.0641,0,0,0,0,0.2677,-333.3318,0
tpcds_11,d_date_sk,0,0,0,333.0641,0,0,0,0,0.2652,-333.3293,0
tpcds_11,d_date_sk,0,0,0,333.0641,0,0,0,0,0.2874,-333.3515,0
tpcds_11,d_date_sk,0,0,0,333.0641,0,0,0,0,0.2961,-333.3602,0
tpcds_11,d_date_sk,0,0,0,0.0091,0,0,0,0,0.0775,-0.0866,0
tpcds_11,d_date_sk,0,0,0,0.0091,0,0,0,0,0.1039,-0.1130,0
tpcds_11,d_date_sk,0,0,0,0.0091,0,0,0,0,0.1405,-0.1497,0
tpcds_11,d_date_sk,0,0,0,0.0091,0,0,0,0,0.1504,-0.1595,0
tpcds_11,d_date_sk,0,0,0,0.0091,0,0,0,0,0.1433,-0.1524,0
tpcds_11,d_date_sk,0,0,0,0.0091,0,0,0,0,0.1642,-0.1733,0
tpcds_11,d_date_sk,0,0,0,0.0091,0,0,0,0,0.1810,-0.1902,0
tpcds_11,d_date_sk,0,0,0,0.0091,0,0,0,0,0.1865,-0.1957,0
tpcds_11,d_date_sk,0,0,0,0.0091,0,0,0,0,0.1862,-0.1953,0
tpcds_11,d_date_sk,0,0,0,0.0091,0,0,0,0,0.1713,-0.1804,0
tpcds_11,d_date_sk,0,0,0,0.0091,0,0,0,0,0.1374,-0.1465,0
tpcds_11,d_date_sk,0,0,0,0.0091,0,0,0,0,0.1527,-0.1619,0
tpcds_11,d_date_sk,0,0,0,0.0091,0,0,0,0,0.1486,-0.1578,0
tpcds_11,d_date_sk,0,0,0,0.0091,0,0,0,0,0.1974,-0.2066,0
tpcds_11,d_date_sk,0,0,0,0.0091,0,0,0,0,0.2207,-0.2298,0
tpcds_11,d_date_sk,0,0,0,0.0091,0,0,0,0,0.1982,-0.2073,0
tpcds_11,customer_id,0,0,0,80.8752,0,0,0,0,0.5291,-81.4043,0
tpcds_11,customer_id,0,0,0,0.0192,0,0,0,0,81.5511,-81.5703,0
tpcds_11,customer_id,0,0,0,252.3837,0,0,0,0,81.6024,-333.9861,0
tpcds_11,customer_id,0,0,0,80.8752,0,0,0,0,0.6930,-81.5683,0
tpcds_11,customer_id,0,0,0,0.0192,0,0,0,0,81.6245,-81.6437,0
tpcds_11,customer_id,0,0,0,252.3837,0,0,0,0,81.7067,-334.0904,0
tpcds_11,customer_id,0,0,0,80.8752,0,0,0,0,0.6647,-81.5399,0
tpcds_11,customer_id,0,0,0,80.8752,0,0,0,0,0.6587,-81.5339,0
tpcds_11,customer_id,0,0,0,0.0192,0,0,0,0,81.6856,-81.7048,0
tpcds_11,customer_id,0,0,0,252.3837,0,0,0,0,81.7360,-334.1197,0
tpcds_11,customer_id,0,0,0,80.8752,0,0,0,0,0.6896,-81.5648,0
tpcds_11,customer_id,0,0,0,0.0192,0,0,0,0,81.7002,-81.7194,0
tpcds_11,customer_id,0,0,0,252.3837,0,0,0,0,81.7572,-334.1409,0
tpcds_11,customer_id,0,0,0,80.8752,0,0,0,0,0.7174,-81.5926,0
tpcds_11,customer_id,0,0,0,0.0192,0,0,0,0,81.7215,-81.7407,0
tpcds_11,customer_id,0,0,0,80.8752,0,0,0,0,0.7297,-81.6050,0
tpcds_11,customer_id,0,0,0,252.3837,0,0,0,0,81.7687,-334.1524,0
tpcds_11,customer_id,0,0,0,80.8752,0,0,0,0,0.7237,-81.5989,0
tpcds_11,customer_id,0,0,0,0.0192,0,0,0,0,81.7455,-81.7647,0
tpcds_11,customer_id,0,0,0,80.8752,0,0,0,0,0.7503,-81.6256,0
tpcds_11,customer_id,0,0,0,0.0192,0,0,0,0,81.7595,-81.7787,0
tpcds_11,customer_id,0,0,0,0.0192,0,0,0,0,81.7667,-81.7859,0
tpcds_11,customer_id,0,0,0,252.3837,0,0,0,0,81.8139,-334.1976,0
tpcds_11,customer_id,0,0,0,252.3837,0,0,0,0,81.8110,-334.1947,0
tpcds_11,customer_id,0,0,0,252.3837,0,0,0,0,81.8018,-334.1855,0
tpcds_11,customer_id,0,0,0,0.0192,0,0,0,0,81.7480,-81.7672,0
tpcds_11,customer_id,0,0,0,80.8752,0,0,0,0,0.7720,-81.6473,0
tpcds_11,customer_id,0,0,0,80.8752,0,0,0,0,0.7648,-81.6401,0
tpcds_11,customer_id,0,0,0,0.0192,0,0,0,0,81.7752,-81.7944,0
tpcds_11,customer_id,0,0,0,80.8752,0,0,0,0,0.7853,-81.6606,0
tpcds_11,customer_id,0,0,0,252.3837,0,0,0,0,81.8256,-334.2093,0
tpcds_11,customer_id,0,0,0,0.0192,0,0,0,0,81.7935,-81.8127,0
tpcds_11,customer_id,0,0,0,252.3837,0,0,0,0,81.8443,-334.2280,0
tpcds_11,customer_id,0,0,0,80.8752,0,0,0,0,0.8125,-81.6877,0
tpcds_11,customer_id,0,0,0,0.0192,0,0,0,0,81.7810,-81.8003,0
tpcds_11,customer_id,0,0,0,80.8752,0,0,0,0,0.7871,-81.6623,0
tpcds_11,customer_id,0,0,0,252.3837,0,0,0,0,81.8383,-334.2221,0
tpcds_11,customer_id,0,0,0,0.0192,0,0,0,0,81.8275,-81.8467,0
tpcds_11,customer_id,0,0,0,252.3837,0,0,0,0,81.8546,-334.2383,0
tpcds_11,customer_id,0,0,0,0.0192,0,0,0,0,81.8090,-81.8282,0
tpcds_11,customer_id,0,0,0,252.3837,0,0,0,0,81.8577,-334.2414,0
tpcds_11,customer_id,0,0,0,80.8752,0,0,0,0,0.6672,-81.5425,0
tpcds_11,customer_id,0,0,0,252.3837,0,0,0,0,81.8751,-334.2588,0
tpcds_11,customer_id,0,0,0,0.0192,0,0,0,0,81.8603,-81.8795,0
tpcds_11,customer_id,0,0,0,80.8752,0,0,0,0,0.8645,-81.7398,0
tpcds_11,customer_id,0,0,0,252.3837,0,0,0,0,81.8977,-334.2814,0
tpcds_11,customer_id,0,0,0,0.0192,0,0,0,0,81.8575,-81.8767,0
tpcds_11,customer_id,0,0,0,252.3837,0,0,0,0,81.9124,-334.2961,0
tpcds_13,ss_store_sk,0,0,0,0.1703,0,0,0,0,122.6445,-122.8148,0
tpcds_14,cs_sold_date_sk,0,0,0,0.2429,0,0,0,0,0.4157,-0.6586,0
tpcds_14,cs_sold_date_sk,0,0,0,0.2429,0,0,0,0,0.0549,-0.2978,0
tpcds_14,cs_sold_date_sk,0,0,0,0.2429,0,0,0,0,0.0598,-0.3027,0
tpcds_14,cs_sold_date_sk,0,0,0,0.2429,0,0,0,0,0.0401,-0.2830,0
tpcds_14,cs_sold_date_sk,0,0,0,0.2429,0,0,0,0,0.0350,-0.2779,0
tpcds_14,cs_sold_date_sk,0,0,0,0.2429,0,0,0,0,0.0839,-0.3268,0
tpcds_14,cs_sold_date_sk,0,0,0,0.2429,0,0,0,0,0.0799,-0.3228,0
tpcds_14,cs_sold_date_sk,0,0,0,0.2429,0,0,0,0,0.0418,-0.2847,0
tpcds_14,cs_sold_date_sk,0,0,0,0.2429,0,0,0,0,0.0448,-0.2877,0
tpcds_14,cs_sold_date_sk,0,0,0,0.2429,0,0,0,0,0.0329,-0.2758,0
tpcds_14,cs_sold_date_sk,0,0,0,0.2429,0,0,0,0,0.0313,-0.2742,0
tpcds_14,cs_sold_date_sk,0,0,0,0.2429,0,0,0,0,0.0317,-0.2746,0
tpcds_14,cs_sold_date_sk,0,0,0,0.2429,0,0,0,0,0.0456,-0.2886,0
tpcds_14,cs_sold_date_sk,0,0,0,0.2429,0,0,0,0,0.0404,-0.2833,0
tpcds_14,ws_sold_date_sk,0,0,0,0.7142,0,0,0,0,0.1005,-0.8147,0
tpcds_14,ws_sold_date_sk,0,0,0,0.7142,0,0,0,0,0.0941,-0.8083,0
tpcds_14,ss_sold_date_sk,0,0,0,2.0102,0,0,0,0,0.0573,-2.0675,0
tpcds_14,ws_sold_date_sk,0,0,0,0.7142,0,0,0,0,0.0423,-0.7565,0
tpcds_14,ws_sold_date_sk,0,0,0,0.7142,0,0,0,0,0.0353,-0.7495,0
tpcds_14,ss_sold_date_sk,0,0,0,2.0102,0,0,0,0,0.0421,-2.0523,0
tpcds_14,ws_sold_date_sk,0,0,0,0.7142,0,0,0,0,0.0359,-0.7501,0
tpcds_14,ss_sold_date_sk,0,0,0,2.0102,0,0,0,0,0.0283,-2.0385,0
tpcds_14,ws_sold_date_sk,0,0,0,0.7142,0,0,0,0,0.0298,-0.7441,0
tpcds_14,ws_sold_date_sk,0,0,0,0.7142,0,0,0,0,0.0860,-0.8003,0
tpcds_14,ss_sold_date_sk,0,0,0,2.0102,0,0,0,0,0.0256,-2.0358,0
tpcds_14,ws_sold_date_sk,0,0,0,0.7142,0,0,0,0,0.0297,-0.7439,0
tpcds_14,ss_sold_date_sk,0,0,0,2.0102,0,0,0,0,0.0252,-2.0354,0
tpcds_14,ws_sold_date_sk,0,0,0,0.7142,0,0,0,0,0.0341,-0.7484,0
tpcds_14,ws_sold_date_sk,0,0,0,0.7142,0,0,0,0,0.0747,-0.7889,0
tpcds_14,ws_sold_date_sk,0,0,0,1.9167,0,0,0,0,0.0349,-1.9516,0
tpcds_14,ss_sold_date_sk,0,0,0,2.0102,0,0,0,0,0.0414,-2.0516,0
tpcds_14,cs_sold_date_sk,0,0,0,1.9431,0,0,0,0,0.0385,-1.9816,0
tpcds_14,ws_sold_date_sk,0,0,0,0.7142,0,0,0,0,0.0659,-0.7802,0
tpcds_14,ss_sold_date_sk,0,0,0,2.0102,0,0,0,0,0.0284,-2.0386,0
tpcds_14,cs_sold_date_sk,0,0,0,1.9431,0,0,0,0,0.0335,-1.9766,0
tpcds_14,ss_sold_date_sk,0,0,0,2.0102,0,0,0,0,0.0288,-2.0389,0
tpcds_14,cs_sold_date_sk,0,0,0,1.9431,0,0,0,0,0.0313,-1.9744,0
tpcds_14,ss_sold_date_sk,0,0,0,2.0102,0,0,0,0,0.0474,-2.0576,0
tpcds_14,ws_sold_date_sk,0,0,0,1.9167,0,0,0,0,0.0532,-1.9699,0
tpcds_14,ws_sold_date_sk,0,0,0,0.7142,0,0,0,0,0.0913,-0.8056,0
tpcds_14,ws_sold_date_sk,0,0,0,1.9167,0,0,0,0,0.0644,-1.9811,0
tpcds_14,ws_sold_date_sk,0,0,0,1.9167,0,0,0,0,0.0542,-1.9709,0
tpcds_14,ws_sold_date_sk,0,0,0,1.9167,0,0,0,0,0.0605,-1.9772,0
tpcds_14,ws_sold_date_sk,0,0,0,1.9167,0,0,0,0,0.0635,-1.9802,0
tpcds_14,ws_sold_date_sk,0,0,0,0.7142,0,0,0,0,0.1149,-0.8292,0
tpcds_14,ws_sold_date_sk,0,0,0,1.9167,0,0,0,0,0.0621,-1.9788,0
tpcds_14,ws_sold_date_sk,0,0,0,1.9167,0,0,0,0,0.0577,-1.9744,0
tpcds_14,ws_sold_date_sk,0,0,0,0.7142,0,0,0,0,0.1167,-0.8310,0
tpcds_14,ws_sold_date_sk,0,0,0,1.9167,0,0,0,0,0.0825,-1.9992,0
tpcds_14,cs_sold_date_sk,0,0,0,1.9431,0,0,0,0,0.0672,-2.0103,0
tpcds_14,ws_sold_date_sk,0,0,0,0.7142,0,0,0,0,0.1245,-0.8388,0
tpcds_14,cs_sold_date_sk,0,0,0,1.9431,0,0,0,0,0.0583,-2.0014,0
tpcds_14,cs_sold_date_sk,0,0,0,1.9431,0,0,0,0,0.0568,-1.9999,0
tpcds_14,cs_sold_date_sk,0,0,0,1.9431,0,0,0,0,0.0976,-2.0407,0
tpcds_14,cs_sold_date_sk,0,0,0,1.9431,0,0,0,0,0.0688,-2.0118,0
tpcds_14,cs_sold_date_sk,0,0,0,1.9431,0,0,0,0,0.0542,-1.9973,0
tpcds_14,cs_sold_date_sk,0,0,0,1.9431,0,0,0,0,0.0703,-2.0133,0
tpcds_14,cs_sold_date_sk,0,0,0,1.9431,0,0,0,0,0.0585,-2.0016,0
tpcds_14,cs_sold_date_sk,0,0,0,1.9431,0,0,0,0,0.0687,-2.0118,0
tpcds_14,ss_sold_date_sk,0,0,0,3.0734,0,0,0,0,0.0829,-3.1563,0
tpcds_14,cs_sold_date_sk,0,0,0,1.9431,0,0,0,0,0.1116,-2.0547,0
tpcds_14,ss_sold_date_sk,0,0,0,0.4796,0,0,0,0,0.2370,-0.7167,0
tpcds_14,cs_sold_date_sk,0,0,0,1.9431,0,0,0,0,0.0644,-2.0075,0
tpcds_14,ss_sold_date_sk,0,0,0,3.0734,0,0,0,0,0.0752,-3.1487,0
tpcds_14,ss_sold_date_sk,0,0,0,0.4796,0,0,0,0,0.1284,-0.6081,0
tpcds_14,ss_sold_date_sk,0,0,0,3.0734,0,0,0,0,0.0537,-3.1272,0
tpcds_14,ss_sold_date_sk,0,0,0,3.0734,0,0,0,0,0.0502,-3.1237,0
tpcds_14,ss_sold_date_sk,0,0,0,3.0734,0,0,0,0,0.0462,-3.1197,0
tpcds_14,ss_sold_date_sk,0,0,0,0.4796,0,0,0,0,0.1086,-0.5883,0
tpcds_14,ss_sold_date_sk,0,0,0,3.0734,0,0,0,0,0.0499,-3.1234,0
tpcds_14,ss_sold_date_sk,0,0,0,3.0734,0,0,0,0,0.0492,-3.1226,0
tpcds_14,ss_sold_date_sk,0,0,0,3.0734,0,0,0,0,0.0581,-3.1315,0
tpcds_14,ss_sold_date_sk,0,0,0,3.0734,0,0,0,0,0.0551,-3.1285,0
tpcds_14,ss_sold_date_sk,0,0,0,3.0734,0,0,0,0,0.0511,-3.1246,0
tpcds_14,ss_sold_date_sk,0,0,0,3.0734,0,0,0,0,0.0442,-3.1176,0
tpcds_14,ws_sold_date_sk,0,0,0,0.2074,0,0,0,0,0.1878,-0.3952,0
tpcds_14,ss_sold_date_sk,0,0,0,3.0734,0,0,0,0,0.0647,-3.1381,0
tpcds_14,ws_sold_date_sk,0,0,0,0.2074,0,0,0,0,0.1270,-0.3344,0
tpcds_14,ss_sold_date_sk,0,0,0,3.0734,0,0,0,0,0.0460,-3.1194,0
tpcds_14,ws_sold_date_sk,0,0,0,1.9167,0,0,0,0,3.7945,-5.7112,0
tpcds_14,ws_sold_date_sk,0,0,0,1.9167,0,0,0,0,0.0852,-2.0019,0
tpcds_14,ws_sold_date_sk,0,0,0,1.9167,0,0,0,0,0.0653,-1.9820,0
tpcds_14,ws_sold_date_sk,0,0,0,1.9167,0,0,0,0,0.0798,-1.9965,0
tpcds_14,ws_sold_date_sk,0,0,0,1.9167,0,0,0,0,0.0553,-1.9720,0
tpcds_14,ws_sold_date_sk,0,0,0,1.9167,0,0,0,0,0.0873,-2.0040,0
tpcds_14,ws_item_sk,0,0,0,0.3109,0,0,0,0,0.2978,-0.6087,0
tpcds_14,ss_sold_date_sk,0,0,0,0.4796,0,0,0,0,2.9359,-3.4155,0
tpcds_14,ss_sold_date_sk,0,0,0,0.4796,0,0,0,0,0.0818,-0.5614,0
tpcds_14,ss_sold_date_sk,0,0,0,0.4796,0,0,0,0,0.0777,-0.5574,0
tpcds_14,cs_sold_date_sk,0,0,0,3.6253,0,0,0,0,0.0874,-3.7127,0
tpcds_14,cs_sold_date_sk,0,0,0,3.6253,0,0,0,0,0.0785,-3.7038,0
tpcds_14,cs_sold_date_sk,0,0,0,3.6253,0,0,0,0,0.0749,-3.7002,0
tpcds_14,cs_sold_date_sk,0,0,0,3.6253,0,0,0,0,0.0500,-3.6753,0
tpcds_14,cs_sold_date_sk,0,0,0,3.6253,0,0,0,0,0.0813,-3.7066,0
tpcds_14,cs_sold_date_sk,0,0,0,3.6253,0,0,0,0,0.0556,-3.6809,0
tpcds_14,cs_sold_date_sk,0,0,0,3.6253,0,0,0,0,0.1110,-3.7363,0
tpcds_14,cs_sold_date_sk,0,0,0,3.6253,0,0,0,0,0.0956,-3.7209,0
tpcds_14,cs_sold_date_sk,0,0,0,3.6253,0,0,0,0,0.1183,-3.7436,0
tpcds_14,cs_sold_date_sk,0,0,0,3.6253,0,0,0,0,0.0972,-3.7225,0
tpcds_14,cs_sold_date_sk,0,0,0,3.6253,0,0,0,0,0.1138,-3.7391,0
tpcds_14,cs_sold_date_sk,0,0,0,3.6253,0,0,0,0,0.0854,-3.7107,0
tpcds_14,ws_item_sk,0,0,0,0.2333,0,0,0,0,0.3946,-0.6280,0
tpcds_14,ws_sold_date_sk,0,0,0,0.2074,0,0,0,0,0.0862,-0.2937,0
tpcds_14,cs_sold_date_sk,0,0,0,3.6253,0,0,0,0,0.0843,-3.7096,0
tpcds_14,ws_sold_date_sk,0,0,0,0.2074,0,0,0,0,0.0875,-0.2949,0
tpcds_14,cs_sold_date_sk,0,0,0,3.6253,0,0,0,0,0.0865,-3.7118,0
tpcds_14,ws_sold_date_sk,0,0,0,0.2074,0,0,0,0,0.0868,-0.2943,0
tpcds_14,ws_sold_date_sk,0,0,0,0.2074,0,0,0,0,0.0736,-0.2810,0
tpcds_14,ws_sold_date_sk,0,0,0,0.2074,0,0,0,0,0.0821,-0.2895,0
tpcds_14,ws_sold_date_sk,0,0,0,0.2074,0,0,0,0,0.0721,-0.2796,0
tpcds_14,ws_item_sk,0,0,0,1.6825,0,0,0,0,2.2218,-3.9043,0
tpcds_14,ws_sold_date_sk,0,0,0,0.2074,0,0,0,0,0.1075,-0.3149,0
tpcds_14,ws_sold_date_sk,0,0,0,0.2074,0,0,0,0,0.1327,-0.3401,0
tpcds_14,ws_sold_date_sk,0,0,0,0.2074,0,0,0,0,0.0979,-0.3054,0
tpcds_14,ws_sold_date_sk,0,0,0,0.2074,0,0,0,0,0.0834,-0.2908,0
tpcds_14,ws_sold_date_sk,0,0,0,0.2074,0,0,0,0,0.0805,-0.2880,0
tpcds_14,ws_sold_date_sk,0,0,0,0.2074,0,0,0,0,0.0777,-0.2851,0
tpcds_14,ws_sold_date_sk,0,0,0,0.2074,0,0,0,0,0.0802,-0.2876,0
tpcds_14,ss_item_sk,0,0,0,0.2405,0,0,0,0,0.4255,-0.6659,0
tpcds_14,ss_item_sk,0,0,0,0.2405,0,0,0,0,0.4885,-0.7290,0
tpcds_14,ss_item_sk,0,0,0,0.2405,0,0,0,0,0.3102,-0.5507,0
tpcds_14,ss_item_sk,0,0,0,0.2405,0,0,0,0,0.3460,-0.5864,0
tpcds_14,ss_item_sk,0,0,0,0.2405,0,0,0,0,0.2277,-0.4682,0
tpcds_14,ss_item_sk,0,0,0,0.2405,0,0,0,0,0.3028,-0.5433,0
tpcds_14,cs_item_sk,0,0,0,1.9173,0,0,0,0,0.2558,-2.1731,0
tpcds_14,ss_item_sk,0,0,0,0.1962,0,0,0,0,0.3784,-0.5746,0
tpcds_14,ws_item_sk,0,0,0,0.1681,0,0,0,0,2.9392,-3.1073,0
tpcds_14,cs_item_sk,0,0,0,3.0706,0,0,0,0,0.3656,-3.4362,0
tpcds_14,ss_item_sk,0,0,0,0.2405,0,0,0,0,2.5758,-2.8163,0
tpcds_14,cs_item_sk,0,0,0,0.3441,0,0,0,0,0.3354,-0.6796,0
tpcds_14,cs_item_sk,0,0,0,3.0706,0,0,0,0,0.3618,-3.4324,0
tpcds_14,cs_item_sk,0,0,0,0.3441,0,0,0,0,0.1462,-0.4904,0
tpcds_14,cs_item_sk,0,0,0,3.0706,0,0,0,0,0.3134,-3.3840,0
tpcds_14,cs_item_sk,0,0,0,3.0706,0,0,0,0,0.3023,-3.3730,0
tpcds_14,cs_item_sk,0,0,0,3.0706,0,0,0,0,0.4171,-3.4878,0
tpcds_14,cs_item_sk,0,0,0,3.0706,0,0,0,0,0.3855,-3.4561,0
tpcds_14,cs_item_sk,0,0,0,0.2400,0,0,0,0,4.2466,-4.4866,0
tpcds_14,ss_item_sk,0,0,0,0.2684,0,0,0,0,0.2456,-0.5141,0
tpcds_14,ss_item_sk,0,0,0,0.2684,0,0,0,0,0.1697,-0.4381,0
tpcds_14,ss_item_sk,0,0,0,0.2858,0,0,0,0,0.4167,-0.7024,0
tpcds_14,ss_item_sk,0,0,0,0.2684,0,0,0,0,0.2725,-0.5409,0
tpcds_14,ss_item_sk,0,0,0,0.2684,0,0,0,0,0.2549,-0.5234,0
tpcds_14,ss_item_sk,0,0,0,0.2684,0,0,0,0,0.2874,-0.5558,0
tpcds_14,cs_item_sk,0,0,0,3.0706,0,0,0,0,1.9966,-5.0672,0
tpcds_14,ss_item_sk,0,0,0,0.2684,0,0,0,0,1.5072,-1.7757,0
tpcds_14,ss_item_sk,0,0,0,0.2684,0,0,0,0,1.7927,-2.0612,0
tpcds_14,ss_item_sk,0,0,0,0.2405,96,783252,747740,35512,89.7328,-54.4613,0
tpcds_14,ss_item_sk,0,0,0,0.2684,96,783252,747740,35512,90.1626,-54.9191,0
tpcds_14,ss_item_sk,0,0,0,0.2405,128,1048576,1001547,47029,114.9178,-68.1293,0
tpcds_14,cs_sold_date_sk,0,0,0,3.6253,48,392972,391054,1918,120.9959,-122.7032,0
tpcds_14,cs_sold_date_sk,0,0,0,0.2429,48,392972,391054,1918,128.6998,-127.0247,0
tpcds_14,cs_sold_date_sk,0,0,0,1.9431,48,392972,391054,1918,126.3729,-126.3980,0
tpcds_14,cs_item_sk,0,0,0,3.0706,128,1048576,1043385,5191,137.3344,-135.2140,0
tpcds_14,ws_sold_date_sk,0,0,0,0.7142,88,719384,719197,187,165.8114,-166.3387,0
tpcds_14,ws_sold_date_sk,0,0,0,1.9167,88,719384,719197,187,169.6113,-171.3410,0
tpcds_14,ws_sold_date_sk,0,0,0,0.2074,88,719384,719197,187,162.9073,-162.9278,0
tpcds_14,ss_sold_date_sk,0,0,0,0.4796,96,783252,747757,35495,180.2801,-145.2647,0
tpcds_14,ss_sold_date_sk,0,0,0,3.0734,96,783252,747757,35495,187.2803,-154.8587,0
tpcds_14,ss_sold_date_sk,0,0,0,2.0102,96,783252,747757,35495,190.1177,-156.6329,0
tpcds_14,ss_sold_date_sk,0,0,0,3.0734,128,1048576,1001584,46992,210.0048,-166.0862,0
tpcds_14,cs_sold_date_sk,0,0,0,3.6253,128,1048576,1043441,5135,208.8164,-207.3067,0
tpcds_14,cs_sold_date_sk,0,0,0,0.2429,128,1048576,1043441,5135,217.9876,-213.0955,0
tpcds_14,ss_sold_date_sk,0,0,0,3.0734,128,1048576,1001426,47150,215.3056,-171.2290,0
tpcds_14,cs_sold_date_sk,0,0,0,1.9431,128,1048576,1043441,5135,217.5058,-214.3138,0
tpcds_14,ss_sold_date_sk,0,0,0,2.0102,128,1048576,1001584,46992,219.5399,-174.5581,0
tpcds_14,i_class_id,0,0,0,2001.0856,0,0,0,0,0.6031,-2001.6887,0
tpcds_14,i_class_id,0,0,0,2001.0856,1,8192,0,8192,0.7906,-1993.6842,0
tpcds_14,i_category_id,0,0,0,2001.0939,0,0,0,0,1.0045,-2002.0985,0
tpcds_14,i_category_id,0,0,0,2001.0939,1,0,0,0,0.9990,-2002.0930,0
tpcds_14,i_class_id,0,0,0,2001.0856,1,1616,0,1616,1.2734,-2000.7430,0
tpcds_14,i_category_id,0,0,0,2001.0939,1,0,0,0,1.3050,-2002.3990,0
tpcds_14,i_class_id,0,0,0,2001.0856,1,8192,0,8192,1.3130,-1994.2067,0
tpcds_14,i_category_id,0,0,0,2001.0939,1,0,0,0,1.3431,-2002.4371,0
tpcds_14,i_class_id,0,0,0,2001.0856,0,0,0,0,1.5941,-2002.6797,0
tpcds_14,i_category_id,0,0,0,2001.0939,0,0,0,0,1.6119,-2002.7058,0
tpcds_14,i_class_id,0,0,0,2001.0856,0,0,0,0,1.6478,-2002.7334,0
tpcds_14,i_category_id,0,0,0,2001.0939,0,0,0,0,1.6660,-2002.7599,0
tpcds_14,i_class_id,0,0,0,2001.0856,0,0,0,0,1.5482,-2002.6338,0
tpcds_14,i_category_id,0,0,0,2001.0939,0,0,0,0,1.5697,-2002.6636,0
tpcds_14,i_class_id,0,0,0,2001.0856,0,0,0,0,1.7813,-2002.8669,0
tpcds_14,i_category_id,0,0,0,2001.0939,0,0,0,0,1.7986,-2002.8926,0
tpcds_14,i_class_id,0,0,0,2001.0856,0,0,0,0,1.8011,-2002.8868,0
tpcds_14,i_class_id,0,0,0,2001.0856,0,0,0,0,1.7365,-2002.8221,0
tpcds_14,i_category_id,0,0,0,2001.0939,0,0,0,0,1.8200,-2002.9140,0
tpcds_14,i_category_id,0,0,0,2001.0939,0,0,0,0,1.7555,-2002.8494,0
tpcds_14,i_class_id,0,0,0,2001.0856,0,0,0,0,1.8829,-2002.9685,0
tpcds_14,i_class_id,0,0,0,2001.0856,0,0,0,0,1.9114,-2002.9970,0
tpcds_14,i_category_id,0,0,0,2001.0939,0,0,0,0,1.9003,-2002.9943,0
tpcds_14,i_category_id,0,0,0,2001.0939,0,0,0,0,1.9305,-2003.0245,0
tpcds_14,i_class_id,0,0,0,2002.2648,0,0,0,0,1.2626,-2003.5274,0
tpcds_14,i_class_id,0,0,0,2001.0856,0,0,0,0,1.7021,-2002.7877,0
tpcds_14,i_category_id,0,0,0,2001.0939,0,0,0,0,1.7204,-2002.8143,0
tpcds_14,i_class_id,0,0,0,2001.0856,0,0,0,0,1.7309,-2002.8165,0
tpcds_14,i_category_id,0,0,0,2002.2738,0,0,0,0,1.3487,-2003.6225,0
tpcds_14,i_category_id,0,0,0,2001.0939,0,0,0,0,1.7520,-2002.8460,0
tpcds_14,i_class_id,0,0,0,2001.3279,0,0,0,0,1.3215,-2002.6494,0
tpcds_14,i_class_id,0,0,0,2001.0856,0,0,0,0,2.2340,-2003.3196,0
tpcds_14,i_category_id,0,0,0,2001.3362,0,0,0,0,1.4080,-2002.7443,0
tpcds_14,i_category_id,0,0,0,2001.0939,0,0,0,0,2.2525,-2003.3465,0
tpcds_14,i_class_id,0,0,0,2002.2648,0,0,0,0,1.2657,-2003.5306,0
tpcds_14,i_class_id,0,0,0,2001.3279,0,0,0,0,1.4440,-2002.7719,0
tpcds_14,i_category_id,0,0,0,2002.2738,0,0,0,0,1.2852,-2003.5590,0
tpcds_14,i_category_id,0,0,0,2001.3362,0,0,0,0,1.4641,-2002.8003,0
tpcds_14,i_class_id,0,0,0,2001.0856,0,0,0,0,2.1353,-2003.2209,0
tpcds_14,i_category_id,0,0,0,2001.0939,0,0,0,0,2.1566,-2003.2506,0
tpcds_14,i_class_id,0,0,0,2001.3279,0,0,0,0,1.5252,-2002.8531,0
tpcds_14,i_category_id,0,0,0,2001.3362,0,0,0,0,1.5444,-2002.8806,0
tpcds_14,i_class_id,0,0,0,2001.3279,0,0,0,0,1.5044,-2002.8323,0
tpcds_14,i_category_id,0,0,0,2001.3362,0,0,0,0,1.5434,-2002.8796,0
tpcds_14,i_class_id,0,0,0,2001.3279,0,0,0,0,1.6343,-2002.9622,0
tpcds_14,i_category_id,0,0,0,2001.3362,0,0,0,0,1.6516,-2002.9878,0
tpcds_14,i_class_id,0,0,0,2001.3279,0,0,0,0,1.6494,-2002.9773,0
tpcds_14,i_category_id,0,0,0,2001.3362,0,0,0,0,1.6639,-2003.0001,0
tpcds_14,i_class_id,0,0,0,2002.2648,1,8192,0,8192,1.6723,-1995.7451,0
tpcds_14,i_category_id,0,0,0,2002.2738,1,0,0,0,1.6951,-2003.9689,0
tpcds_14,i_class_id,0,0,0,2001.3279,1,8192,0,8192,1.7752,-1994.9111,0
tpcds_14,i_class_id,0,0,0,2001.3279,0,0,0,0,1.8453,-2003.1732,0
tpcds_14,i_category_id,0,0,0,2001.3362,1,0,0,0,1.7949,-2003.1311,0
tpcds_14,i_category_id,0,0,0,2001.3362,0,0,0,0,1.8626,-2003.1988,0
tpcds_14,i_class_id,0,0,0,2001.3279,0,0,0,0,1.8404,-2003.1683,0
tpcds_14,i_category_id,0,0,0,2001.3362,0,0,0,0,1.8569,-2003.1932,0
tpcds_14,i_class_id,0,0,0,2001.3279,0,0,0,0,1.8255,-2003.1534,0
tpcds_14,i_class_id,0,0,0,2002.2648,1,8192,0,8192,1.7947,-1995.8676,0
tpcds_14,i_category_id,0,0,0,2001.3362,0,0,0,0,1.8416,-2003.1778,0
tpcds_14,i_class_id,0,0,0,2001.3279,1,8192,0,8192,1.8864,-1995.0223,0
tpcds_14,i_category_id,0,0,0,2002.2738,1,0,0,0,1.8123,-2004.0861,0
tpcds_14,i_category_id,0,0,0,2001.3362,1,0,0,0,1.9039,-2003.2401,0
tpcds_14,i_class_id,0,0,0,2001.3279,0,0,0,0,1.8851,-2003.2130,0
tpcds_14,i_category_id,0,0,0,2001.3362,0,0,0,0,1.9007,-2003.2369,0
tpcds_14,i_class_id,0,0,0,2001.3279,1,1616,0,1616,1.9770,-2001.6889,0
tpcds_14,i_class_id,0,0,0,2002.2648,1,1616,0,1616,1.9172,-2002.5661,0
tpcds_14,i_category_id,0,0,0,2001.3362,1,0,0,0,1.9935,-2003.3297,0
tpcds_14,i_category_id,0,0,0,2002.2738,1,0,0,0,1.9403,-2004.2141,0
tpcds_14,i_class_id,0,0,0,2002.2648,0,0,0,0,2.0544,-2004.3192,0
tpcds_14,i_category_id,0,0,0,2002.2738,0,0,0,0,2.0727,-2004.3465,0
tpcds_14,i_class_id,0,0,0,2002.2648,0,0,0,0,2.1343,-2004.3991,0
tpcds_14,i_category_id,0,0,0,2002.2738,0,0,0,0,2.1570,-2004.4308,0
tpcds_14,i_class_id,0,0,0,2002.2648,0,0,0,0,2.1200,-2004.3849,0
tpcds_14,i_category_id,0,0,0,2002.2738,0,0,0,0,2.1334,-2004.4072,0
tpcds_14,i_class_id,0,0,0,2002.2648,0,0,0,0,2.2469,-2004.5117,0
tpcds_14,i_class_id,0,0,0,2001.3279,0,0,0,0,2.2139,-2003.5418,0
tpcds_14,i_class_id,0,0,0,2001.3279,0,0,0,0,2.1869,-2003.5148,0
tpcds_14,i_category_id,0,0,0,2002.2738,0,0,0,0,2.2633,-2004.5371,0
tpcds_14,i_category_id,0,0,0,2001.3362,0,0,0,0,2.2336,-2003.5698,0
tpcds_14,i_class_id,0,0,0,2001.3279,0,0,0,0,2.2743,-2003.6022,0
tpcds_14,i_category_id,0,0,0,2001.3362,0,0,0,0,2.2969,-2003.6331,0
tpcds_14,i_category_id,0,0,0,2001.3362,0,0,0,0,2.2793,-2003.6155,0
tpcds_14,i_class_id,0,0,0,2002.2648,0,0,0,0,2.7453,-2005.0101,0
tpcds_14,i_class_id,0,0,0,2002.2648,0,0,0,0,2.2849,-2004.5497,0
tpcds_14,i_category_id,0,0,0,2002.2738,0,0,0,0,2.3005,-2004.5744,0
tpcds_14,i_category_id,0,0,0,2002.2738,0,0,0,0,2.7633,-2005.0371,0
tpcds_14,i_class_id,0,0,0,2002.2648,0,0,0,0,2.3512,-2004.6160,0
tpcds_14,i_category_id,0,0,0,2002.2738,0,0,0,0,2.3685,-2004.6423,0
tpcds_14,i_class_id,0,0,0,2002.2648,0,0,0,0,2.3471,-2004.6119,0
tpcds_14,i_category_id,0,0,0,2002.2738,0,0,0,0,2.3607,-2004.6345,0
tpcds_14,i_class_id,0,0,0,2002.2648,0,0,0,0,2.3686,-2004.6334,0
tpcds_14,i_category_id,0,0,0,2002.2738,0,0,0,0,2.3881,-2004.6619,0
tpcds_14,i_class_id,0,0,0,2002.2648,0,0,0,0,2.5039,-2004.7687,0
tpcds_14,i_category_id,0,0,0,2002.2738,0,0,0,0,2.5176,-2004.7914,0
tpcds_14,i_class_id,0,0,0,2002.2648,0,0,0,0,2.5879,-2004.8527,0
tpcds_14,i_category_id,0,0,0,2002.2738,0,0,0,0,2.6035,-2004.8773,0
tpcds_1,sr_returned_date_sk,0,0,0,0.0584,0,0,0,0,0.1665,-0.2249,0
tpcds_1,sr_returned_date_sk,0,0,0,0.0584,0,0,0,0,0.1193,-0.1778,0
tpcds_1,sr_returned_date_sk,0,0,0,0.0584,0,0,0,0,0.0626,-0.1210,0
tpcds_1,sr_returned_date_sk,0,0,0,0.0584,0,0,0,0,0.0777,-0.1361,0
tpcds_1,sr_returned_date_sk,0,0,0,0.0584,0,0,0,0,0.1029,-0.1613,0
tpcds_1,sr_returned_date_sk,0,0,0,0.0584,0,0,0,0,0.0990,-0.1574,0
tpcds_1,sr_returned_date_sk,0,0,0,0.0584,0,0,0,0,0.1150,-0.1734,0
tpcds_1,sr_returned_date_sk,0,0,0,0.0584,0,0,0,0,0.0921,-0.1505,0
tpcds_1,sr_returned_date_sk,0,0,0,0.0584,0,0,0,0,0.1504,-0.2088,0
tpcds_1,sr_returned_date_sk,0,0,0,0.0584,0,0,0,0,0.1006,-0.1590,0
tpcds_1,sr_returned_date_sk,0,0,0,0.0584,0,0,0,0,0.0920,-0.1505,0
tpcds_1,sr_returned_date_sk,0,0,0,0.0584,0,0,0,0,0.0929,-0.1514,0
tpcds_1,sr_returned_date_sk,0,0,0,0.0584,0,0,0,0,0.0915,-0.1500,0
tpcds_1,sr_returned_date_sk,0,0,0,0.0584,0,0,0,0,0.0883,-0.1467,0
tpcds_1,sr_returned_date_sk,0,0,0,0.0584,0,0,0,0,0.0830,-0.1414,0
tpcds_1,sr_returned_date_sk,0,0,0,0.0584,36,287514,277568,9946,45.4736,-35.5861,0
tpcds_1,s_store_sk,0,0,0,46.9127,0,0,0,0,0.9971,-47.9098,0
tpcds_1,s_store_sk,0,0,0,46.9127,0,0,0,0,1.0344,-47.9471,0
tpcds_1,s_store_sk,0,0,0,46.9127,0,0,0,0,1.0334,-47.9461,0
tpcds_1,s_store_sk,0,0,0,46.9127,0,0,0,0,1.0504,-47.9631,0
tpcds_1,s_store_sk,0,0,0,46.9127,0,0,0,0,1.0534,-47.9661,0
tpcds_1,s_store_sk,0,0,0,46.9127,0,0,0,0,1.0551,-47.9678,0
tpcds_1,s_store_sk,0,0,0,46.9127,0,0,0,0,1.0331,-47.9457,0
tpcds_1,s_store_sk,0,0,0,46.9127,0,0,0,0,1.0778,-47.9905,0
tpcds_1,s_store_sk,0,0,0,46.9127,0,0,0,0,1.0679,-47.9806,0
tpcds_1,s_store_sk,0,0,0,46.9127,0,0,0,0,1.0848,-47.9975,0
tpcds_1,s_store_sk,0,0,0,46.9127,0,0,0,0,1.0814,-47.9941,0
tpcds_1,s_store_sk,0,0,0,46.9127,0,0,0,0,1.0794,-47.9921,0
tpcds_1,s_store_sk,0,0,0,46.9127,0,0,0,0,1.1051,-48.0178,0
tpcds_1,s_store_sk,0,0,0,46.9127,0,0,0,0,1.1175,-48.0302,0
tpcds_1,s_store_sk,0,0,0,46.9127,0,0,0,0,1.1360,-48.0487,0
tpcds_1,s_store_sk,0,0,0,46.9127,0,0,0,0,1.1395,-48.0522,0
tpcds_1,c_customer_sk,0,0,0,48.2459,1,8192,0,8192,17.7215,-57.7754,0
tpcds_1,c_customer_sk,0,0,0,48.2459,1,8192,0,8192,17.7266,-57.7805,0
tpcds_1,c_customer_sk,0,0,0,48.2459,1,8192,0,8192,17.7536,-57.8074,0
tpcds_1,c_customer_sk,0,0,0,48.2459,1,1696,0,1696,17.7528,-64.3026,0
tpcds_1,c_customer_sk,0,0,0,48.2459,1,8192,0,8192,17.7981,-57.8519,0
tpcds_1,c_customer_sk,0,0,0,48.2459,0,0,0,0,17.7851,-66.0310,0
tpcds_1,c_customer_sk,0,0,0,48.2459,0,0,0,0,17.8113,-66.0572,0
tpcds_1,c_customer_sk,0,0,0,48.2459,1,8192,0,8192,17.8073,-57.8611,0
tpcds_1,c_customer_sk,0,0,0,48.2459,1,8192,0,8192,17.8036,-57.8574,0
tpcds_1,c_customer_sk,0,0,0,48.2459,0,0,0,0,17.8079,-66.0538,0
tpcds_1,c_customer_sk,0,0,0,48.2459,1,8192,0,8192,17.8467,-57.9006,0
tpcds_1,c_customer_sk,0,0,0,48.2459,1,8192,0,8192,17.8262,-57.8800,0
tpcds_1,c_customer_sk,0,0,0,48.2459,1,8192,0,8192,17.8155,-57.8694,0
tpcds_1,c_customer_sk,0,0,0,48.2459,1,8192,0,8192,17.8160,-57.8699,0
tpcds_1,c_customer_sk,0,0,0,48.2459,1,8192,0,8192,17.8384,-57.8922,0
tpcds_1,c_customer_sk,0,0,0,48.2459,1,8192,0,8192,17.8443,-57.8981,0
tpcds_1,sr_returned_date_sk,0,0,0,0.0093,0,0,0,0,0.1325,-0.1417,0
tpcds_1,sr_returned_date_sk,0,0,0,0.0093,0,0,0,0,0.0964,-0.1057,0
tpcds_1,sr_returned_date_sk,0,0,0,0.0093,0,0,0,0,0.1343,-0.1435,0
tpcds_1,sr_returned_date_sk,0,0,0,0.0093,0,0,0,0,0.1523,-0.1616,0
tpcds_1,sr_returned_date_sk,0,0,0,0.0093,0,0,0,0,0.0634,-0.0726,0
tpcds_1,sr_returned_date_sk,0,0,0,0.0093,0,0,0,0,0.0656,-0.0748,0
tpcds_1,sr_returned_date_sk,0,0,0,0.0093,0,0,0,0,0.0685,-0.0778,0
tpcds_1,sr_returned_date_sk,0,0,0,0.0093,0,0,0,0,0.0639,-0.0731,0
tpcds_1,sr_returned_date_sk,0,0,0,0.0093,0,0,0,0,0.0415,-0.0507,0
tpcds_1,sr_returned_date_sk,0,0,0,0.0093,0,0,0,0,0.0402,-0.0495,0
tpcds_1,sr_returned_date_sk,0,0,0,0.0093,0,0,0,0,0.0707,-0.0799,0
tpcds_1,sr_returned_date_sk,0,0,0,0.0093,0,0,0,0,0.0365,-0.0458,0
tpcds_1,sr_returned_date_sk,0,0,0,0.0093,0,0,0,0,0.0366,-0.0459,0
tpcds_1,sr_returned_date_sk,0,0,0,0.0093,0,0,0,0,0.0333,-0.0425,0
tpcds_1,sr_returned_date_sk,0,0,0,0.0093,0,0,0,0,0.1099,-0.1191,0
tpcds_1,sr_returned_date_sk,0,0,0,0.0093,36,287514,277568,9946,44.9061,-34.9694,0
tpcds_1,ctr_store_sk,0,0,0,65.0675,0,0,0,0,47.3206,-112.3880,0
tpcds_1,ctr_store_sk,0,0,0,65.0675,0,0,0,0,47.3408,-112.4083,0
tpcds_1,ctr_store_sk,0,0,0,65.0675,0,0,0,0,47.3368,-112.4042,0
tpcds_1,ctr_store_sk,0,0,0,65.0675,0,0,0,0,47.3316,-112.3990,0
tpcds_1,ctr_store_sk,0,0,0,65.0675,0,0,0,0,47.4437,-112.5111,0
tpcds_1,ctr_store_sk,0,0,0,65.0675,0,0,0,0,47.5343,-112.6018,0
tpcds_1,ctr_store_sk,0,0,0,65.0675,0,0,0,0,47.4560,-112.5234,0
tpcds_1,ctr_store_sk,0,0,0,65.0675,0,0,0,0,47.4773,-112.5447,0
tpcds_1,ctr_store_sk,0,0,0,65.0675,0,0,0,0,47.5551,-112.6226,0
tpcds_1,ctr_store_sk,0,0,0,65.0675,0,0,0,0,47.5310,-112.5985,0
tpcds_1,ctr_store_sk,0,0,0,65.0675,0,0,0,0,47.5326,-112.6001,0
tpcds_1,ctr_store_sk,0,0,0,65.0675,0,0,0,0,47.6606,-112.7280,0
tpcds_1,ctr_store_sk,0,0,0,65.0675,0,0,0,0,47.5741,-112.6415,0
tpcds_1,ctr_store_sk,0,0,0,65.0675,0,0,0,0,47.5879,-112.6554,0
tpcds_1,ctr_store_sk,0,0,0,65.0675,0,0,0,0,47.6140,-112.6815,0
tpcds_1,ctr_store_sk,0,0,0,65.0675,0,0,0,0,47.7012,-112.7687,0
tpcds_2,sold_date_sk,0,0,0,5.1487,0,0,0,0,0.1923,-5.3411,0
tpcds_2,sold_date_sk,0,0,0,5.1487,0,0,0,0,0.0922,-5.2409,0
tpcds_2,sold_date_sk,0,0,0,5.1487,0,0,0,0,0.5038,-5.6525,0
tpcds_2,sold_date_sk,0,0,0,5.1487,0,0,0,0,0.0756,-5.2243,0
tpcds_2,sold_date_sk,0,0,0,5.1487,0,0,0,0,0.0840,-5.2327,0
tpcds_2,sold_date_sk,0,0,0,5.1487,0,0,0,0,0.5313,-5.6800,0
tpcds_2,sold_date_sk,0,0,0,5.1487,0,0,0,0,0.0697,-5.2185,0
tpcds_2,sold_date_sk,0,0,0,5.1487,0,0,0,0,0.0705,-5.2192,0
tpcds_2,sold_date_sk,0,0,0,5.1487,0,0,0,0,0.0679,-5.2166,0
tpcds_2,sold_date_sk,0,0,0,5.1487,0,0,0,0,0.1335,-5.2822,0
tpcds_2,sold_date_sk,0,0,0,5.1487,0,0,0,0,0.1465,-5.2952,0
tpcds_2,sold_date_sk,0,0,0,5.1487,0,0,0,0,0.0767,-5.2254,0
tpcds_2,sold_date_sk,0,0,0,5.1487,0,0,0,0,0.1083,-5.2570,0
tpcds_2,sold_date_sk,0,0,0,5.1487,0,0,0,0,0.1374,-5.2861,0
tpcds_2,sold_date_sk,0,0,0,5.1487,0,0,0,0,0.0700,-5.2187,0
tpcds_2,sold_date_sk,0,0,0,5.1487,0,0,0,0,0.0688,-5.2175,0
tpcds_2,sold_date_sk,0,0,0,5.1487,0,0,0,0,0.0969,-5.2456,0
tpcds_2,sold_date_sk,0,0,0,5.1487,0,0,0,0,0.0729,-5.2216,0
tpcds_2,sold_date_sk,0,0,0,5.1487,0,0,0,0,0.1802,-5.3289,0
tpcds_2,sold_date_sk,0,0,0,5.1487,0,0,0,0,0.0664,-5.2152,0
tpcds_2,sold_date_sk,0,0,0,5.1487,0,0,0,0,0.0666,-5.2153,0
tpcds_2,sold_date_sk,0,0,0,5.1487,0,0,0,0,0.1346,-5.2833,0
tpcds_2,sold_date_sk,0,0,0,5.1487,0,0,0,0,0.0686,-5.2173,0
tpcds_2,sold_date_sk,0,0,0,5.1487,0,0,0,0,0.1475,-5.2962,0
tpcds_2,sold_date_sk,0,0,0,5.1487,0,0,0,0,0.0942,-5.2429,0
tpcds_2,sold_date_sk,0,0,0,5.1487,0,0,0,0,0.3904,-5.5391,0
tpcds_2,sold_date_sk,0,0,0,5.1487,0,0,0,0,0.1429,-5.2916,0
tpcds_2,sold_date_sk,0,0,0,5.1487,0,0,0,0,0.3170,-5.4657,0
tpcds_2,sold_date_sk,0,0,0,5.1487,0,0,0,0,0.5207,-5.6694,0
tpcds_2,sold_date_sk,0,0,0,10.7301,0,0,0,0,0.2267,-10.9568,0
tpcds_2,sold_date_sk,0,0,0,10.7301,0,0,0,0,0.1256,-10.8557,0
tpcds_2,sold_date_sk,0,0,0,10.7301,0,0,0,0,0.2127,-10.9427,0
tpcds_2,sold_date_sk,0,0,0,10.7301,0,0,0,0,0.0876,-10.8177,0
tpcds_2,sold_date_sk,0,0,0,10.7301,0,0,0,0,0.0948,-10.8248,0
tpcds_2,sold_date_sk,0,0,0,10.7301,0,0,0,0,0.2238,-10.9539,0
tpcds_2,sold_date_sk,0,0,0,10.7301,0,0,0,0,0.0798,-10.8099,0
tpcds_2,sold_date_sk,0,0,0,10.7301,0,0,0,0,0.0784,-10.8085,0
tpcds_2,sold_date_sk,0,0,0,10.7301,0,0,0,0,0.1550,-10.8851,0
tpcds_2,sold_date_sk,0,0,0,10.7301,0,0,0,0,0.1902,-10.9203,0
tpcds_2,sold_date_sk,0,0,0,10.7301,0,0,0,0,0.1467,-10.8767,0
tpcds_2,sold_date_sk,0,0,0,10.7301,0,0,0,0,0.1932,-10.9233,0
tpcds_2,sold_date_sk,0,0,0,10.7301,0,0,0,0,0.2113,-10.9414,0
tpcds_2,sold_date_sk,0,0,0,10.7301,0,0,0,0,0.2929,-11.0230,0
tpcds_2,sold_date_sk,0,0,0,10.7301,0,0,0,0,0.0996,-10.8297,0
tpcds_2,sold_date_sk,0,0,0,10.7301,0,0,0,0,0.6124,-11.3424,0
tpcds_2,sold_date_sk,0,0,0,10.7301,0,0,0,0,0.0871,-10.8171,0
tpcds_2,sold_date_sk,0,0,0,10.7301,0,0,0,0,0.1674,-10.8974,0
tpcds_2,sold_date_sk,0,0,0,10.7301,0,0,0,0,0.1842,-10.9142,0
tpcds_2,sold_date_sk,0,0,0,10.7301,0,0,0,0,0.0795,-10.8096,0
tpcds_2,sold_date_sk,0,0,0,10.7301,0,0,0,0,0.1780,-10.9081,0
tpcds_2,sold_date_sk,0,0,0,10.7301,0,0,0,0,0.1036,-10.8337,0
tpcds_2,sold_date_sk,0,0,0,10.7301,0,0,0,0,0.2134,-10.9435,0
tpcds_2,sold_date_sk,0,0,0,10.7301,0,0,0,0,0.1010,-10.8311,0
tpcds_2,sold_date_sk,0,0,0,10.7301,0,0,0,0,0.0818,-10.8119,0
tpcds_2,sold_date_sk,0,0,0,10.7301,0,0,0,0,0.1881,-10.9182,0
tpcds_2,sold_date_sk,0,0,0,10.7301,0,0,0,0,0.0897,-10.8198,0
tpcds_2,sold_date_sk,0,0,0,10.7301,0,0,0,0,0.0970,-10.8271,0
tpcds_2,sold_date_sk,0,0,0,10.7301,0,0,0,0,0.2091,-10.9392,0
tpcds_2,sold_date_sk,0,0,0,5.1487,48,392972,391054,1918,53.2698,-56.5005,0
tpcds_2,sold_date_sk,0,0,0,10.7301,48,392972,391054,1918,50.8382,-59.6503,0
tpcds_2,sold_date_sk,0,0,0,5.1487,88,719384,719197,187,75.2810,-80.2428,0
tpcds_2,sold_date_sk,0,0,0,10.7301,88,719384,719197,187,71.2816,-81.8247,0
tpcds_2,sold_date_sk,0,0,0,5.1487,128,1048576,1043441,5135,111.6648,-111.6785,0
tpcds_2,sold_date_sk,0,0,0,10.7301,128,1048576,1043441,5135,107.8840,-113.4791,0
tpcds_2,d_week_seq,0,0,0,122.8607,0,0,0,0,0.1319,-122.9927,0
tpcds_2,d_week_seq,0,0,0,122.8607,0,0,0,0,0.1268,-122.9876,0
tpcds_2,d_week_seq,0,0,0,122.8607,0,0,0,0,0.1372,-122.9979,0
tpcds_2,d_week_seq,0,0,0,122.8607,0,0,0,0,0.1493,-123.0100,0
tpcds_2,d_week_seq,0,0,0,122.8607,0,0,0,0,0.2223,-123.0830,0
tpcds_2,d_week_seq,0,0,0,122.8607,0,0,0,0,0.1747,-123.0354,0
tpcds_2,d_week_seq,0,0,0,122.8607,0,0,0,0,0.1845,-123.0452,0
tpcds_2,d_week_seq,0,0,0,122.8607,0,0,0,0,0.1871,-123.0478,0
tpcds_2,d_week_seq,0,0,0,122.8607,0,0,0,0,0.1887,-123.0494,0
tpcds_2,d_week_seq,0,0,0,122.8607,0,0,0,0,0.2024,-123.0632,0
tpcds_2,d_week_seq,0,0,0,122.8607,0,0,0,0,0.2180,-123.0787,0
tpcds_2,d_week_seq,0,0,0,122.8607,0,0,0,0,0.2064,-123.0671,0
tpcds_2,d_week_seq,0,0,0,122.8607,0,0,0,0,0.2328,-123.0935,0
tpcds_2,d_week_seq,0,0,0,122.8607,0,0,0,0,0.2156,-123.0763,0
tpcds_2,d_week_seq,0,0,0,122.8607,0,0,0,0,0.2095,-123.0702,0
tpcds_2,d_week_seq,0,0,0,122.8607,0,0,0,0,0.2319,-123.0927,0
tpcds_2,d_week_seq,0,0,0,0.0063,0,0,0,0,0.0928,-0.0992,0
tpcds_2,d_week_seq2,0,0,0,121.7058,0,0,0,0,0.1318,-121.8376,0
tpcds_2,d_week_seq,0,0,0,0.0063,0,0,0,0,0.0858,-0.0921,0
tpcds_2,d_week_seq2,0,0,0,121.7058,0,0,0,0,0.1387,-121.8446,0
tpcds_2,d_week_seq,0,0,0,0.0063,0,0,0,0,0.1258,-0.1321,0
tpcds_2,d_week_seq,0,0,0,0.0063,0,0,0,0,0.0991,-0.1054,0
tpcds_2,d_week_seq,0,0,0,0.0063,0,0,0,0,0.0980,-0.1043,0
tpcds_2,d_week_seq2,0,0,0,121.7058,0,0,0,0,0.1681,-121.8739,0
tpcds_2,d_week_seq2,0,0,0,121.7058,0,0,0,0,0.1572,-121.8631,0
tpcds_2,d_week_seq2,0,0,0,121.7058,0,0,0,0,0.1561,-121.8620,0
tpcds_2,d_week_seq,0,0,0,0.0063,0,0,0,0,0.1603,-0.1666,0
tpcds_2,d_week_seq2,0,0,0,121.7058,0,0,0,0,0.1682,-121.8740,0
tpcds_2,d_week_seq,0,0,0,0.0063,0,0,0,0,0.0992,-0.1055,0
tpcds_2,d_week_seq,0,0,0,0.0063,0,0,0,0,0.1186,-0.1250,0
tpcds_2,d_week_seq2,0,0,0,121.7058,0,0,0,0,0.1871,-121.8929,0
tpcds_2,d_week_seq2,0,0,0,121.7058,0,0,0,0,0.1874,-121.8933,0
tpcds_2,d_week_seq,0,0,0,0.0063,0,0,0,0,0.1291,-0.1354,0
tpcds_2,d_week_seq,0,0,0,0.0063,0,0,0,0,0.1844,-0.1907,0
tpcds_2,d_week_seq,0,0,0,0.0063,0,0,0,0,0.1530,-0.1593,0
tpcds_2,d_week_seq2,0,0,0,121.7058,0,0,0,0,0.1949,-121.9008,0
tpcds_2,d_week_seq2,0,0,0,121.7058,0,0,0,0,0.2186,-121.9244,0
tpcds_2,d_week_seq2,0,0,0,121.7058,0,0,0,0,0.1949,-121.9007,0
tpcds_2,d_week_seq,0,0,0,0.0063,0,0,0,0,0.1216,-0.1280,0
tpcds_2,d_week_seq,0,0,0,0.0063,0,0,0,0,0.0148,-0.0212,0
tpcds_2,d_week_seq,0,0,0,0.0063,0,0,0,0,0.1495,-0.1558,0
tpcds_2,d_week_seq,0,0,0,0.0063,0,0,0,0,0.1483,-0.1546,0
tpcds_2,d_week_seq2,0,0,0,121.7058,0,0,0,0,0.2066,-121.9124,0
tpcds_2,d_week_seq2,0,0,0,121.7058,0,0,0,0,0.2113,-121.9172,0
tpcds_2,d_week_seq2,0,0,0,121.7058,0,0,0,0,0.2087,-121.9145,0
tpcds_2,d_week_seq,0,0,0,0.0063,0,0,0,0,0.1722,-0.1785,0
tpcds_2,d_week_seq2,0,0,0,121.7058,0,0,0,0,0.2282,-121.9340,0
tpcds_2,d_week_seq2,0,0,0,121.7058,0,0,0,0,0.2096,-121.9154,0
tpcds_3,ss_sold_date_sk,0,0,0,4.0661,0,0,0,0,0.0728,-4.1389,0
tpcds_3,ss_sold_date_sk,0,0,0,4.0661,0,0,0,0,0.0386,-4.1047,0
tpcds_3,ss_sold_date_sk,0,0,0,4.0661,0,0,0,0,0.0370,-4.1031,0
tpcds_3,ss_sold_date_sk,0,0,0,4.0661,0,0,0,0,0.0308,-4.0969,0
tpcds_3,ss_sold_date_sk,0,0,0,4.0661,0,0,0,0,0.0281,-4.0942,0
tpcds_3,ss_sold_date_sk,0,0,0,4.0661,0,0,0,0,0.0266,-4.0927,0
tpcds_3,ss_sold_date_sk,0,0,0,4.0661,0,0,0,0,0.0248,-4.0909,0
tpcds_3,ss_sold_date_sk,0,0,0,4.0661,0,0,0,0,0.0249,-4.0910,0
tpcds_3,ss_sold_date_sk,0,0,0,4.0661,0,0,0,0,0.3260,-4.3921,0
tpcds_3,ss_sold_date_sk,0,0,0,4.0661,0,0,0,0,0.0254,-4.0915,0
tpcds_3,ss_sold_date_sk,0,0,0,4.0661,0,0,0,0,0.0237,-4.0898,0
tpcds_3,ss_sold_date_sk,0,0,0,4.0661,0,0,0,0,0.0338,-4.0999,0
tpcds_3,ss_sold_date_sk,0,0,0,4.0661,0,0,0,0,0.8623,-4.9284,0
tpcds_3,ss_sold_date_sk,0,0,0,4.0661,96,783252,747757,35495,54.4863,-23.0574,0
tpcds_3,ss_sold_date_sk,0,0,0,4.0661,128,1048576,1001584,46992,67.8086,-24.8827,0
tpcds_3,ss_sold_date_sk,0,0,0,4.0661,128,1048576,1001426,47150,70.5943,-27.5104,0
tpcds_3,i_item_sk,0,0,0,75.7612,0,0,0,0,8.3359,-84.0970,0
tpcds_3,i_item_sk,0,0,0,75.7612,0,0,0,0,8.3407,-84.1019,0
tpcds_3,i_item_sk,0,0,0,75.7612,0,0,0,0,8.3473,-84.1085,0
tpcds_3,i_item_sk,0,0,0,75.7612,0,0,0,0,8.3396,-84.1007,0
tpcds_3,i_item_sk,0,0,0,75.7612,0,0,0,0,8.4177,-84.1789,0
tpcds_3,i_item_sk,0,0,0,75.7612,0,0,0,0,8.4130,-84.1741,0
tpcds_3,i_item_sk,0,0,0,75.7612,0,0,0,0,8.4039,-84.1651,0
tpcds_3,i_item_sk,0,0,0,75.7612,0,0,0,0,8.3975,-84.1587,0
tpcds_3,i_item_sk,0,0,0,75.7612,0,0,0,0,8.4215,-84.1826,0
tpcds_3,i_item_sk,0,0,0,75.7612,0,0,0,0,8.4237,-84.1848,0
tpcds_3,i_item_sk,0,0,0,75.7612,0,0,0,0,8.4232,-84.1843,0
tpcds_3,i_item_sk,0,0,0,75.7612,0,0,0,0,8.4389,-84.2001,0
tpcds_3,i_item_sk,0,0,0,75.7612,0,0,0,0,8.4394,-84.2006,0
tpcds_3,i_item_sk,0,0,0,75.7612,0,0,0,0,8.4286,-84.1898,0
tpcds_3,i_item_sk,0,0,0,75.7612,0,0,0,0,8.4264,-84.1876,0
tpcds_3,i_item_sk,0,0,0,75.7612,0,0,0,0,8.4540,-84.2152,0
tpcds_4,cs_bill_customer_sk,0,0,0,92.9019,0,0,0,0,0.4773,-93.3792,0
tpcds_4,cs_bill_customer_sk,0,0,0,92.9019,0,0,0,0,0.2885,-93.1904,0
tpcds_4,cs_bill_customer_sk,0,0,0,92.9019,0,0,0,0,0.2289,-93.1308,0
tpcds_4,cs_bill_customer_sk,0,0,0,92.9019,0,0,0,0,0.1807,-93.0825,0
tpcds_4,cs_bill_customer_sk,0,0,0,92.9019,0,0,0,0,0.1807,-93.0826,0
tpcds_4,cs_bill_customer_sk,0,0,0,92.9019,0,0,0,0,0.1855,-93.0873,0
tpcds_4,cs_bill_customer_sk,0,0,0,92.9019,0,0,0,0,0.1893,-93.0912,0
tpcds_4,cs_bill_customer_sk,0,0,0,92.9019,0,0,0,0,0.1885,-93.0904,0
tpcds_4,cs_bill_customer_sk,0,0,0,92.9019,0,0,0,0,0.1800,-93.0819,0
tpcds_4,cs_bill_customer_sk,0,0,0,92.9019,0,0,0,0,0.1985,-93.1004,0
tpcds_4,cs_bill_customer_sk,0,0,0,92.9019,0,0,0,0,0.2885,-93.1904,0
tpcds_4,cs_bill_customer_sk,0,0,0,92.9019,0,0,0,0,1.8794,-94.7813,0
tpcds_4,cs_bill_customer_sk,0,0,0,92.9019,0,0,0,0,1.8418,-94.7437,0
tpcds_4,cs_bill_customer_sk,0,0,0,92.9019,0,0,0,0,2.0453,-94.9472,0
tpcds_4,ss_customer_sk,0,0,0,95.0362,0,0,0,0,0.1686,-95.2048,0
tpcds_4,ss_customer_sk,0,0,0,95.0362,0,0,0,0,0.1442,-95.1804,0
tpcds_4,ss_customer_sk,0,0,0,95.0362,0,0,0,0,0.1408,-95.1770,0
tpcds_4,ss_customer_sk,0,0,0,95.0362,0,0,0,0,0.2936,-95.3297,0
tpcds_4,ss_customer_sk,0,0,0,95.0362,0,0,0,0,0.1150,-95.1512,0
tpcds_4,ss_customer_sk,0,0,0,95.0362,0,0,0,0,0.1211,-95.1573,0
tpcds_4,ss_customer_sk,0,0,0,95.0362,0,0,0,0,0.1669,-95.2031,0
tpcds_4,ss_customer_sk,0,0,0,95.0362,0,0,0,0,0.1120,-95.1482,0
tpcds_4,ss_customer_sk,0,0,0,95.0362,0,0,0,0,0.1901,-95.2262,0
tpcds_4,ss_customer_sk,0,0,0,95.0362,0,0,0,0,0.3496,-95.3858,0
tpcds_4,ss_customer_sk,0,0,0,95.0362,0,0,0,0,1.2080,-96.2442,0
tpcds_4,ss_customer_sk,0,0,0,95.0362,0,0,0,0,1.7702,-96.8064,0
tpcds_4,ss_customer_sk,0,0,0,95.0362,0,0,0,0,1.4466,-96.4828,0
tpcds_4,ss_customer_sk,0,0,0,97.0764,0,0,0,0,0.1858,-97.2622,0
tpcds_4,ss_customer_sk,0,0,0,97.0764,0,0,0,0,0.1012,-97.1776,0
tpcds_4,ss_customer_sk,0,0,0,97.0764,0,0,0,0,0.0802,-97.1566,0
tpcds_4,ss_customer_sk,0,0,0,97.0764,0,0,0,0,0.2513,-97.3277,0
tpcds_4,ss_customer_sk,0,0,0,97.0764,0,0,0,0,0.0756,-97.1520,0
tpcds_4,ss_customer_sk,0,0,0,97.0764,0,0,0,0,0.2583,-97.3347,0
tpcds_4,ss_customer_sk,0,0,0,97.0764,0,0,0,0,0.2236,-97.3000,0
tpcds_4,ss_customer_sk,0,0,0,97.0764,0,0,0,0,0.1581,-97.2345,0
tpcds_4,ss_customer_sk,0,0,0,97.0764,0,0,0,0,0.2229,-97.2993,0
tpcds_4,ss_customer_sk,0,0,0,97.0764,0,0,0,0,0.1542,-97.2306,0
tpcds_4,ss_customer_sk,0,0,0,97.0764,0,0,0,0,0.2304,-97.3068,0
tpcds_4,ss_customer_sk,0,0,0,97.0764,0,0,0,0,0.2245,-97.3009,0
tpcds_4,ss_customer_sk,0,0,0,97.0764,0,0,0,0,0.2297,-97.3061,0
tpcds_4,cs_bill_customer_sk,0,0,0,98.1333,0,0,0,0,0.3032,-98.4365,0
tpcds_4,cs_bill_customer_sk,0,0,0,98.1333,0,0,0,0,0.2634,-98.3967,0
tpcds_4,cs_bill_customer_sk,0,0,0,98.1333,0,0,0,0,0.1406,-98.2739,0
tpcds_4,cs_bill_customer_sk,0,0,0,98.1333,0,0,0,0,0.1055,-98.2388,0
tpcds_4,cs_bill_customer_sk,0,0,0,98.1333,0,0,0,0,0.3139,-98.4472,0
tpcds_4,cs_bill_customer_sk,0,0,0,98.1333,0,0,0,0,0.2403,-98.3736,0
tpcds_4,cs_bill_customer_sk,0,0,0,98.1333,0,0,0,0,0.1925,-98.3258,0
tpcds_4,cs_bill_customer_sk,0,0,0,98.1333,0,0,0,0,0.2181,-98.3514,0
tpcds_4,cs_bill_customer_sk,0,0,0,98.1333,0,0,0,0,0.3034,-98.4368,0
tpcds_4,cs_bill_customer_sk,0,0,0,98.1333,0,0,0,0,0.2018,-98.3351,0
tpcds_4,cs_bill_customer_sk,0,0,0,98.1333,0,0,0,0,0.2309,-98.3642,0
tpcds_4,cs_bill_customer_sk,0,0,0,98.1333,0,0,0,0,1.3167,-99.4500,0
tpcds_4,cs_bill_customer_sk,0,0,0,98.1333,0,0,0,0,0.1551,-98.2884,0
tpcds_4,cs_bill_customer_sk,0,0,0,98.1333,0,0,0,0,1.6282,-99.7615,0
tpcds_4,ws_bill_customer_sk,0,0,0,100.9781,0,0,0,0,0.1716,-101.1497,0
tpcds_4,ws_bill_customer_sk,0,0,0,100.9781,0,0,0,0,0.1508,-101.1290,0
tpcds_4,ws_bill_customer_sk,0,0,0,101.2927,0,0,0,0,0.2107,-101.5034,0
tpcds_4,ws_bill_customer_sk,0,0,0,100.9781,0,0,0,0,0.1118,-101.0900,0
tpcds_4,ws_bill_customer_sk,0,0,0,100.9781,0,0,0,0,0.2346,-101.2127,0
tpcds_4,ws_bill_customer_sk,0,0,0,100.9781,0,0,0,0,0.1746,-101.1528,0
tpcds_4,ws_bill_customer_sk,0,0,0,100.9781,0,0,0,0,0.0967,-101.0749,0
tpcds_4,ws_bill_customer_sk,0,0,0,100.9781,0,0,0,0,0.1431,-101.1212,0
tpcds_4,ws_bill_customer_sk,0,0,0,101.2927,0,0,0,0,0.1168,-101.4095,0
tpcds_4,ws_bill_customer_sk,0,0,0,100.9781,0,0,0,0,0.2617,-101.2398,0
tpcds_4,ws_bill_customer_sk,0,0,0,100.9781,0,0,0,0,0.0988,-101.0769,0
tpcds_4,ws_bill_customer_sk,0,0,0,100.9781,0,0,0,0,0.1396,-101.1177,0
tpcds_4,ws_bill_customer_sk,0,0,0,100.9781,0,0,0,0,0.2276,-101.2057,0
tpcds_4,ws_bill_customer_sk,0,0,0,100.9781,0,0,0,0,0.1996,-101.1777,0
tpcds_4,ws_bill_customer_sk,0,0,0,100.9781,0,0,0,0,0.3702,-101.3484,0
tpcds_4,ws_bill_customer_sk,0,0,0,100.9781,0,0,0,0,0.3229,-101.3010,0
tpcds_4,ws_bill_customer_sk,0,0,0,101.2927,0,0,0,0,0.2586,-101.5513,0
tpcds_4,ws_bill_customer_sk,0,0,0,101.2927,0,0,0,0,0.3732,-101.6659,0
tpcds_4,ws_bill_customer_sk,0,0,0,100.9781,0,0,0,0,0.4624,-101.4406,0
tpcds_4,ws_bill_customer_sk,0,0,0,101.2927,0,0,0,0,0.3020,-101.5947,0
tpcds_4,ws_bill_customer_sk,0,0,0,101.2927,0,0,0,0,0.2644,-101.5571,0
tpcds_4,ws_bill_customer_sk,0,0,0,101.2927,0,0,0,0,0.2067,-101.4994,0
tpcds_4,ws_bill_customer_sk,0,0,0,101.2927,0,0,0,0,0.2393,-101.5320,0
tpcds_4,ws_bill_customer_sk,0,0,0,101.2927,0,0,0,0,0.2051,-101.4978,0
tpcds_4,ws_bill_customer_sk,0,0,0,101.2927,0,0,0,0,0.2158,-101.5085,0
tpcds_4,ws_bill_customer_sk,0,0,0,101.2927,0,0,0,0,0.2270,-101.5197,0
tpcds_4,ws_bill_customer_sk,0,0,0,101.2927,0,0,0,0,0.5608,-101.8535,0
tpcds_4,ws_bill_customer_sk,0,0,0,101.2927,0,0,0,0,0.3004,-101.5931,0
tpcds_4,ws_bill_customer_sk,0,0,0,101.2927,0,0,0,0,0.3309,-101.6236,0
tpcds_4,ws_bill_customer_sk,0,0,0,101.2927,0,0,0,0,1.4446,-102.7373,0
tpcds_4,cs_bill_customer_sk,0,0,0,92.9019,48,392972,390982,1990,306.3040,-397.2159,0
tpcds_4,cs_bill_customer_sk,0,0,0,98.1333,48,392972,390982,1990,310.8098,-406.9532,0
tpcds_4,ws_bill_customer_sk,0,0,0,101.2927,88,719384,719219,165,472.7294,-573.8571,0
tpcds_4,d_date_sk,0,0,0,584.4554,0,0,0,0,0.2030,-584.6584,0
tpcds_4,d_date_sk,0,0,0,584.4554,0,0,0,0,0.1968,-584.6522,0
tpcds_4,d_date_sk,0,0,0,584.4554,0,0,0,0,0.1526,-584.6080,0
tpcds_4,d_date_sk,0,0,0,584.4554,0,0,0,0,0.2224,-584.6778,0
tpcds_4,d_date_sk,0,0,0,584.4554,0,0,0,0,0.2264,-584.6818,0
tpcds_4,d_date_sk,0,0,0,584.4554,0,0,0,0,0.2483,-584.7036,0
tpcds_4,d_date_sk,0,0,0,584.4554,0,0,0,0,0.2326,-584.6879,0
tpcds_4,d_date_sk,0,0,0,584.4554,0,0,0,0,0.2760,-584.7314,0
tpcds_4,d_date_sk,0,0,0,584.4554,0,0,0,0,0.2520,-584.7074,0
tpcds_4,d_date_sk,0,0,0,584.4554,0,0,0,0,0.2784,-584.7337,0
tpcds_4,d_date_sk,0,0,0,584.4554,0,0,0,0,0.2733,-584.7286,0
tpcds_4,d_date_sk,0,0,0,584.4554,0,0,0,0,0.2991,-584.7544,0
tpcds_4,d_date_sk,0,0,0,584.4554,0,0,0,0,0.2176,-584.6730,0
tpcds_4,d_date_sk,0,0,0,584.4554,0,0,0,0,0.3454,-584.8008,0
tpcds_4,d_date_sk,0,0,0,584.4554,0,0,0,0,0.3498,-584.8052,0
tpcds_4,d_date_sk,0,0,0,584.4554,0,0,0,0,0.3290,-584.7844,0
tpcds_4,ws_bill_customer_sk,0,0,0,100.9781,88,719384,719219,165,474.7742,-575.5873,0
tpcds_4,d_date_sk,0,0,0,586.8231,0,0,0,0,0.1421,-586.9651,0
tpcds_4,d_date_sk,0,0,0,586.8231,0,0,0,0,0.1778,-587.0008,0
tpcds_4,d_date_sk,0,0,0,586.8231,0,0,0,0,0.1982,-587.0213,0
tpcds_4,d_date_sk,0,0,0,586.8231,0,0,0,0,0.2141,-587.0371,0
tpcds_4,d_date_sk,0,0,0,586.8231,0,0,0,0,0.2433,-587.0663,0
tpcds_4,d_date_sk,0,0,0,586.8231,0,0,0,0,0.2676,-587.0907,0
tpcds_4,d_date_sk,0,0,0,586.8231,0,0,0,0,0.2762,-587.0993,0
tpcds_4,d_date_sk,0,0,0,586.8231,0,0,0,0,0.2952,-587.1183,0
tpcds_4,d_date_sk,0,0,0,586.8231,0,0,0,0,0.2258,-587.0488,0
tpcds_4,d_date_sk,0,0,0,586.8231,0,0,0,0,0.4391,-587.2621,0
tpcds_4,d_date_sk,0,0,0,586.8231,0,0,0,0,0.4823,-587.3054,0
tpcds_4,d_date_sk,0,0,0,586.8231,0,0,0,0,0.5041,-587.3271,0
tpcds_4,d_date_sk,0,0,0,586.8231,0,0,0,0,0.4844,-587.3075,0
tpcds_4,d_date_sk,0,0,0,586.8231,0,0,0,0,0.4969,-587.3199,0
tpcds_4,d_date_sk,0,0,0,586.8231,0,0,0,0,0.5110,-587.3341,0
tpcds_4,d_date_sk,0,0,0,586.8231,0,0,0,0,0.6234,-587.4465,0
tpcds_4,ss_customer_sk,0,0,0,97.0764,96,783252,747657,35595,497.1141,-558.5955,0
tpcds_4,ss_customer_sk,0,0,0,95.0362,96,783252,747657,35595,508.8246,-568.2658,0
tpcds_4,ss_customer_sk,0,0,0,95.0362,128,1048576,1001377,47199,606.3504,-654.1876,0
tpcds_4,ss_customer_sk,0,0,0,97.0764,128,1048576,1001670,46906,604.7998,-654.9702,0
tpcds_4,ss_customer_sk,0,0,0,95.0362,128,1048576,1001670,46906,610.9352,-659.0654,0
tpcds_4,d_date_sk,0,0,0,714.6364,0,0,0,0,0.1953,-714.8317,0
tpcds_4,d_date_sk,0,0,0,714.6364,0,0,0,0,0.1746,-714.8110,0
tpcds_4,d_date_sk,0,0,0,714.6364,0,0,0,0,0.2076,-714.8440,0
tpcds_4,d_date_sk,0,0,0,714.6364,0,0,0,0,0.2471,-714.8835,0
tpcds_4,d_date_sk,0,0,0,714.6364,0,0,0,0,0.2986,-714.9350,0
tpcds_4,d_date_sk,0,0,0,714.6364,0,0,0,0,0.2911,-714.9274,0
tpcds_4,d_date_sk,0,0,0,714.6364,0,0,0,0,0.3574,-714.9938,0
tpcds_4,d_date_sk,0,0,0,714.6364,0,0,0,0,0.2738,-714.9102,0
tpcds_4,d_date_sk,0,0,0,714.6364,0,0,0,0,0.2609,-714.8973,0
tpcds_4,d_date_sk,0,0,0,714.6364,0,0,0,0,0.3241,-714.9605,0
tpcds_4,d_date_sk,0,0,0,714.6364,0,0,0,0,0.3140,-714.9504,0
tpcds_4,d_date_sk,0,0,0,714.6364,0,0,0,0,0.3728,-715.0092,0
tpcds_4,d_date_sk,0,0,0,714.6364,0,0,0,0,0.2879,-714.9243,0
tpcds_4,d_date_sk,0,0,0,714.6364,0,0,0,0,0.3446,-714.9810,0
tpcds_4,d_date_sk,0,0,0,714.6364,0,0,0,0,0.3175,-714.9539,0
tpcds_4,d_date_sk,0,0,0,714.6364,0,0,0,0,0.3112,-714.9476,0
tpcds_4,ss_customer_sk,0,0,0,97.0764,128,1048576,1001377,47199,615.4814,-665.3588,0
tpcds_4,cs_bill_customer_sk,0,0,0,92.9019,128,1048576,1043416,5160,624.6102,-712.3521,0
tpcds_4,cs_bill_customer_sk,0,0,0,98.1333,128,1048576,1043416,5160,617.2586,-710.2319,0
tpcds_4,d_date_sk,0,0,0,726.5201,0,0,0,0,0.1070,-726.6271,0
tpcds_4,d_date_sk,0,0,0,726.2143,0,0,0,0,0.0713,-726.2855,0
tpcds_4,d_date_sk,0,0,0,726.5201,0,0,0,0,0.1256,-726.6457,0
tpcds_4,d_date_sk,0,0,0,726.5201,0,0,0,0,0.1488,-726.6689,0
tpcds_4,d_date_sk,0,0,0,726.2143,0,0,0,0,0.1388,-726.3531,0
tpcds_4,d_date_sk,0,0,0,726.5201,0,0,0,0,0.1559,-726.6759,0
tpcds_4,d_date_sk,0,0,0,726.2143,0,0,0,0,0.1138,-726.3281,0
tpcds_4,d_date_sk,0,0,0,726.2143,0,0,0,0,0.1702,-726.3845,0
tpcds_4,d_date_sk,0,0,0,726.2143,0,0,0,0,0.1405,-726.3548,0
tpcds_4,d_date_sk,0,0,0,726.5201,0,0,0,0,0.1497,-726.6698,0
tpcds_4,d_date_sk,0,0,0,726.2143,0,0,0,0,0.1511,-726.3654,0
tpcds_4,d_date_sk,0,0,0,726.5201,0,0,0,0,0.1686,-726.6887,0
tpcds_4,d_date_sk,0,0,0,726.2143,0,0,0,0,0.1604,-726.3747,0
tpcds_4,d_date_sk,0,0,0,726.5201,0,0,0,0,0.1804,-726.7005,0
tpcds_4,d_date_sk,0,0,0,726.2143,0,0,0,0,0.1830,-726.3973,0
tpcds_4,d_date_sk,0,0,0,726.5201,0,0,0,0,0.1845,-726.7046,0
tpcds_4,d_date_sk,0,0,0,726.2143,0,0,0,0,0.1699,-726.3841,0
tpcds_4,d_date_sk,0,0,0,726.2143,0,0,0,0,0.2159,-726.4302,0
tpcds_4,d_date_sk,0,0,0,726.2143,0,0,0,0,0.1878,-726.4021,0
tpcds_4,d_date_sk,0,0,0,726.5201,0,0,0,0,0.2075,-726.7275,0
tpcds_4,d_date_sk,0,0,0,726.2143,0,0,0,0,0.1656,-726.3798,0
tpcds_4,d_date_sk,0,0,0,726.2143,0,0,0,0,0.1945,-726.4088,0
tpcds_4,d_date_sk,0,0,0,726.5201,0,0,0,0,0.1979,-726.7179,0
tpcds_4,d_date_sk,0,0,0,726.5201,0,0,0,0,0.2198,-726.7399,0
tpcds_4,d_date_sk,0,0,0,726.2143,0,0,0,0,0.1994,-726.4137,0
tpcds_4,d_date_sk,0,0,0,726.2143,0,0,0,0,0.2272,-726.4414,0
tpcds_4,d_date_sk,0,0,0,726.5201,0,0,0,0,0.2350,-726.7550,0
tpcds_4,d_date_sk,0,0,0,726.2143,0,0,0,0,0.2360,-726.4503,0
tpcds_4,d_date_sk,0,0,0,726.5201,0,0,0,0,0.2723,-726.7924,0
tpcds_4,d_date_sk,0,0,0,726.5201,0,0,0,0,0.2469,-726.7670,0
tpcds_4,d_date_sk,0,0,0,726.5201,0,0,0,0,0.2553,-726.7754,0
tpcds_4,d_date_sk,0,0,0,726.5201,0,0,0,0,0.2758,-726.7959,0
tpcds_4,d_date_sk,0,0,0,0.0064,0,0,0,0,0.0810,-0.0874,0
tpcds_4,d_date_sk,0,0,0,0.0064,0,0,0,0,0.0984,-0.1048,0
tpcds_4,d_date_sk,0,0,0,0.0064,0,0,0,0,0.1185,-0.1249,0
tpcds_4,d_date_sk,0,0,0,0.0064,0,0,0,0,0.1093,-0.1157,0
tpcds_4,d_date_sk,0,0,0,0.0064,0,0,0,0,0.1303,-0.1367,0
tpcds_4,d_date_sk,0,0,0,0.0064,0,0,0,0,0.1332,-0.1396,0
tpcds_4,d_date_sk,0,0,0,0.0064,0,0,0,0,0.1342,-0.1406,0
tpcds_4,d_date_sk,0,0,0,0.0064,0,0,0,0,0.1345,-0.1409,0
tpcds_4,d_date_sk,0,0,0,0.0064,0,0,0,0,0.1355,-0.1419,0
tpcds_4,d_date_sk,0,0,0,0.0064,0,0,0,0,0.1594,-0.1659,0
tpcds_4,d_date_sk,0,0,0,0.0064,0,0,0,0,0.1535,-0.1599,0
tpcds_4,d_date_sk,0,0,0,0.0064,0,0,0,0,0.1627,-0.1691,0
tpcds_4,d_date_sk,0,0,0,0.0064,0,0,0,0,0.1443,-0.1507,0
tpcds_4,d_date_sk,0,0,0,0.0064,0,0,0,0,0.1931,-0.1995,0
tpcds_4,d_date_sk,0,0,0,0.0064,0,0,0,0,0.1912,-0.1976,0
tpcds_4,d_date_sk,0,0,0,0.0064,0,0,0,0,0.1843,-0.1907,0
tpcds_4,customer_id,0,0,0,0.0036,0,0,0,0,0.2515,-0.2552,0
tpcds_4,customer_id,0,0,0,0.0066,0,0,0,0,0.3466,-0.3532,0
tpcds_4,customer_id,0,0,0,140.0813,0,0,0,0,0.3697,-140.4510,0
tpcds_4,customer_id,0,0,0,0.0036,0,0,0,0,0.2425,-0.2461,0
tpcds_4,customer_id,0,0,0,0.0097,0,0,0,0,140.5238,-140.5335,0
tpcds_4,customer_id,0,0,0,586.0055,0,0,0,0,140.5637,-726.5692,0
tpcds_4,customer_id,0,0,0,0.0036,0,0,0,0,0.2763,-0.2800,0
tpcds_4,customer_id,0,0,0,0.0066,0,0,0,0,0.3758,-0.3824,0
tpcds_4,customer_id,0,0,0,140.0813,0,0,0,0,0.4039,-140.4851,0
tpcds_4,customer_id,0,0,0,0.0066,0,0,0,0,0.3895,-0.3961,0
tpcds_4,customer_id,0,0,0,0.0097,0,0,0,0,140.5596,-140.5693,0
tpcds_4,customer_id,0,0,0,0.0036,0,0,0,0,0.2963,-0.3000,0
tpcds_4,customer_id,0,0,0,0.0036,0,0,0,0,0.3909,-0.3945,0
tpcds_4,customer_id,0,0,0,0.0036,0,0,0,0,0.2894,-0.2930,0
tpcds_4,customer_id,0,0,0,140.0813,0,0,0,0,0.4303,-140.5116,0
tpcds_4,customer_id,0,0,0,586.0055,0,0,0,0,140.6117,-726.6173,0
tpcds_4,customer_id,0,0,0,0.0066,0,0,0,0,0.4151,-0.4217,0
tpcds_4,customer_id,0,0,0,0.0066,0,0,0,0,0.4118,-0.4184,0
tpcds_4,customer_id,0,0,0,140.0813,0,0,0,0,0.4240,-140.5053,0
tpcds_4,customer_id,0,0,0,0.0036,0,0,0,0,0.3991,-0.4028,0
tpcds_4,customer_id,0,0,0,140.0813,0,0,0,0,0.4392,-140.5205,0
tpcds_4,customer_id,0,0,0,0.0097,0,0,0,0,140.5743,-140.5839,0
tpcds_4,customer_id,0,0,0,0.0097,0,0,0,0,140.5907,-140.6004,0
tpcds_4,customer_id,0,0,0,0.0097,0,0,0,0,140.6052,-140.6149,0
tpcds_4,customer_id,0,0,0,0.0066,0,0,0,0,0.4187,-0.4253,0
tpcds_4,customer_id,0,0,0,0.0066,0,0,0,0,0.4288,-0.4354,0
tpcds_4,customer_id,0,0,0,586.0055,0,0,0,0,140.6198,-726.6253,0
tpcds_4,customer_id,0,0,0,586.0055,0,0,0,0,140.6186,-726.6241,0
tpcds_4,customer_id,0,0,0,586.0055,0,0,0,0,140.6289,-726.6344,0
tpcds_4,customer_id,0,0,0,140.0813,0,0,0,0,0.4425,-140.5238,0
tpcds_4,customer_id,0,0,0,0.0097,0,0,0,0,140.6241,-140.6338,0
tpcds_4,customer_id,0,0,0,140.0813,0,0,0,0,0.4592,-140.5405,0
tpcds_4,customer_id,0,0,0,0.0036,0,0,0,0,0.4255,-0.4291,0
tpcds_4,customer_id,0,0,0,0.0036,0,0,0,0,0.4173,-0.4209,0
tpcds_4,customer_id,0,0,0,586.0055,0,0,0,0,140.6522,-726.6578,0
tpcds_4,customer_id,0,0,0,0.0066,0,0,0,0,0.4451,-0.4517,0
tpcds_4,customer_id,0,0,0,0.0097,0,0,0,0,140.6200,-140.6297,0
tpcds_4,customer_id,0,0,0,0.0066,0,0,0,0,0.4447,-0.4513,0
tpcds_4,customer_id,0,0,0,0.0036,0,0,0,0,0.3323,-0.3359,0
tpcds_4,customer_id,0,0,0,140.0813,0,0,0,0,0.4744,-140.5557,0
tpcds_4,customer_id,0,0,0,0.0036,0,0,0,0,0.3716,-0.3752,0
tpcds_4,customer_id,0,0,0,140.0813,0,0,0,0,0.5031,-140.5844,0
tpcds_4,customer_id,0,0,0,0.0097,0,0,0,0,140.6317,-140.6414,0
tpcds_4,customer_id,0,0,0,0.0097,0,0,0,0,140.6365,-140.6462,0
tpcds_4,customer_id,0,0,0,586.0055,0,0,0,0,140.6925,-726.6980,0
tpcds_4,customer_id,0,0,0,0.0036,0,0,0,0,0.3258,-0.3294,0
tpcds_4,customer_id,0,0,0,0.0036,0,0,0,0,0.4028,-0.4064,0
tpcds_4,customer_id,0,0,0,586.0055,0,0,0,0,140.6605,-726.6660,0
tpcds_4,customer_id,0,0,0,0.0066,0,0,0,0,0.4604,-0.4670,0
tpcds_4,customer_id,0,0,0,586.0055,0,0,0,0,140.6665,-726.6720,0
tpcds_4,customer_id,0,0,0,0.0066,0,0,0,0,0.4595,-0.4661,0
tpcds_4,customer_id,0,0,0,140.0813,0,0,0,0,0.5023,-140.5836,0
tpcds_4,customer_id,0,0,0,0.0066,0,0,0,0,0.4720,-0.4786,0
tpcds_4,customer_id,0,0,0,0.0036,0,0,0,0,0.4416,-0.4452,0
tpcds_4,customer_id,0,0,0,0.0066,0,0,0,0,0.4717,-0.4783,0
tpcds_4,customer_id,0,0,0,0.0097,0,0,0,0,140.6663,-140.6760,0
tpcds_4,customer_id,0,0,0,0.0036,0,0,0,0,0.3698,-0.3735,0
tpcds_4,customer_id,0,0,0,140.0813,0,0,0,0,0.4959,-140.5772,0
tpcds_4,customer_id,0,0,0,586.0055,0,0,0,0,140.6795,-726.6850,0
tpcds_4,customer_id,0,0,0,0.0066,0,0,0,0,0.4827,-0.4893,0
tpcds_4,customer_id,0,0,0,0.0066,0,0,0,0,0.4953,-0.5019,0
tpcds_4,customer_id,0,0,0,140.0813,0,0,0,0,0.5076,-140.5888,0
tpcds_4,customer_id,0,0,0,140.0813,0,0,0,0,0.5124,-140.5936,0
tpcds_4,customer_id,0,0,0,140.0813,0,0,0,0,0.5163,-140.5976,0
tpcds_4,customer_id,0,0,0,0.0097,0,0,0,0,140.6623,-140.6719,0
tpcds_4,customer_id,0,0,0,0.0097,0,0,0,0,140.6729,-140.6826,0
tpcds_4,customer_id,0,0,0,0.0097,0,0,0,0,140.6695,-140.6792,0
tpcds_4,customer_id,0,0,0,140.0813,0,0,0,0,0.5020,-140.5833,0
tpcds_4,customer_id,0,0,0,586.0055,0,0,0,0,140.6997,-726.7052,0
tpcds_4,customer_id,0,0,0,586.0055,0,0,0,0,140.7112,-726.7167,0
tpcds_4,customer_id,0,0,0,0.0097,0,0,0,0,140.6726,-140.6823,0
tpcds_4,customer_id,0,0,0,586.0055,0,0,0,0,140.6945,-726.7000,0
tpcds_4,customer_id,0,0,0,0.0097,0,0,0,0,140.6774,-140.6871,0
tpcds_4,customer_id,0,0,0,586.0055,0,0,0,0,140.7114,-726.7169,0
tpcds_4,customer_id,0,0,0,586.0055,0,0,0,0,140.7214,-726.7269,0
tpcds_4,customer_id,0,0,0,0.0036,0,0,0,0,0.4324,-0.4360,0
tpcds_4,customer_id,0,0,0,0.0066,0,0,0,0,0.5560,-0.5626,0
tpcds_4,customer_id,0,0,0,140.0813,0,0,0,0,0.5819,-140.6631,0
tpcds_4,customer_id,0,0,0,0.0097,0,0,0,0,140.7395,-140.7492,0
tpcds_4,customer_id,0,0,0,586.0055,0,0,0,0,140.7868,-726.7923,0
tpcds_6,c_current_addr_sk,0,0,0,4.5931,0,0,0,0,4.4385,-9.0316,0
tpcds_6,c_current_addr_sk,0,0,0,4.5931,1,8192,7920,272,4.4777,-8.7988,0
tpcds_6,c_current_addr_sk,0,0,0,4.5931,1,8192,7914,278,4.5728,-8.8879,0
tpcds_6,c_current_addr_sk,0,0,0,4.5931,0,0,0,0,4.6297,-9.2228,0
tpcds_6,c_current_addr_sk,0,0,0,4.5931,1,8192,7904,288,4.7279,-9.0330,0
tpcds_6,c_current_addr_sk,0,0,0,4.5931,1,8192,7894,298,4.7346,-9.0296,0
tpcds_6,c_current_addr_sk,0,0,0,4.5931,0,0,0,0,4.7603,-9.3534,0
tpcds_6,c_current_addr_sk,0,0,0,4.5931,1,8192,7934,258,4.7558,-9.0909,0
tpcds_6,c_current_addr_sk,0,0,0,4.5931,1,8192,7901,291,4.7864,-9.0885,0
tpcds_6,c_current_addr_sk,0,0,0,4.5931,1,8192,7930,262,4.7914,-9.1225,0
tpcds_6,c_current_addr_sk,0,0,0,4.5931,1,8192,7909,283,4.7771,-9.0872,0
tpcds_6,c_current_addr_sk,0,0,0,4.5931,1,8192,7898,294,4.8137,-9.1128,0
tpcds_6,c_current_addr_sk,0,0,0,4.5931,1,1696,1636,60,4.8598,-9.3929,0
tpcds_6,c_current_addr_sk,0,0,0,4.5931,1,8192,7900,292,4.9609,-9.2620,0
tpcds_6,c_current_addr_sk,0,0,0,4.5931,1,8192,7900,292,5.0375,-9.3386,0
tpcds_6,c_current_addr_sk,0,0,0,4.5931,1,8192,7917,275,5.1115,-9.4296,0
tpcds_6,ss_customer_sk,0,0,0,10.7906,0,0,0,0,0.1037,-10.8943,0
tpcds_6,ss_customer_sk,0,0,0,10.7906,0,0,0,0,0.0478,-10.8384,0
tpcds_6,ss_customer_sk,0,0,0,10.7906,0,0,0,0,0.0417,-10.8323,0
tpcds_6,ss_customer_sk,0,0,0,10.7906,0,0,0,0,0.0959,-10.8865,0
tpcds_6,ss_customer_sk,0,0,0,10.7906,0,0,0,0,0.4056,-11.1962,0
tpcds_6,ss_customer_sk,0,0,0,10.7906,0,0,0,0,0.0407,-10.8313,0
tpcds_6,ss_customer_sk,0,0,0,10.7906,0,0,0,0,0.0438,-10.8344,0
tpcds_6,ss_customer_sk,0,0,0,10.7906,0,0,0,0,0.0312,-10.8218,0
tpcds_6,ss_customer_sk,0,0,0,10.7906,0,0,0,0,0.0382,-10.8289,0
tpcds_6,ss_customer_sk,0,0,0,10.7906,0,0,0,0,0.0713,-10.8619,0
tpcds_6,ss_customer_sk,0,0,0,10.7906,0,0,0,0,0.0293,-10.8199,0
tpcds_6,ss_customer_sk,0,0,0,10.7906,0,0,0,0,0.0339,-10.8245,0
tpcds_6,ss_customer_sk,0,0,0,10.7906,0,0,0,0,0.0932,-10.8838,0
tpcds_6,ss_customer_sk,0,0,0,10.7906,96,783252,747657,35595,121.0027,-96.1984,0
tpcds_6,ss_customer_sk,0,0,0,10.7906,128,1048576,1001670,46906,130.3485,-94.2331,0
tpcds_6,ss_customer_sk,0,0,0,10.7906,128,1048576,1001377,47199,132.7441,-96.3357,0
tpcds_6,d_date_sk,0,0,0,143.6229,0,0,0,0,7.3724,-150.9953,0
tpcds_6,d_date_sk,0,0,0,143.6229,0,0,0,0,7.3713,-150.9943,0
tpcds_6,d_date_sk,0,0,0,143.6229,0,0,0,0,7.3946,-151.0176,0
tpcds_6,d_date_sk,0,0,0,143.6229,0,0,0,0,7.4164,-151.0393,0
tpcds_6,d_date_sk,0,0,0,143.6229,1,8192,0,8192,7.4433,-142.8742,0
tpcds_6,d_date_sk,0,0,0,143.6229,1,8192,0,8192,7.4212,-142.8521,0
tpcds_6,d_date_sk,0,0,0,143.6229,1,8192,0,8192,7.4128,-142.8437,0
tpcds_6,d_date_sk,0,0,0,143.6229,1,8192,0,8192,7.4076,-142.8386,0
tpcds_6,d_date_sk,0,0,0,143.6229,0,0,0,0,7.4260,-151.0489,0
tpcds_6,d_date_sk,0,0,0,143.6229,1,8192,0,8192,7.4213,-142.8523,0
tpcds_6,d_date_sk,0,0,0,143.6229,1,7513,0,7513,7.4430,-143.5529,0
tpcds_6,d_date_sk,0,0,0,143.6229,0,0,0,0,7.4229,-151.0458,0
tpcds_6,d_date_sk,0,0,0,143.6229,1,8192,0,8192,7.4280,-142.8589,0
tpcds_6,d_date_sk,0,0,0,143.6229,1,8192,0,8192,7.4475,-142.8785,0
tpcds_6,d_date_sk,0,0,0,143.6229,0,0,0,0,7.4302,-151.0532,0
tpcds_6,d_date_sk,0,0,0,143.6229,1,8192,0,8192,7.4436,-142.8745,0
tpcds_6,i_item_sk,0,0,0,151.1445,0,0,0,0,5.8473,-156.9918,0
tpcds_6,i_item_sk,0,0,0,151.1445,1,8192,0,8192,5.9007,-148.8533,0
tpcds_6,i_item_sk,0,0,0,151.1445,1,8192,0,8192,5.9811,-148.9337,0
tpcds_6,i_item_sk,0,0,0,151.1445,1,1616,0,1616,5.9977,-155.5262,0
tpcds_6,i_item_sk,0,0,0,151.1445,0,0,0,0,5.9636,-157.1081,0
tpcds_6,i_item_sk,0,0,0,151.1445,0,0,0,0,5.9548,-157.0994,0
tpcds_6,i_item_sk,0,0,0,151.1445,0,0,0,0,5.9822,-157.1267,0
tpcds_6,i_item_sk,0,0,0,151.1445,0,0,0,0,5.9761,-157.1207,0
tpcds_6,i_item_sk,0,0,0,151.1445,0,0,0,0,5.9893,-157.1339,0
tpcds_6,i_item_sk,0,0,0,151.1445,0,0,0,0,5.9887,-157.1332,0
tpcds_6,i_item_sk,0,0,0,151.1445,0,0,0,0,5.9214,-157.0659,0
tpcds_6,i_item_sk,0,0,0,151.1445,0,0,0,0,5.9963,-157.1408,0
tpcds_6,i_item_sk,0,0,0,151.1445,0,0,0,0,6.0472,-157.1917,0
tpcds_6,i_item_sk,0,0,0,151.1445,0,0,0,0,5.9933,-157.1378,0
tpcds_6,i_item_sk,0,0,0,151.1445,0,0,0,0,5.9962,-157.1408,0
tpcds_6,i_item_sk,0,0,0,151.1445,0,0,0,0,6.0073,-157.1519,0
tpcds_6,d_month_seq,0,0,0,157.4419,0,0,0,0,0.2412,-157.6831,0
tpcds_6,d_month_seq,0,0,0,157.4419,0,0,0,0,0.2494,-157.6913,0
tpcds_6,d_month_seq,0,0,0,157.4419,0,0,0,0,0.2338,-157.6757,0
tpcds_6,d_month_seq,0,0,0,157.4419,0,0,0,0,0.2800,-157.7219,0
tpcds_6,d_month_seq,0,0,0,157.4419,0,0,0,0,0.2553,-157.6972,0
tpcds_6,d_month_seq,0,0,0,157.4419,0,0,0,0,0.3761,-157.8180,0
tpcds_6,d_month_seq,0,0,0,157.4419,0,0,0,0,0.2729,-157.7148,0
tpcds_6,d_month_seq,0,0,0,157.4419,0,0,0,0,0.2679,-157.7098,0
tpcds_6,d_month_seq,0,0,0,157.4419,0,0,0,0,0.3483,-157.7902,0
tpcds_6,d_month_seq,0,0,0,157.4419,0,0,0,0,0.4090,-157.8509,0
tpcds_6,d_month_seq,0,0,0,157.4419,0,0,0,0,0.2832,-157.7251,0
tpcds_6,d_month_seq,0,0,0,157.4419,0,0,0,0,0.2802,-157.7221,0
tpcds_6,d_month_seq,0,0,0,157.4419,0,0,0,0,0.2811,-157.7230,0
tpcds_6,d_month_seq,0,0,0,157.4419,0,0,0,0,0.3196,-157.7615,0
tpcds_6,d_month_seq,0,0,0,157.4419,0,0,0,0,0.3442,-157.7861,0
tpcds_6,d_month_seq,0,0,0,157.4419,0,0,0,0,0.3113,-157.7532,0
tpcds_7,d_date_sk,0,0,0,2.4683,0,0,0,0,0.2339,-2.7022,0
tpcds_7,d_date_sk,0,0,0,2.4683,0,0,0,0,0.2337,-2.7020,0
tpcds_7,d_date_sk,0,0,0,2.4683,0,0,0,0,0.2494,-2.7178,0
tpcds_7,d_date_sk,0,0,0,2.4683,0,0,0,0,0.3147,-2.7830,0
tpcds_7,d_date_sk,0,0,0,2.4683,0,0,0,0,0.3670,-2.8353,0
tpcds_7,d_date_sk,0,0,0,2.4683,0,0,0,0,0.3290,-2.7973,0
tpcds_7,d_date_sk,0,0,0,2.4683,0,0,0,0,0.3069,-2.7752,0
tpcds_7,d_date_sk,0,0,0,2.4683,0,0,0,0,0.3246,-2.7929,0
tpcds_7,d_date_sk,0,0,0,2.4683,0,0,0,0,0.3378,-2.8061,0
tpcds_7,d_date_sk,0,0,0,2.4683,0,0,0,0,0.3332,-2.8015,0
tpcds_7,d_date_sk,0,0,0,2.4683,0,0,0,0,0.3365,-2.8048,0
tpcds_7,d_date_sk,0,0,0,2.4683,0,0,0,0,0.3627,-2.8310,0
tpcds_7,d_date_sk,0,0,0,2.4683,0,0,0,0,0.3723,-2.8406,0
tpcds_7,d_date_sk,0,0,0,2.4683,0,0,0,0,0.3557,-2.8240,0
tpcds_7,d_date_sk,0,0,0,2.4683,0,0,0,0,0.3977,-2.8660,0
tpcds_7,d_date_sk,0,0,0,2.4683,0,0,0,0,0.3811,-2.8494,0
tpcds_7,i_item_sk,0,0,0,3.0957,0,0,0,0,6.0566,-9.1523,0
tpcds_7,i_item_sk,0,0,0,3.0957,0,0,0,0,6.1106,-9.2063,0
tpcds_7,i_item_sk,0,0,0,3.0957,0,0,0,0,6.1226,-9.2184,0
tpcds_7,i_item_sk,0,0,0,3.0957,0,0,0,0,6.1523,-9.2481,0
tpcds_7,i_item_sk,0,0,0,3.0957,1,8192,0,8192,6.1661,-1.0698,0
tpcds_7,i_item_sk,0,0,0,3.0957,0,0,0,0,6.2708,-9.3665,0
tpcds_7,i_item_sk,0,0,0,3.0957,0,0,0,0,6.1585,-9.2542,0
tpcds_7,i_item_sk,0,0,0,3.0957,0,0,0,0,6.1857,-9.2814,0
tpcds_7,i_item_sk,0,0,0,3.0957,0,0,0,0,6.2038,-9.2995,0
tpcds_7,i_item_sk,0,0,0,3.0957,0,0,0,0,6.2977,-9.3934,0
tpcds_7,i_item_sk,0,0,0,3.0957,0,0,0,0,6.1822,-9.2779,0
tpcds_7,i_item_sk,0,0,0,3.0957,0,0,0,0,6.2008,-9.2966,0
tpcds_7,i_item_sk,0,0,0,3.0957,0,0,0,0,6.2198,-9.3155,0
tpcds_7,i_item_sk,0,0,0,3.0957,0,0,0,0,6.2225,-9.3183,0
tpcds_7,i_item_sk,0,0,0,3.0957,1,8192,0,8192,6.2873,-1.1910,0
tpcds_7,i_item_sk,0,0,0,3.0957,1,1616,0,1616,6.3248,-7.8045,0
tpcds_7,p_promo_sk,0,0,0,7.6960,0,0,0,0,9.1785,-16.8745,0
tpcds_7,p_promo_sk,0,0,0,7.6960,0,0,0,0,9.1208,-16.8168,0
tpcds_7,p_promo_sk,0,0,0,7.6960,0,0,0,0,9.1708,-16.8668,0
tpcds_7,p_promo_sk,0,0,0,7.6960,0,0,0,0,9.2037,-16.8997,0
tpcds_7,p_promo_sk,0,0,0,7.6960,0,0,0,0,9.1946,-16.8906,0
tpcds_7,p_promo_sk,0,0,0,7.6960,0,0,0,0,9.2279,-16.9239,0
tpcds_7,p_promo_sk,0,0,0,7.6960,0,0,0,0,9.2330,-16.9290,0
tpcds_7,p_promo_sk,0,0,0,7.6960,0,0,0,0,9.2787,-16.9747,0
tpcds_7,p_promo_sk,0,0,0,7.6960,0,0,0,0,9.2138,-16.9098,0
tpcds_7,p_promo_sk,0,0,0,7.6960,0,0,0,0,9.2701,-16.9661,0
tpcds_7,p_promo_sk,0,0,0,7.6960,0,0,0,0,9.3667,-17.0627,0
tpcds_7,p_promo_sk,0,0,0,7.6960,0,0,0,0,9.3582,-17.0543,0
tpcds_7,p_promo_sk,0,0,0,7.6960,0,0,0,0,9.3201,-17.0161,0
tpcds_7,p_promo_sk,0,0,0,7.6960,0,0,0,0,9.3446,-17.0406,0
tpcds_7,p_promo_sk,0,0,0,7.6960,0,0,0,0,9.3659,-17.0619,0
tpcds_7,p_promo_sk,0,0,0,7.6960,1,299,0,299,9.4468,-16.8438,0
tpcds_8,ss_sold_date_sk,0,0,0,0.0405,0,0,0,0,0.0608,-0.1013,0
tpcds_8,ss_sold_date_sk,0,0,0,0.0405,0,0,0,0,0.0628,-0.1033,0
tpcds_8,ss_sold_date_sk,0,0,0,0.0405,0,0,0,0,0.0348,-0.0753,0
tpcds_8,ss_sold_date_sk,0,0,0,0.0405,0,0,0,0,0.0281,-0.0686,0
tpcds_8,ss_sold_date_sk,0,0,0,0.0405,0,0,0,0,0.0253,-0.0658,0
tpcds_8,ss_sold_date_sk,0,0,0,0.0405,0,0,0,0,0.3510,-0.3915,0
tpcds_8,ss_sold_date_sk,0,0,0,0.0405,0,0,0,0,0.0251,-0.0656,0
tpcds_8,ss_sold_date_sk,0,0,0,0.0405,0,0,0,0,0.0368,-0.0773,0
tpcds_8,ss_sold_date_sk,0,0,0,0.0405,0,0,0,0,0.3502,-0.3907,0
tpcds_8,ss_sold_date_sk,0,0,0,0.0405,0,0,0,0,0.6623,-0.7028,0
tpcds_8,ss_sold_date_sk,0,0,0,0.0405,0,0,0,0,0.3252,-0.3657,0
tpcds_8,ss_sold_date_sk,0,0,0,0.0405,0,0,0,0,0.0907,-0.1312,0
tpcds_8,ss_sold_date_sk,0,0,0,0.0405,0,0,0,0,0.0587,-0.0992,0
tpcds_8,ca_address_sk,0,0,0,0.3875,1,8192,0,8192,5.5129,2.2916,1
tpcds_8,ca_address_sk,0,0,0,0.3875,1,8192,0,8192,5.5191,2.2854,1
tpcds_8,ca_address_sk,0,0,0,0.3875,1,8192,0,8192,5.6341,2.1704,1
tpcds_8,ca_address_sk,0,0,0,0.3875,0,0,0,0,5.5501,-5.9376,0
tpcds_8,ca_address_sk,0,0,0,0.3875,1,8192,0,8192,5.5832,2.2213,1
tpcds_8,ca_address_sk,0,0,0,0.3875,0,0,0,0,5.6581,-6.0456,0
tpcds_8,ca_address_sk,0,0,0,0.3875,0,0,0,0,5.6095,-5.9970,0
tpcds_8,ca_address_sk,0,0,0,0.3875,1,8192,0,8192,5.6288,2.1757,1
tpcds_8,ca_address_sk,0,0,0,0.3875,1,8192,0,8192,5.7173,2.0872,1
tpcds_8,ca_address_sk,0,0,0,0.3875,0,0,0,0,5.6973,-6.0848,0
tpcds_8,ca_address_sk,0,0,0,0.3875,0,0,0,0,5.6663,-6.0538,0
tpcds_8,ca_address_sk,0,0,0,0.3875,1,848,0,848,5.7541,-5.2936,0
tpcds_8,ca_address_sk,0,0,0,0.3875,0,0,0,0,5.6843,-6.0718,0
tpcds_8,ca_address_sk,0,0,0,0.3875,0,0,0,0,5.7693,-6.1568,0
tpcds_8,ca_address_sk,0,0,0,0.3875,0,0,0,0,5.6496,-6.0371,0
tpcds_8,ca_address_sk,0,0,0,0.3875,0,0,0,0,5.6603,-6.0478,0
tpcds_8,ss_sold_date_sk,0,0,0,0.0405,96,783252,747757,35495,31.4881,3.9664,1
tpcds_8,ss_sold_date_sk,0,0,0,0.0405,128,1048576,1001426,47150,43.8690,3.2405,1
tpcds_8,ss_sold_date_sk,0,0,0,0.0405,128,1048576,1001584,46992,46.9917,-0.0402,0
tpcds_8,s_store_sk,0,0,0,48.3927,1,12,0,12,3.0146,-51.3954,0
tpcds_8,ca_zip,0,0,0,51.4709,0,0,0,0,5.4393,-56.9102,0
tpcds_8,ca_zip,0,0,0,51.4709,0,0,0,0,5.4496,-56.9205,0
tpcds_8,ca_zip,0,0,0,51.4709,0,0,0,0,5.4643,-56.9353,0
tpcds_8,ca_zip,0,0,0,51.4709,0,0,0,0,5.4715,-56.9424,0
tpcds_8,ca_zip,0,0,0,51.4709,0,0,0,0,5.5022,-56.9731,0
tpcds_8,ca_zip,0,0,0,51.4709,0,0,0,0,5.5109,-56.9818,0
tpcds_8,ca_zip,0,0,0,51.4709,0,0,0,0,5.5015,-56.9724,0
tpcds_8,ca_zip,0,0,0,51.4709,0,0,0,0,5.5163,-56.9872,0
tpcds_8,ca_zip,0,0,0,51.4709,0,0,0,0,5.5564,-57.0273,0
tpcds_8,ca_zip,0,0,0,51.4709,0,0,0,0,5.5255,-56.9964,0
tpcds_8,ca_zip,0,0,0,51.4709,0,0,0,0,5.5242,-56.9951,0
tpcds_8,ca_zip,0,0,0,51.4709,0,0,0,0,5.5371,-57.0080,0
tpcds_8,ca_zip,0,0,0,51.4709,0,0,0,0,5.5359,-57.0068,0
tpcds_8,ca_zip,0,0,0,51.4709,0,0,0,0,5.5507,-57.0216,0
tpcds_8,ca_zip,0,0,0,51.4709,0,0,0,0,5.5569,-57.0278,0
tpcds_8,ca_zip,0,0,0,51.4709,0,0,0,0,5.5576,-57.0286,0
tpcds_10,c_current_addr_sk,0,0,0,3.9695,1,8192,7898,294,5.8165,-9.4920,0
tpcds_10,c_current_addr_sk,0,0,0,3.9695,1,8192,7894,298,5.8113,-9.4828,0
tpcds_10,c_current_addr_sk,0,0,0,3.9695,1,8192,7900,292,5.8277,-9.5052,0
tpcds_10,c_current_addr_sk,0,0,0,3.9695,0,0,0,0,5.8396,-9.8091,0
tpcds_10,c_current_addr_sk,0,0,0,3.9695,0,0,0,0,5.8685,-9.8380,0
tpcds_10,c_current_addr_sk,0,0,0,3.9695,0,0,0,0,5.8980,-9.8675,0
tpcds_10,c_current_addr_sk,0,0,0,3.9695,1,8192,7920,272,5.8944,-9.5919,0
tpcds_10,c_current_addr_sk,0,0,0,3.9695,1,8192,7934,258,5.8998,-9.6112,0
tpcds_10,c_current_addr_sk,0,0,0,3.9695,1,8192,7909,283,5.9061,-9.5926,0
tpcds_10,c_current_addr_sk,0,0,0,3.9695,1,8192,7904,288,5.9064,-9.5879,0
tpcds_10,c_current_addr_sk,0,0,0,3.9695,1,8192,7914,278,5.9154,-9.6068,0
tpcds_10,c_current_addr_sk,0,0,0,3.9695,1,8192,7930,262,5.9416,-9.6491,0
tpcds_10,c_current_addr_sk,0,0,0,3.9695,1,8192,7901,291,5.9112,-9.5897,0
tpcds_10,c_current_addr_sk,0,0,0,3.9695,1,1696,1636,60,5.9561,-9.8656,0
tpcds_10,c_current_addr_sk,0,0,0,3.9695,1,8192,7917,275,5.9932,-9.6877,0
tpcds_10,c_current_addr_sk,0,0,0,3.9695,1,8192,7900,292,6.1406,-9.8181,0
tpcds_10,cd_demo_sk,0,0,0,10.2459,15,122880,0,122880,39.0756,73.5585,1
tpcds_10,cd_demo_sk,0,0,0,10.2459,15,122880,0,122880,38.8258,73.8083,1
tpcds_10,cd_demo_sk,0,0,0,10.2459,15,122880,0,122880,39.1153,73.5189,1
tpcds_10,cd_demo_sk,0,0,0,10.2459,14,114688,0,114688,39.0829,65.3592,1
tpcds_10,cd_demo_sk,0,0,0,10.2459,14,114688,0,114688,39.0497,65.3924,1
tpcds_10,cd_demo_sk,0,0,0,10.2459,15,122880,0,122880,38.9421,73.6920,1
tpcds_10,cd_demo_sk,0,0,0,10.2459,15,122880,0,122880,39.0338,73.6004,1
tpcds_10,cd_demo_sk,0,0,0,10.2459,14,114688,0,114688,38.9326,65.5095,1
tpcds_10,cd_demo_sk,0,0,0,10.2459,15,118560,0,118560,38.9831,69.3310,1
tpcds_10,cd_demo_sk,0,0,0,10.2459,15,122880,0,122880,39.1296,73.5045,1
tpcds_10,cd_demo_sk,0,0,0,10.2459,14,114688,0,114688,38.9147,65.5274,1
tpcds_10,cd_demo_sk,0,0,0,10.2459,15,122880,0,122880,39.0299,73.6042,1
tpcds_10,cd_demo_sk,0,0,0,10.2459,15,122880,0,122880,38.9859,73.6482,1
tpcds_10,cd_demo_sk,0,0,0,10.2459,15,122880,0,122880,39.2008,73.4333,1
tpcds_10,cd_demo_sk,0,0,0,10.2459,15,122880,0,122880,39.2123,73.4218,1
tpcds_10,cd_demo_sk,0,0,0,10.2459,14,114688,0,114688,39.1096,65.3325,1
tpcds_10,ss_sold_date_sk,0,0,0,0.0103,0,0,0,0,0.1269,-0.1372,0
tpcds_10,ss_sold_date_sk,0,0,0,0.0103,0,0,0,0,0.1040,-0.1143,0
tpcds_10,ss_sold_date_sk,0,0,0,0.0103,0,0,0,0,0.1171,-0.1273,0
tpcds_10,ss_sold_date_sk,0,0,0,0.0103,0,0,0,0,0.0912,-0.1015,0
tpcds_10,ss_sold_date_sk,0,0,0,0.0103,0,0,0,0,0.0437,-0.0539,0
tpcds_10,ss_sold_date_sk,0,0,0,0.0103,0,0,0,0,0.0428,-0.0530,0
tpcds_10,ss_sold_date_sk,0,0,0,0.0103,0,0,0,0,0.1176,-0.1279,0
tpcds_10,ss_sold_date_sk,0,0,0,0.0103,0,0,0,0,0.0293,-0.0396,0
tpcds_10,ss_sold_date_sk,0,0,0,0.0103,0,0,0,0,0.0301,-0.0403,0
tpcds_10,ss_sold_date_sk,0,0,0,0.0103,0,0,0,0,0.0306,-0.0409,0
tpcds_10,ss_sold_date_sk,0,0,0,0.0103,0,0,0,0,0.0285,-0.0387,0
tpcds_10,ss_sold_date_sk,0,0,0,0.0103,0,0,0,0,0.0454,-0.0557,0
tpcds_10,ss_sold_date_sk,0,0,0,0.0103,0,0,0,0,0.0599,-0.0702,0
tpcds_10,ss_sold_date_sk,0,0,0,0.0103,96,783252,747757,35495,37.3396,-1.8548,0
tpcds_10,ss_sold_date_sk,0,0,0,0.0103,128,1048576,1001584,46992,47.0059,-0.0241,0
tpcds_10,ss_sold_date_sk,0,0,0,0.0103,128,1048576,1001426,47150,47.6278,-0.4880,0
tpcds_10,ws_sold_date_sk,0,0,0,0.0079,0,0,0,0,0.0988,-0.1067,0
tpcds_10,ws_sold_date_sk,0,0,0,0.0079,0,0,0,0,0.1311,-0.1391,0
tpcds_10,ws_sold_date_sk,0,0,0,0.0079,0,0,0,0,0.1456,-0.1535,0
tpcds_10,ws_sold_date_sk,0,0,0,0.0079,0,0,0,0,0.1236,-0.1315,0
tpcds_10,ws_sold_date_sk,0,0,0,0.0079,0,0,0,0,0.0480,-0.0559,0
tpcds_10,ws_sold_date_sk,0,0,0,0.0079,0,0,0,0,0.0523,-0.0602,0
tpcds_10,ws_sold_date_sk,0,0,0,0.0079,0,0,0,0,0.0461,-0.0541,0
tpcds_10,ws_sold_date_sk,0,0,0,0.0079,0,0,0,0,0.0484,-0.0564,0
tpcds_10,ws_sold_date_sk,0,0,0,0.0079,0,0,0,0,0.0359,-0.0438,0
tpcds_10,ws_sold_date_sk,0,0,0,0.0079,0,0,0,0,0.0439,-0.0518,0
tpcds_10,ws_sold_date_sk,0,0,0,0.0079,0,0,0,0,0.0355,-0.0435,0
tpcds_10,ws_sold_date_sk,0,0,0,0.0079,0,0,0,0,0.0361,-0.0440,0
tpcds_10,ws_sold_date_sk,0,0,0,0.0079,0,0,0,0,0.0365,-0.0444,0
tpcds_10,ws_sold_date_sk,0,0,0,0.0079,0,0,0,0,0.1104,-0.1184,0
tpcds_10,ws_sold_date_sk,0,0,0,0.0079,0,0,0,0,0.1480,-0.1559,0
tpcds_10,ws_sold_date_sk,0,0,0,0.0079,88,719384,719197,187,23.4066,-23.2275,0
tpcds_10,cs_sold_date_sk,0,0,0,0.0116,0,0,0,0,0.1194,-0.1310,0
tpcds_10,cs_sold_date_sk,0,0,0,0.0116,0,0,0,0,0.1245,-0.1360,0
tpcds_10,cs_sold_date_sk,0,0,0,0.0116,0,0,0,0,0.0948,-0.1064,0
tpcds_10,cs_sold_date_sk,0,0,0,0.0116,0,0,0,0,0.0468,-0.0583,0
tpcds_10,cs_sold_date_sk,0,0,0,0.0116,0,0,0,0,0.0585,-0.0700,0
tpcds_10,cs_sold_date_sk,0,0,0,0.0116,0,0,0,0,0.0455,-0.0571,0
tpcds_10,cs_sold_date_sk,0,0,0,0.0116,0,0,0,0,0.0483,-0.0599,0
tpcds_10,cs_sold_date_sk,0,0,0,0.0116,0,0,0,0,0.1629,-0.1744,0
tpcds_10,cs_sold_date_sk,0,0,0,0.0116,0,0,0,0,0.0516,-0.0632,0
tpcds_10,cs_sold_date_sk,0,0,0,0.0116,0,0,0,0,0.0478,-0.0593,0
tpcds_10,cs_sold_date_sk,0,0,0,0.0116,0,0,0,0,0.0442,-0.0558,0
tpcds_10,cs_sold_date_sk,0,0,0,0.0116,0,0,0,0,0.1154,-0.1270,0
tpcds_10,cs_sold_date_sk,0,0,0,0.0116,0,0,0,0,0.1131,-0.1246,0
tpcds_10,cs_sold_date_sk,0,0,0,0.0116,0,0,0,0,0.1097,-0.1212,0
tpcds_10,cs_sold_date_sk,0,0,0,0.0116,48,392972,391054,1918,23.6945,-21.7881,0
tpcds_10,cs_sold_date_sk,0,0,0,0.0116,128,1048576,1043441,5135,56.7195,-51.5960,0
tpcds_11,ss_customer_sk,0,0,0,62.0973,0,0,0,0,0.3025,-62.3998,0
tpcds_11,ss_customer_sk,0,0,0,62.0973,0,0,0,0,0.2099,-62.3072,0
tpcds_11,ss_customer_sk,0,0,0,62.0973,0,0,0,0,0.1587,-62.2560,0
tpcds_11,ws_bill_customer_sk,0,0,0,59.8090,0,0,0,0,0.1694,-59.9783,0
tpcds_11,ss_customer_sk,0,0,0,62.0973,0,0,0,0,0.1580,-62.2553,0
tpcds_11,ss_customer_sk,0,0,0,62.0973,0,0,0,0,0.2362,-62.3335,0
tpcds_11,ws_bill_customer_sk,0,0,0,59.8090,0,0,0,0,0.1006,-59.9096,0
tpcds_11,ss_customer_sk,0,0,0,62.0973,0,0,0,0,0.1456,-62.2429,0
tpcds_11,ws_bill_customer_sk,0,0,0,59.8090,0,0,0,0,0.0820,-59.8910,0
tpcds_11,ss_customer_sk,0,0,0,62.0973,0,0,0,0,0.1378,-62.2351,0
tpcds_11,ws_bill_customer_sk,0,0,0,59.8090,0,0,0,0,0.2127,-60.0216,0
tpcds_11,ss_customer_sk,0,0,0,62.0973,0,0,0,0,0.5102,-62.6075,0
tpcds_11,ss_customer_sk,0,0,0,62.0973,0,0,0,0,0.1558,-62.2531,0
tpcds_11,ss_customer_sk,0,0,0,62.0973,0,0,0,0,0.0846,-62.1819,0
tpcds_11,ws_bill_customer_sk,0,0,0,59.8090,0,0,0,0,0.1605,-59.9694,0
tpcds_11,ws_bill_customer_sk,0,0,0,59.8090,0,0,0,0,0.1545,-59.9634,0
tpcds_11,ss_customer_sk,0,0,0,62.0973,0,0,0,0,0.1416,-62.2389,0
tpcds_11,ws_bill_customer_sk,0,0,0,59.8090,0,0,0,0,0.1585,-59.9674,0
tpcds_11,ws_bill_customer_sk,0,0,0,59.8090,0,0,0,0,0.1530,-59.9619,0
tpcds_11,ss_customer_sk,0,0,0,62.0973,0,0,0,0,0.1357,-62.2331,0
tpcds_11,ss_customer_sk,0,0,0,62.0973,0,0,0,0,0.9402,-63.0375,0
tpcds_11,ws_bill_customer_sk,0,0,0,59.8090,0,0,0,0,0.1540,-59.9630,0
tpcds_11,ws_bill_customer_sk,0,0,0,59.8090,0,0,0,0,0.1516,-59.9605,0
tpcds_11,ws_bill_customer_sk,0,0,0,59.8090,0,0,0,0,0.9114,-60.7203,0
tpcds_11,ws_bill_customer_sk,0,0,0,59.8090,0,0,0,0,0.1514,-59.9603,0
tpcds_11,ws_bill_customer_sk,0,0,0,59.8090,0,0,0,0,1.0402,-60.8492,0
tpcds_11,ws_bill_customer_sk,0,0,0,59.8090,0,0,0,0,1.2588,-61.0678,0
tpcds_11,ws_bill_customer_sk,0,0,0,59.8090,0,0,0,0,1.4579,-61.2669,0
tpcds_11,ss_customer_sk,0,0,0,69.6366,0,0,0,0,0.2546,-69.8912,0
tpcds_11,ss_customer_sk,0,0,0,69.6366,0,0,0,0,0.1448,-69.7814,0
tpcds_11,ss_customer_sk,0,0,0,69.6366,0,0,0,0,0.0881,-69.7247,0
tpcds_11,ss_customer_sk,0,0,0,69.6366,0,0,0,0,0.1191,-69.7557,0
tpcds_11,ss_customer_sk,0,0,0,69.6366,0,0,0,0,0.0915,-69.7281,0
tpcds_11,ss_customer_sk,0,0,0,69.6366,0,0,0,0,0.2060,-69.8425,0
tpcds_11,ss_customer_sk,0,0,0,69.6366,0,0,0,0,0.0781,-69.7146,0
tpcds_11,ss_customer_sk,0,0,0,69.6366,0,0,0,0,0.1510,-69.7876,0
tpcds_11,ss_customer_sk,0,0,0,69.6366,0,0,0,0,0.0720,-69.7086,0
tpcds_11,ss_customer_sk,0,0,0,69.6366,0,0,0,0,0.0993,-69.7358,0
tpcds_11,ss_customer_sk,0,0,0,69.6366,0,0,0,0,0.1514,-69.7880,0
tpcds_11,ss_customer_sk,0,0,0,69.6366,0,0,0,0,0.0876,-69.7242,0
tpcds_11,ss_customer_sk,0,0,0,69.6366,0,0,0,0,0.2378,-69.8744,0
tpcds_11,ws_bill_customer_sk,0,0,0,73.3912,0,0,0,0,0.2003,-73.5915,0
tpcds_11,ws_bill_customer_sk,0,0,0,73.3912,0,0,0,0,0.2465,-73.6378,0
tpcds_11,ws_bill_customer_sk,0,0,0,73.3912,0,0,0,0,0.1386,-73.5298,0
tpcds_11,ws_bill_customer_sk,0,0,0,73.3912,0,0,0,0,0.1442,-73.5354,0
tpcds_11,ws_bill_customer_sk,0,0,0,73.3912,0,0,0,0,0.1463,-73.5375,0
tpcds_11,ws_bill_customer_sk,0,0,0,73.3912,0,0,0,0,0.1337,-73.5249,0
tpcds_11,ws_bill_customer_sk,0,0,0,73.3912,0,0,0,0,0.1482,-73.5395,0
tpcds_11,ws_bill_customer_sk,0,0,0,73.3912,0,0,0,0,0.1470,-73.5382,0
tpcds_11,ws_bill_customer_sk,0,0,0,73.3912,0,0,0,0,0.3061,-73.6973,0
tpcds_11,ws_bill_customer_sk,0,0,0,73.3912,0,0,0,0,0.1093,-73.5005,0
tpcds_11,ws_bill_customer_sk,0,0,0,73.3912,0,0,0,0,0.1306,-73.5218,0
tpcds_11,ws_bill_customer_sk,0,0,0,73.3912,0,0,0,0,0.2822,-73.6735,0
tpcds_11,ws_bill_customer_sk,0,0,0,73.3912,0,0,0,0,0.7725,-74.1637,0
tpcds_11,ws_bill_customer_sk,0,0,0,73.3912,0,0,0,0,0.0841,-73.4753,0
tpcds_11,ws_bill_customer_sk,0,0,0,73.3912,0,0,0,0,1.4371,-74.8284,0
tpcds_11,ws_bill_customer_sk,0,0,0,59.8090,88,719384,719219,165,163.6730,-223.3169,0
tpcds_11,d_date_sk,0,0,0,234.6007,0,0,0,0,0.0977,-234.6984,0
tpcds_11,d_date_sk,0,0,0,234.6007,0,0,0,0,0.1573,-234.7580,0
tpcds_11,d_date_sk,0,0,0,234.6007,0,0,0,0,0.1723,-234.7730,0
tpcds_11,d_date_sk,0,0,0,234.6007,0,0,0,0,0.1633,-234.7639,0
tpcds_11,d_date_sk,0,0,0,234.6007,0,0,0,0,0.2042,-234.8049,0
tpcds_11,d_date_sk,0,0,0,234.6007,0,0,0,0,0.2128,-234.8135,0
tpcds_11,d_date_sk,0,0,0,234.6007,0,0,0,0,0.1874,-234.7880,0
tpcds_11,d_date_sk,0,0,0,234.6007,0,0,0,0,0.2081,-234.8087,0
tpcds_11,d_date_sk,0,0,0,234.6007,0,0,0,0,0.2841,-234.8847,0
tpcds_11,d_date_sk,0,0,0,234.6007,0,0,0,0,0.2522,-234.8528,0
tpcds_11,d_date_sk,0,0,0,234.6007,0,0,0,0,0.2743,-234.8749,0
tpcds_11,d_date_sk,0,0,0,234.6007,0,0,0,0,0.2421,-234.8428,0
tpcds_11,d_date_sk,0,0,0,234.6007,0,0,0,0,0.2539,-234.8546,0
tpcds_11,d_date_sk,0,0,0,234.6007,0,0,0,0,0.3039,-234.9045,0
tpcds_11,d_date_sk,0,0,0,234.6007,0,0,0,0,0.3141,-234.9148,0
tpcds_11,d_date_sk,0,0,0,234.6007,0,0,0,0,0.3514,-234.9521,0
tpcds_11,ws_bill_customer_sk,0,0,0,73.3912,88,719384,719219,165,156.9260,-230.1522,0
tpcds_11,d_date_sk,0,0,0,242.1560,0,0,0,0,0.1166,-242.2727,0
tpcds_11,d_date_sk,0,0,0,242.1560,0,0,0,0,0.1522,-242.3082,0
tpcds_11,d_date_sk,0,0,0,242.1560,0,0,0,0,0.1795,-242.3355,0
tpcds_11,d_date_sk,0,0,0,242.1560,0,0,0,0,0.1859,-242.3419,0
tpcds_11,d_date_sk,0,0,0,242.1560,0,0,0,0,0.1766,-242.3326,0
tpcds_11,d_date_sk,0,0,0,242.1560,0,0,0,0,0.1795,-242.3355,0
tpcds_11,d_date_sk,0,0,0,242.1560,0,0,0,0,0.1900,-242.3460,0
tpcds_11,d_date_sk,0,0,0,242.1560,0,0,0,0,0.2156,-242.3716,0
tpcds_11,d_date_sk,0,0,0,242.1560,0,0,0,0,0.2279,-242.3839,0
tpcds_11,d_date_sk,0,0,0,242.1560,0,0,0,0,0.2234,-242.3794,0
tpcds_11,d_date_sk,0,0,0,242.1560,0,0,0,0,0.2291,-242.3851,0
tpcds_11,d_date_sk,0,0,0,242.1560,0,0,0,0,0.2510,-242.4070,0
tpcds_11,d_date_sk,0,0,0,242.1560,0,0,0,0,0.2621,-242.4181,0
tpcds_11,d_date_sk,0,0,0,242.1560,0,0,0,0,0.2261,-242.3821,0
tpcds_11,d_date_sk,0,0,0,242.1560,0,0,0,0,0.2708,-242.4268,0
tpcds_11,d_date_sk,0,0,0,242.1560,0,0,0,0,0.3295,-242.4855,0
tpcds_11,ss_customer_sk,0,0,0,62.0973,96,783252,747657,35595,186.8100,-213.3123,0
tpcds_11,ss_customer_sk,0,0,0,69.6366,96,783252,747657,35595,182.8099,-216.8515,0
tpcds_11,ss_customer_sk,0,0,0,62.0973,128,1048576,1001377,47199,221.1360,-236.0343,0
tpcds_11,ss_customer_sk,0,0,0,62.0973,128,1048576,1001670,46906,226.9034,-242.0947,0
tpcds_11,d_date_sk,0,0,0,298.5629,0,0,0,0,0.1265,-298.6895,0
tpcds_11,d_date_sk,0,0,0,298.5629,0,0,0,0,0.1629,-298.7259,0
tpcds_11,d_date_sk,0,0,0,298.5629,0,0,0,0,0.1302,-298.6931,0
tpcds_11,d_date_sk,0,0,0,298.5629,0,0,0,0,0.1832,-298.7461,0
tpcds_11,d_date_sk,0,0,0,298.5629,0,0,0,0,0.2102,-298.7731,0
tpcds_11,d_date_sk,0,0,0,298.5629,0,0,0,0,0.2680,-298.8309,0
tpcds_11,d_date_sk,0,0,0,298.5629,0,0,0,0,0.2364,-298.7993,0
tpcds_11,d_date_sk,0,0,0,298.5629,0,0,0,0,0.2367,-298.7996,0
tpcds_11,d_date_sk,0,0,0,298.5629,0,0,0,0,0.2473,-298.8102,0
tpcds_11,d_date_sk,0,0,0,298.5629,0,0,0,0,0.2544,-298.8174,0
tpcds_11,d_date_sk,0,0,0,298.5629,0,0,0,0,0.2332,-298.7962,0
tpcds_11,d_date_sk,0,0,0,298.5629,0,0,0,0,0.2662,-298.8291,0
tpcds_11,d_date_sk,0,0,0,298.5629,0,0,0,0,0.2669,-298.8298,0
tpcds_11,d_date_sk,0,0,0,298.5629,0,0,0,0,0.2879,-298.8508,0
tpcds_11,d_date_sk,0,0,0,298.5629,0,0,0,0,0.2941,-298.8570,0
tpcds_11,d_date_sk,0,0,0,298.5629,0,0,0,0,0.2967,-298.8596,0
tpcds_11,ss_customer_sk,0,0,0,69.6366,128,1048576,1001670,46906,219.3564,-242.0870,0
tpcds_11,ss_customer_sk,0,0,0,69.6366,128,1048576,1001377,47199,222.2074,-244.6450,0
tpcds_11,d_date_sk,0,0,0,2.6974,0,0,0,0,0.1001,-2.7975,0
tpcds_11,d_date_sk,0,0,0,2.6974,0,0,0,0,0.1169,-2.8143,0
tpcds_11,d_date_sk,0,0,0,2.6974,0,0,0,0,0.1284,-2.8258,0
tpcds_11,d_date_sk,0,0,0,2.6974,0,0,0,0,0.1609,-2.8583,0
tpcds_11,d_date_sk,0,0,0,2.6974,0,0,0,0,0.1721,-2.8695,0
tpcds_11,d_date_sk,0,0,0,2.6974,0,0,0,0,0.1746,-2.8720,0
tpcds_11,d_date_sk,0,0,0,2.6974,0,0,0,0,0.1930,-2.8904,0
tpcds_11,d_date_sk,0,0,0,2.6974,0,0,0,0,0.2145,-2.9119,0
tpcds_11,d_date_sk,0,0,0,2.6974,0,0,0,0,0.2027,-2.9001,0
tpcds_11,d_date_sk,0,0,0,2.6974,0,0,0,0,0.2053,-2.9027,0
tpcds_11,d_date_sk,0,0,0,2.6974,0,0,0,0,0.2021,-2.8995,0
tpcds_11,d_date_sk,0,0,0,2.6974,0,0,0,0,0.2093,-2.9067,0
tpcds_11,d_date_sk,0,0,0,2.6974,0,0,0,0,0.2128,-2.9102,0
tpcds_11,d_date_sk,0,0,0,2.6974,0,0,0,0,0.2256,-2.9230,0
tpcds_11,d_date_sk,0,0,0,2.6974,0,0,0,0,0.2286,-2.9260,0
tpcds_11,d_date_sk,0,0,0,2.6974,0,0,0,0,0.2293,-2.9267,0
tpcds_11,customer_id,0,0,0,56.6302,0,0,0,0,3.0138,-59.6440,0
tpcds_11,customer_id,0,0,0,56.6302,0,0,0,0,3.0160,-59.6463,0
tpcds_11,customer_id,0,0,0,56.6302,0,0,0,0,2.9784,-59.6086,0
tpcds_11,customer_id,0,0,0,6.2908,0,0,0,0,59.7436,-66.0344,0
tpcds_11,customer_id,0,0,0,6.2908,0,0,0,0,59.7344,-66.0253,0
tpcds_11,customer_id,0,0,0,6.2908,0,0,0,0,59.7270,-66.0179,0
tpcds_11,customer_id,0,0,0,231.1610,0,0,0,0,66.1212,-297.2823,0
tpcds_11,customer_id,0,0,0,231.1610,0,0,0,0,66.1140,-297.2750,0
tpcds_11,customer_id,0,0,0,231.1610,0,0,0,0,66.1235,-297.2845,0
tpcds_11,customer_id,0,0,0,56.6302,0,0,0,0,3.0212,-59.6515,0
tpcds_11,customer_id,0,0,0,56.6302,0,0,0,0,3.0362,-59.6664,0
tpcds_11,customer_id,0,0,0,6.2908,0,0,0,0,59.7702,-66.0610,0
tpcds_11,customer_id,0,0,0,231.1610,0,0,0,0,66.1561,-297.3171,0
tpcds_11,customer_id,0,0,0,6.2908,0,0,0,0,59.7815,-66.0723,0
tpcds_11,customer_id,0,0,0,56.6302,0,0,0,0,3.0297,-59.6600,0
tpcds_11,customer_id,0,0,0,231.1610,0,0,0,0,66.1664,-297.3274,0
tpcds_11,customer_id,0,0,0,56.6302,0,0,0,0,3.0299,-59.6601,0
tpcds_11,customer_id,0,0,0,6.2908,0,0,0,0,59.7820,-66.0728,0
tpcds_11,customer_id,0,0,0,6.2908,0,0,0,0,59.7917,-66.0825,0
tpcds_11,customer_id,0,0,0,56.6302,0,0,0,0,3.0411,-59.6713,0
tpcds_11,customer_id,0,0,0,231.1610,0,0,0,0,66.1649,-297.3260,0
tpcds_11,customer_id,0,0,0,231.1610,0,0,0,0,66.1634,-297.3244,0
tpcds_11,customer_id,0,0,0,6.2908,0,0,0,0,59.8055,-66.0963,0
tpcds_11,customer_id,0,0,0,231.1610,0,0,0,0,66.1764,-297.3374,0
tpcds_11,customer_id,0,0,0,56.6302,0,0,0,0,3.1405,-59.7707,0
tpcds_11,customer_id,0,0,0,56.6302,0,0,0,0,3.0615,-59.6917,0
tpcds_11,customer_id,0,0,0,6.2908,0,0,0,0,59.8037,-66.0946,0
tpcds_11,customer_id,0,0,0,56.6302,0,0,0,0,3.0717,-59.7020,0
tpcds_11,customer_id,0,0,0,6.2908,0,0,0,0,59.8110,-66.1019,0
tpcds_11,customer_id,0,0,0,231.1610,0,0,0,0,66.1859,-297.3469,0
tpcds_11,customer_id,0,0,0,231.1610,0,0,0,0,66.1975,-297.3585,0
tpcds_11,customer_id,0,0,0,6.2908,0,0,0,0,59.8217,-66.1126,0
tpcds_11,customer_id,0,0,0,231.1610,0,0,0,0,66.1957,-297.3567,0
tpcds_11,customer_id,0,0,0,56.6302,0,0,0,0,3.0882,-59.7185,0
tpcds_11,customer_id,0,0,0,56.6302,0,0,0,0,3.0747,-59.7050,0
tpcds_11,customer_id,0,0,0,56.6302,0,0,0,0,3.1228,-59.7530,0
tpcds_11,customer_id,0,0,0,6.2908,0,0,0,0,59.8501,-66.1409,0
tpcds_11,customer_id,0,0,0,6.2908,0,0,0,0,59.8399,-66.1307,0
tpcds_11,customer_id,0,0,0,6.2908,0,0,0,0,59.8638,-66.1547,0
tpcds_11,customer_id,0,0,0,231.1610,0,0,0,0,66.2145,-297.3755,0
tpcds_11,customer_id,0,0,0,231.1610,0,0,0,0,66.2301,-297.3912,0
tpcds_11,customer_id,0,0,0,231.1610,0,0,0,0,66.2619,-297.4230,0
tpcds_11,customer_id,0,0,0,56.6302,0,0,0,0,3.1244,-59.7547,0
tpcds_11,customer_id,0,0,0,56.6302,0,0,0,0,3.1248,-59.7551,0
tpcds_11,customer_id,0,0,0,6.2908,0,0,0,0,59.8625,-66.1534,0
tpcds_11,customer_id,0,0,0,6.2908,0,0,0,0,59.8575,-66.1483,0
tpcds_11,customer_id,0,0,0,231.1610,0,0,0,0,66.2564,-297.4174,0
tpcds_11,customer_id,0,0,0,231.1610,0,0,0,0,66.2615,-297.4226,0
tpcds_13,ss_store_sk,0,0,0,0.1917,0,0,0,0,0.7065,-0.8983,0
tpcds_14,cs_sold_date_sk,0,0,0,0.1465,0,0,0,0,0.0945,-0.2411,0
tpcds_14,cs_sold_date_sk,0,0,0,0.1465,0,0,0,0,0.0507,-0.1972,0
tpcds_14,cs_sold_date_sk,0,0,0,0.1465,0,0,0,0,0.0331,-0.1796,0
tpcds_14,cs_sold_date_sk,0,0,0,0.1465,0,0,0,0,0.0303,-0.1768,0
tpcds_14,cs_sold_date_sk,0,0,0,0.1465,0,0,0,0,0.0494,-0.1960,0
tpcds_14,cs_sold_date_sk,0,0,0,0.1465,0,0,0,0,0.0431,-0.1897,0
tpcds_14,cs_sold_date_sk,0,0,0,0.1465,0,0,0,0,0.0674,-0.2140,0
tpcds_14,cs_sold_date_sk,0,0,0,0.1465,0,0,0,0,0.1574,-0.3040,0
tpcds_14,cs_sold_date_sk,0,0,0,0.1465,0,0,0,0,0.0929,-0.2394,0
tpcds_14,cs_sold_date_sk,0,0,0,0.1465,0,0,0,0,0.2454,-0.3919,0
tpcds_14,ss_sold_date_sk,0,0,0,0.1899,0,0,0,0,0.1847,-0.3746,0
tpcds_14,ws_sold_date_sk,0,0,0,1.2670,0,0,0,0,0.1765,-1.4435,0
tpcds_14,ws_sold_date_sk,0,0,0,0.3116,0,0,0,0,0.0761,-0.3877,0
tpcds_14,ss_sold_date_sk,0,0,0,4.6779,0,0,0,0,0.0811,-4.7590,0
tpcds_14,ss_sold_date_sk,0,0,0,0.1899,0,0,0,0,0.1120,-0.3019,0
tpcds_14,cs_sold_date_sk,0,0,0,0.1465,0,0,0,0,0.1280,-0.2746,0
tpcds_14,ws_sold_date_sk,0,0,0,0.3116,0,0,0,0,0.0573,-0.3689,0
tpcds_14,ss_sold_date_sk,0,0,0,4.6779,0,0,0,0,0.0584,-4.7363,0
tpcds_14,ws_sold_date_sk,0,0,0,1.2670,0,0,0,0,0.1292,-1.3962,0
tpcds_14,ws_sold_date_sk,0,0,0,0.3116,0,0,0,0,0.0554,-0.3670,0
tpcds_14,ss_sold_date_sk,0,0,0,0.1899,0,0,0,0,0.1011,-0.2910,0
tpcds_14,ws_sold_date_sk,0,0,0,0.3116,0,0,0,0,0.0604,-0.3720,0
tpcds_14,ws_sold_date_sk,0,0,0,1.2670,0,0,0,0,0.1126,-1.3796,0
tpcds_14,ss_sold_date_sk,0,0,0,4.6779,0,0,0,0,0.1745,-4.8524,0
tpcds_14,ws_sold_date_sk,0,0,0,0.3116,0,0,0,0,0.0538,-0.3654,0
tpcds_14,ss_sold_date_sk,0,0,0,4.6779,0,0,0,0,0.0708,-4.7487,0
tpcds_14,ss_sold_date_sk,0,0,0,0.1899,0,0,0,0,0.0962,-0.2861,0
tpcds_14,ws_sold_date_sk,0,0,0,0.3116,0,0,0,0,0.0527,-0.3643,0
tpcds_14,ss_sold_date_sk,0,0,0,4.6779,0,0,0,0,0.0584,-4.7363,0
tpcds_14,ws_sold_date_sk,0,0,0,1.2670,0,0,0,0,0.1110,-1.3780,0
tpcds_14,ws_sold_date_sk,0,0,0,0.3116,0,0,0,0,0.0570,-0.3686,0
tpcds_14,ss_sold_date_sk,0,0,0,4.6779,0,0,0,0,0.0457,-4.7236,0
tpcds_14,ss_sold_date_sk,0,0,0,4.6779,0,0,0,0,0.1163,-4.7942,0
tpcds_14,ss_sold_date_sk,0,0,0,0.1899,0,0,0,0,0.0918,-0.2817,0
tpcds_14,ss_sold_date_sk,0,0,0,4.6779,0,0,0,0,0.0480,-4.7260,0
tpcds_14,ws_sold_date_sk,0,0,0,1.2670,0,0,0,0,0.1152,-1.3822,0
tpcds_14,ss_sold_date_sk,0,0,0,4.6779,0,0,0,0,0.0999,-4.7779,0
tpcds_14,ss_sold_date_sk,0,0,0,0.1899,0,0,0,0,0.0982,-0.2882,0
tpcds_14,ss_sold_date_sk,0,0,0,4.6779,0,0,0,0,0.0938,-4.7717,0
tpcds_14,ss_sold_date_sk,0,0,0,4.6779,0,0,0,0,0.0529,-4.7309,0
tpcds_14,ws_sold_date_sk,0,0,0,1.2670,0,0,0,0,0.1236,-1.3906,0
tpcds_14,ss_sold_date_sk,0,0,0,4.6779,0,0,0,0,0.1151,-4.7930,0
tpcds_14,ws_sold_date_sk,0,0,0,6.4309,0,0,0,0,0.0795,-6.5104,0
tpcds_14,ws_sold_date_sk,0,0,0,6.4309,0,0,0,0,0.0607,-6.4916,0
tpcds_14,ws_sold_date_sk,0,0,0,1.2670,0,0,0,0,0.1336,-1.4006,0
tpcds_14,ss_sold_date_sk,0,0,0,4.6779,0,0,0,0,0.1100,-4.7879,0
tpcds_14,ws_sold_date_sk,0,0,0,6.4309,0,0,0,0,0.0600,-6.4908,0
tpcds_14,ss_sold_date_sk,0,0,0,0.1899,0,0,0,0,0.1351,-0.3250,0
tpcds_14,ws_sold_date_sk,0,0,0,6.4309,0,0,0,0,0.0581,-6.4890,0
tpcds_14,ws_sold_date_sk,0,0,0,6.4309,0,0,0,0,0.0556,-6.4865,0
tpcds_14,ss_sold_date_sk,0,0,0,0.1899,0,0,0,0,0.1081,-0.2980,0
tpcds_14,ws_sold_date_sk,0,0,0,6.4309,0,0,0,0,0.0580,-6.4889,0
tpcds_14,ws_sold_date_sk,0,0,0,6.4309,0,0,0,0,0.0871,-6.5180,0
tpcds_14,ws_sold_date_sk,0,0,0,1.2670,0,0,0,0,0.1694,-1.4364,0
tpcds_14,ws_sold_date_sk,0,0,0,6.4309,0,0,0,0,0.1005,-6.5313,0
tpcds_14,ws_sold_date_sk,0,0,0,6.4309,0,0,0,0,0.0684,-6.4993,0
tpcds_14,ss_sold_date_sk,0,0,0,0.1899,0,0,0,0,0.1310,-0.3209,0
tpcds_14,ws_sold_date_sk,0,0,0,1.2670,0,0,0,0,0.2149,-1.4819,0
tpcds_14,ws_sold_date_sk,0,0,0,6.4309,0,0,0,0,0.0560,-6.4869,0
tpcds_14,ws_sold_date_sk,0,0,0,6.4309,0,0,0,0,0.0540,-6.4849,0
tpcds_14,ws_sold_date_sk,0,0,0,6.4309,0,0,0,0,0.0530,-6.4839,0
tpcds_14,ws_sold_date_sk,0,0,0,1.2670,0,0,0,0,0.1271,-1.3941,0
tpcds_14,ws_sold_date_sk,0,0,0,6.4309,0,0,0,0,0.0527,-6.4836,0
tpcds_14,ws_sold_date_sk,0,0,0,6.4309,0,0,0,0,0.0525,-6.4834,0
tpcds_14,ws_sold_date_sk,0,0,0,1.2670,0,0,0,0,0.1296,-1.3966,0
tpcds_14,ws_sold_date_sk,0,0,0,6.4309,0,0,0,0,0.0831,-6.5140,0
tpcds_14,ws_sold_date_sk,0,0,0,1.2670,0,0,0,0,0.1309,-1.3979,0
tpcds_14,ws_sold_date_sk,0,0,0,1.2670,0,0,0,0,0.1684,-1.4354,0
tpcds_14,ws_sold_date_sk,0,0,0,1.2670,0,0,0,0,0.1819,-1.4489,0
tpcds_14,cs_sold_date_sk,0,0,0,1.4005,0,0,0,0,7.7004,-9.1009,0
tpcds_14,cs_sold_date_sk,0,0,0,1.4005,0,0,0,0,0.1353,-1.5357,0
tpcds_14,cs_sold_date_sk,0,0,0,1.4005,0,0,0,0,0.1445,-1.5450,0
tpcds_14,cs_sold_date_sk,0,0,0,1.4005,0,0,0,0,0.0922,-1.4927,0
tpcds_14,cs_sold_date_sk,0,0,0,1.4005,0,0,0,0,0.1070,-1.5075,0
tpcds_14,cs_sold_date_sk,0,0,0,1.4005,0,0,0,0,0.0656,-1.4661,0
tpcds_14,cs_sold_date_sk,0,0,0,1.4005,0,0,0,0,0.0817,-1.4822,0
tpcds_14,cs_sold_date_sk,0,0,0,1.4005,0,0,0,0,0.0666,-1.4671,0
tpcds_14,ws_sold_date_sk,0,0,0,0.3116,0,0,0,0,6.3177,-6.6293,0
tpcds_14,cs_sold_date_sk,0,0,0,0.0199,0,0,0,0,0.1397,-0.1596,0
tpcds_14,cs_sold_date_sk,0,0,0,1.4005,0,0,0,0,0.0669,-1.4673,0
tpcds_14,cs_sold_date_sk,0,0,0,1.4005,0,0,0,0,0.1210,-1.5215,0
tpcds_14,cs_sold_date_sk,0,0,0,1.4005,0,0,0,0,0.0546,-1.4551,0
tpcds_14,cs_sold_date_sk,0,0,0,0.0199,0,0,0,0,0.0706,-0.0906,0
tpcds_14,ws_sold_date_sk,0,0,0,0.3116,0,0,0,0,0.1168,-0.4284,0
tpcds_14,cs_sold_date_sk,0,0,0,1.4005,0,0,0,0,0.0861,-1.4866,0
tpcds_14,cs_sold_date_sk,0,0,0,1.4005,0,0,0,0,0.1532,-1.5537,0
tpcds_14,ws_sold_date_sk,0,0,0,0.3116,0,0,0,0,0.0693,-0.3809,0
tpcds_14,cs_sold_date_sk,0,0,0,0.0199,0,0,0,0,0.0877,-0.1076,0
tpcds_14,ws_sold_date_sk,0,0,0,0.3116,0,0,0,0,0.0922,-0.4038,0
tpcds_14,cs_sold_date_sk,0,0,0,1.4005,0,0,0,0,0.0937,-1.4942,0
tpcds_14,ws_sold_date_sk,0,0,0,0.3116,0,0,0,0,0.1790,-0.4906,0
tpcds_14,cs_sold_date_sk,0,0,0,0.0199,0,0,0,0,0.0852,-0.1051,0
tpcds_14,ws_sold_date_sk,0,0,0,0.3116,0,0,0,0,0.0696,-0.3812,0
tpcds_14,cs_sold_date_sk,0,0,0,0.0199,0,0,0,0,0.0590,-0.0789,0
tpcds_14,ws_sold_date_sk,0,0,0,0.3116,0,0,0,0,0.0570,-0.3686,0
tpcds_14,cs_sold_date_sk,0,0,0,0.0199,0,0,0,0,0.0657,-0.0856,0
tpcds_14,cs_sold_date_sk,0,0,0,0.0199,0,0,0,0,0.0894,-0.1093,0
tpcds_14,ws_sold_date_sk,0,0,0,0.3116,0,0,0,0,0.0555,-0.3672,0
tpcds_14,cs_sold_date_sk,0,0,0,0.0199,0,0,0,0,0.0665,-0.0864,0
tpcds_14,cs_sold_date_sk,0,0,0,0.0199,0,0,0,0,0.0715,-0.0915,0
tpcds_14,cs_sold_date_sk,0,0,0,0.0199,0,0,0,0,0.1269,-0.1468,0
tpcds_14,cs_sold_date_sk,0,0,0,0.0199,0,0,0,0,0.1141,-0.1341,0
tpcds_14,ws_item_sk,0,0,0,0.1192,0,0,0,0,0.4637,-0.5829,0
tpcds_14,cs_sold_date_sk,0,0,0,0.0199,0,0,0,0,0.1606,-0.1806,0
tpcds_14,ss_sold_date_sk,0,0,0,0.2989,0,0,0,0,0.2812,-0.5801,0
tpcds_14,ss_sold_date_sk,0,0,0,0.2989,0,0,0,0,0.0793,-0.3782,0
tpcds_14,ss_sold_date_sk,0,0,0,0.2989,0,0,0,0,0.0654,-0.3642,0
tpcds_14,ss_sold_date_sk,0,0,0,0.2989,0,0,0,0,0.0616,-0.3605,0
tpcds_14,ws_item_sk,0,0,0,4.9686,0,0,0,0,0.3064,-5.2750,0
tpcds_14,cs_item_sk,0,0,0,0.1912,0,0,0,0,0.2872,-0.4784,0
tpcds_14,cs_sold_date_sk,0,0,0,0.0199,0,0,0,0,0.1002,-0.1201,0
tpcds_14,ss_sold_date_sk,0,0,0,0.2989,0,0,0,0,0.0631,-0.3620,0
tpcds_14,ss_sold_date_sk,0,0,0,0.2989,0,0,0,0,0.0624,-0.3612,0
tpcds_14,cs_sold_date_sk,0,0,0,0.0199,0,0,0,0,2.0386,-2.0585,0
tpcds_14,ss_sold_date_sk,0,0,0,0.2989,0,0,0,0,0.0633,-0.3622,0
tpcds_14,ws_item_sk,0,0,0,4.3450,0,0,0,0,0.3403,-4.6852,0
tpcds_14,ss_sold_date_sk,0,0,0,0.2989,0,0,0,0,0.0777,-0.3766,0
tpcds_14,ss_item_sk,0,0,0,0.2799,0,0,0,0,0.4909,-0.7709,0
tpcds_14,ws_item_sk,0,0,0,1.9980,0,0,0,0,2.3161,-4.3141,0
tpcds_14,cs_item_sk,0,0,0,0.4440,0,0,0,0,0.5727,-1.0167,0
tpcds_14,cs_item_sk,0,0,0,0.4440,0,0,0,0,0.1958,-0.6398,0
tpcds_14,ss_item_sk,0,0,0,0.1890,0,0,0,0,0.2555,-0.4445,0
tpcds_14,cs_item_sk,0,0,0,0.4440,0,0,0,0,0.2485,-0.6924,0
tpcds_14,ss_item_sk,0,0,0,0.1890,0,0,0,0,0.2459,-0.4349,0
tpcds_14,cs_item_sk,0,0,0,0.4440,0,0,0,0,0.3290,-0.7730,0
tpcds_14,cs_item_sk,0,0,0,0.4440,0,0,0,0,0.1459,-0.5899,0
tpcds_14,cs_item_sk,0,0,0,0.4440,0,0,0,0,0.1826,-0.6266,0
tpcds_14,cs_item_sk,0,0,0,0.4440,0,0,0,0,0.4178,-0.8618,0
tpcds_14,cs_item_sk,0,0,0,0.4440,0,0,0,0,0.1111,-0.5551,0
tpcds_14,cs_item_sk,0,0,0,0.4440,0,0,0,0,0.1543,-0.5983,0
tpcds_14,ss_item_sk,0,0,0,0.1890,0,0,0,0,0.1481,-0.3371,0
tpcds_14,ss_item_sk,0,0,0,0.1890,0,0,0,0,0.1686,-0.3576,0
tpcds_14,ss_item_sk,0,0,0,0.1890,0,0,0,0,0.0882,-0.2772,0
tpcds_14,cs_item_sk,0,0,0,0.4440,0,0,0,0,0.2288,-0.6728,0
tpcds_14,ss_item_sk,0,0,0,0.1890,0,0,0,0,0.1609,-0.3499,0
tpcds_14,ss_item_sk,0,0,0,0.1890,0,0,0,0,0.1284,-0.3173,0
tpcds_14,cs_item_sk,0,0,0,1.8592,0,0,0,0,0.1867,-2.0459,0
tpcds_14,cs_item_sk,0,0,0,1.8592,0,0,0,0,0.2282,-2.0874,0
tpcds_14,cs_item_sk,0,0,0,1.8592,0,0,0,0,0.1816,-2.0408,0
tpcds_14,cs_item_sk,0,0,0,1.8592,0,0,0,0,0.1618,-2.0210,0
tpcds_14,cs_item_sk,0,0,0,1.8592,0,0,0,0,0.1800,-2.0392,0
tpcds_14,cs_item_sk,0,0,0,1.8592,0,0,0,0,0.1294,-1.9887,0
tpcds_14,cs_item_sk,0,0,0,0.4440,0,0,0,0,1.4382,-1.8822,0
tpcds_14,cs_item_sk,0,0,0,1.8592,0,0,0,0,0.0892,-1.9485,0
tpcds_14,cs_item_sk,0,0,0,1.8592,0,0,0,0,0.1442,-2.0034,0
tpcds_14,cs_item_sk,0,0,0,1.8592,0,0,0,0,0.1644,-2.0236,0
tpcds_14,cs_item_sk,0,0,0,1.8592,0,0,0,0,0.0893,-1.9485,0
tpcds_14,cs_item_sk,0,0,0,0.9404,0,0,0,0,0.0880,-1.0283,0
tpcds_14,cs_item_sk,0,0,0,0.9404,0,0,0,0,0.2268,-1.1671,0
tpcds_14,cs_item_sk,0,0,0,0.9404,0,0,0,0,0.0871,-1.0274,0
tpcds_14,cs_item_sk,0,0,0,0.9404,0,0,0,0,0.0816,-1.0220,0
tpcds_14,cs_item_sk,0,0,0,0.9404,0,0,0,0,0.1437,-1.0841,0
tpcds_14,cs_item_sk,0,0,0,0.9404,0,0,0,0,0.1737,-1.1141,0
tpcds_14,cs_item_sk,0,0,0,0.9404,0,0,0,0,0.0891,-1.0294,0
tpcds_14,cs_item_sk,0,0,0,1.8592,0,0,0,0,0.2263,-2.0855,0
tpcds_14,cs_item_sk,0,0,0,0.9404,0,0,0,0,0.2704,-1.2107,0
tpcds_14,cs_item_sk,0,0,0,1.8592,0,0,0,0,1.4037,-3.2629,0
tpcds_14,cs_item_sk,0,0,0,1.8592,0,0,0,0,1.1710,-3.0303,0
tpcds_14,cs_item_sk,0,0,0,1.8592,48,392972,390929,2043,73.0291,-72.8454,0
tpcds_14,cs_item_sk,0,0,0,0.4440,48,392972,390929,2043,74.8614,-73.2624,0
tpcds_14,ss_item_sk,0,0,0,2.0895,128,1048576,1001547,47029,121.6225,-76.6830,0
tpcds_14,ss_item_sk,0,0,0,0.1565,128,1048576,1001365,47211,123.0027,-75.9483,0
tpcds_14,ss_item_sk,0,0,0,0.1890,128,1048576,1001547,47029,123.4241,-76.5841,0
tpcds_14,cs_sold_date_sk,0,0,0,0.1465,48,392972,391054,1918,139.7019,-137.9304,0
tpcds_14,ss_item_sk,0,0,0,0.1890,128,1048576,1001365,47211,129.3683,-82.3463,0
tpcds_14,cs_sold_date_sk,0,0,0,1.4005,48,392972,391054,1918,136.6795,-136.1620,0
tpcds_14,cs_sold_date_sk,0,0,0,0.0199,48,392972,391054,1918,137.5439,-135.6458,0
tpcds_14,cs_item_sk,0,0,0,1.8592,128,1048576,1043385,5191,152.8420,-149.5103,0
tpcds_14,ws_sold_date_sk,0,0,0,1.2670,88,719384,719197,187,171.1263,-172.2063,0
tpcds_14,ws_sold_date_sk,0,0,0,0.3116,88,719384,719197,187,176.4725,-176.5971,0
tpcds_14,ss_sold_date_sk,0,0,0,0.2989,96,783252,747757,35495,186.0182,-150.8221,0
tpcds_14,ss_sold_date_sk,0,0,0,4.6779,96,783252,747757,35495,196.2571,-165.4401,0
tpcds_14,ss_sold_date_sk,0,0,0,0.1899,96,783252,747757,35495,199.4069,-164.1018,0
tpcds_14,cs_sold_date_sk,0,0,0,0.1465,128,1048576,1043441,5135,226.1375,-221.1491,0
tpcds_14,ss_sold_date_sk,0,0,0,4.6779,128,1048576,1001426,47150,224.1156,-181.6435,0
tpcds_14,ss_sold_date_sk,0,0,0,0.1899,128,1048576,1001426,47150,226.2881,-179.3280,0
tpcds_14,ss_sold_date_sk,0,0,0,4.6779,128,1048576,1001584,46992,227.0836,-184.7696,0
tpcds_14,cs_sold_date_sk,0,0,0,0.0199,128,1048576,1043441,5135,223.3854,-218.2703,0
tpcds_14,cs_sold_date_sk,0,0,0,1.4005,128,1048576,1043441,5135,224.5766,-220.8421,0
tpcds_14,i_class_id,0,0,0,2001.4779,0,0,0,0,0.9073,-2002.3852,0
tpcds_14,i_category_id,0,0,0,2001.4872,0,0,0,0,1.0504,-2002.5376,0
tpcds_14,i_class_id,0,0,0,2001.4779,0,0,0,0,1.2201,-2002.6980,0
tpcds_14,i_class_id,0,0,0,2001.4779,1,8192,0,8192,1.0985,-1994.3843,0
tpcds_14,i_category_id,0,0,0,2001.4872,0,0,0,0,1.2412,-2002.7285,0
tpcds_14,i_class_id,0,0,0,2001.4779,0,0,0,0,1.1830,-2002.6608,0
tpcds_14,i_category_id,0,0,0,2001.4872,1,0,0,0,1.2041,-2002.6913,0
tpcds_14,i_class_id,0,0,0,2001.4779,0,0,0,0,1.2053,-2002.6832,0
tpcds_14,i_category_id,0,0,0,2001.4872,0,0,0,0,1.2235,-2002.7107,0
tpcds_14,i_category_id,0,0,0,2001.4872,0,0,0,0,1.2697,-2002.7569,0
tpcds_14,i_class_id,0,0,0,2001.4779,0,0,0,0,1.7172,-2003.1951,0
tpcds_14,i_category_id,0,0,0,2001.4872,0,0,0,0,1.7336,-2003.2209,0
tpcds_14,i_class_id,0,0,0,2001.4779,0,0,0,0,1.4123,-2002.8902,0
tpcds_14,i_category_id,0,0,0,2001.4872,0,0,0,0,1.4310,-2002.9182,0
tpcds_14,i_class_id,0,0,0,2001.4779,0,0,0,0,1.6306,-2003.1085,0
tpcds_14,i_category_id,0,0,0,2001.4872,0,0,0,0,1.6461,-2003.1334,0
tpcds_14,i_class_id,0,0,0,2001.4779,0,0,0,0,1.3786,-2002.8564,0
tpcds_14,i_category_id,0,0,0,2001.4872,0,0,0,0,1.3945,-2002.8818,0
tpcds_14,i_class_id,0,0,0,2001.4779,0,0,0,0,1.4462,-2002.9240,0
tpcds_14,i_category_id,0,0,0,2001.4872,0,0,0,0,1.4600,-2002.9473,0
tpcds_14,i_class_id,0,0,0,2001.4779,1,8192,0,8192,1.5207,-1994.8066,0
tpcds_14,i_category_id,0,0,0,2001.4872,1,0,0,0,1.5429,-2003.0302,0
tpcds_14,i_class_id,0,0,0,2001.4779,0,0,0,0,1.5107,-2002.9886,0
tpcds_14,i_category_id,0,0,0,2001.4872,0,0,0,0,1.5258,-2003.0130,0
tpcds_14,i_class_id,0,0,0,2001.4779,0,0,0,0,1.8214,-2003.2993,0
tpcds_14,i_class_id,0,0,0,2001.4779,1,1616,0,1616,2.0012,-2001.8631,0
tpcds_14,i_category_id,0,0,0,2001.4872,0,0,0,0,1.8377,-2003.3249,0
tpcds_14,i_category_id,0,0,0,2001.4872,1,0,0,0,2.0242,-2003.5114,0
tpcds_14,i_class_id,0,0,0,2001.4779,0,0,0,0,1.6560,-2003.1339,0
tpcds_14,i_category_id,0,0,0,2001.4872,0,0,0,0,1.6714,-2003.1586,0
tpcds_14,i_class_id,0,0,0,2001.4779,0,0,0,0,1.7198,-2003.1977,0
tpcds_14,i_category_id,0,0,0,2001.4872,0,0,0,0,1.7366,-2003.2238,0
tpcds_14,i_class_id,0,0,0,2001.3285,0,0,0,0,0.7864,-2002.1150,0
tpcds_14,i_category_id,0,0,0,2001.3347,0,0,0,0,0.8385,-2002.1733,0
tpcds_14,i_class_id,0,0,0,2001.3285,0,0,0,0,0.6330,-2001.9615,0
tpcds_14,i_category_id,0,0,0,2001.3347,0,0,0,0,0.6475,-2001.9822,0
tpcds_14,i_class_id,0,0,0,2001.3285,0,0,0,0,0.9317,-2002.2603,0
tpcds_14,i_category_id,0,0,0,2001.3347,0,0,0,0,0.9464,-2002.2811,0
tpcds_14,i_class_id,0,0,0,2001.3285,0,0,0,0,0.6401,-2001.9687,0
tpcds_14,i_class_id,0,0,0,2001.3285,0,0,0,0,0.7221,-2002.0506,0
tpcds_14,i_category_id,0,0,0,2001.3347,0,0,0,0,0.7104,-2002.0451,0
tpcds_14,i_category_id,0,0,0,2001.3347,0,0,0,0,0.7361,-2002.0708,0
tpcds_14,i_class_id,0,0,0,2001.3285,0,0,0,0,0.7840,-2002.1125,0
tpcds_14,i_category_id,0,0,0,2001.3347,0,0,0,0,0.7961,-2002.1309,0
tpcds_14,i_class_id,0,0,0,2001.3285,0,0,0,0,0.8103,-2002.1389,0
tpcds_14,i_category_id,0,0,0,2001.3347,0,0,0,0,0.8229,-2002.1577,0
tpcds_14,i_class_id,0,0,0,2001.3285,0,0,0,0,1.0097,-2002.3383,0
tpcds_14,i_category_id,0,0,0,2001.3347,0,0,0,0,1.0230,-2002.3577,0
tpcds_14,i_class_id,0,0,0,2001.3285,0,0,0,0,0.8857,-2002.2142,0
tpcds_14,i_category_id,0,0,0,2001.3347,0,0,0,0,0.8988,-2002.2335,0
tpcds_14,i_class_id,0,0,0,2001.3285,1,8192,0,8192,0.9722,-1994.1087,0
tpcds_14,i_category_id,0,0,0,2001.3347,1,0,0,0,0.9930,-2002.3277,0
tpcds_14,i_class_id,0,0,0,2001.3285,0,0,0,0,1.2579,-2002.5864,0
tpcds_14,i_category_id,0,0,0,2001.3347,0,0,0,0,1.2972,-2002.6319,0
tpcds_14,i_class_id,0,0,0,2001.3285,0,0,0,0,1.1463,-2002.4749,0
tpcds_14,i_category_id,0,0,0,2001.3347,0,0,0,0,1.1665,-2002.5013,0
tpcds_14,i_class_id,0,0,0,2001.3285,0,0,0,0,1.3116,-2002.6402,0
tpcds_14,i_category_id,0,0,0,2001.3347,0,0,0,0,1.3240,-2002.6587,0
tpcds_14,i_class_id,0,0,0,2001.3285,0,0,0,0,1.3043,-2002.6328,0
tpcds_14,i_category_id,0,0,0,2001.3347,0,0,0,0,1.3167,-2002.6514,0
tpcds_14,i_class_id,0,0,0,2001.3285,1,8192,0,8192,1.3313,-1994.4678,0
tpcds_14,i_category_id,0,0,0,2001.3347,1,0,0,0,1.3727,-2002.7074,0
tpcds_14,i_class_id,0,0,0,2001.3285,1,1616,0,1616,1.3865,-2001.0991,0
tpcds_14,i_category_id,0,0,0,2001.3347,1,0,0,0,1.4386,-2002.7733,0
tpcds_14,i_class_id,0,0,0,2002.0247,0,0,0,0,0.4831,-2002.5078,0
tpcds_14,i_category_id,0,0,0,2002.0306,0,0,0,0,0.5494,-2002.5800,0
tpcds_14,i_class_id,0,0,0,2002.0247,0,0,0,0,0.6282,-2002.6529,0
tpcds_14,i_class_id,0,0,0,2002.0247,0,0,0,0,0.8009,-2002.8256,0
tpcds_14,i_category_id,0,0,0,2002.0306,0,0,0,0,0.8200,-2002.8506,0
tpcds_14,i_category_id,0,0,0,2002.0306,0,0,0,0,0.6867,-2002.7174,0
tpcds_14,i_class_id,0,0,0,2002.0247,0,0,0,0,0.6529,-2002.6776,0
tpcds_14,i_category_id,0,0,0,2002.0306,0,0,0,0,0.6648,-2002.6954,0
tpcds_14,i_class_id,0,0,0,2002.0247,0,0,0,0,0.6569,-2002.6816,0
tpcds_14,i_category_id,0,0,0,2002.0306,0,0,0,0,0.6690,-2002.6996,0
tpcds_14,i_class_id,0,0,0,2002.0247,0,0,0,0,0.7222,-2002.7468,0
tpcds_14,i_category_id,0,0,0,2002.0306,0,0,0,0,0.7345,-2002.7651,0
tpcds_14,i_class_id,0,0,0,2002.0247,0,0,0,0,0.8096,-2002.8343,0
tpcds_14,i_class_id,0,0,0,2002.0247,1,8192,0,8192,0.7857,-1994.6184,0
tpcds_14,i_category_id,0,0,0,2002.0306,0,0,0,0,0.8208,-2002.8514,0
tpcds_14,i_category_id,0,0,0,2002.0306,1,0,0,0,0.8037,-2002.8343,0
tpcds_14,i_class_id,0,0,0,2002.0247,0,0,0,0,0.8989,-2002.9236,0
tpcds_14,i_class_id,0,0,0,2002.0247,0,0,0,0,1.0556,-2003.0803,0
tpcds_14,i_category_id,0,0,0,2002.0306,0,0,0,0,1.0672,-2003.0978,0
tpcds_14,i_category_id,0,0,0,2002.0306,0,0,0,0,0.9575,-2002.9881,0
tpcds_14,i_class_id,0,0,0,2002.0247,0,0,0,0,0.8625,-2002.8872,0
tpcds_14,i_category_id,0,0,0,2002.0306,0,0,0,0,0.8744,-2002.9050,0
tpcds_14,i_class_id,0,0,0,2002.0247,0,0,0,0,1.0037,-2003.0283,0
tpcds_14,i_category_id,0,0,0,2002.0306,0,0,0,0,1.0201,-2003.0507,0
tpcds_14,i_class_id,0,0,0,2002.0247,0,0,0,0,0.9286,-2002.9532,0
tpcds_14,i_category_id,0,0,0,2002.0306,0,0,0,0,0.9399,-2002.9705,0
tpcds_14,i_class_id,0,0,0,2002.0247,0,0,0,0,0.9395,-2002.9642,0
tpcds_14,i_category_id,0,0,0,2002.0306,0,0,0,0,0.9491,-2002.9797,0
tpcds_14,i_class_id,0,0,0,2002.0247,1,8192,0,8192,1.0102,-1994.8429,0
tpcds_14,i_category_id,0,0,0,2002.0306,1,0,0,0,1.0241,-2003.0547,0
tpcds_14,i_class_id,0,0,0,2002.0247,1,1616,0,1616,1.0268,-2001.4355,0
tpcds_14,i_category_id,0,0,0,2002.0306,1,0,0,0,1.0439,-2003.0745,0
tpcds_18,cs_bill_cdemo_sk,0,0,0,0.0082,0,0,0,0,0.2135,-0.2217,0
tpcds_18,c_customer_sk,0,0,0,1.2947,0,0,0,0,0.1056,-1.4002,0
tpcds_18,c_customer_sk,0,0,0,1.2947,0,0,0,0,0.1458,-1.4405,0
tpcds_18,c_customer_sk,0,0,0,1.2947,0,0,0,0,0.1407,-1.4353,0
tpcds_18,c_customer_sk,0,0,0,1.2947,0,0,0,0,0.1333,-1.4280,0
tpcds_18,c_customer_sk,0,0,0,1.2947,0,0,0,0,0.1396,-1.4343,0
tpcds_18,c_customer_sk,0,0,0,1.2947,0,0,0,0,0.1512,-1.4459,0
tpcds_18,c_customer_sk,0,0,0,1.2947,0,0,0,0,0.1623,-1.4570,0
tpcds_18,c_customer_sk,0,0,0,1.2947,0,0,0,0,0.1541,-1.4488,0
tpcds_18,c_customer_sk,0,0,0,1.2947,0,0,0,0,0.1703,-1.4650,0
tpcds_18,c_customer_sk,0,0,0,1.2947,0,0,0,0,0.1617,-1.4564,0
tpcds_18,c_customer_sk,0,0,0,1.2947,0,0,0,0,0.1597,-1.4544,0
tpcds_18,c_customer_sk,0,0,0,1.2947,0,0,0,0,0.1588,-1.4535,0
tpcds_18,c_customer_sk,0,0,0,1.2947,0,0,0,0,0.1709,-1.4656,0
tpcds_18,c_customer_sk,0,0,0,1.2947,0,0,0,0,0.1761,-1.4708,0
tpcds_18,c_customer_sk,0,0,0,1.2947,0,0,0,0,0.1854,-1.4801,0
tpcds_18,c_customer_sk,0,0,0,1.2947,0,0,0,0,0.1950,-1.4897,0
tpcds_18,cd_demo_sk,0,0,0,1.9918,15,122880,0,122880,2.4908,118.3975,1
tpcds_18,cd_demo_sk,0,0,0,1.9918,14,114688,0,114688,2.4938,110.2025,1
tpcds_18,cd_demo_sk,0,0,0,1.9918,14,114688,0,114688,2.4868,110.2094,1
tpcds_18,cd_demo_sk,0,0,0,1.9918,14,114688,0,114688,2.5504,110.1458,1
tpcds_18,cd_demo_sk,0,0,0,1.9918,15,122880,0,122880,2.5454,118.3428,1
tpcds_18,cd_demo_sk,0,0,0,1.9918,15,122880,0,122880,2.5552,118.3331,1
tpcds_18,cd_demo_sk,0,0,0,1.9918,14,114688,0,114688,2.5756,110.1206,1
tpcds_18,cd_demo_sk,0,0,0,1.9918,15,122880,0,122880,2.5687,118.3195,1
tpcds_18,cd_demo_sk,0,0,0,1.9918,15,122880,0,122880,2.5800,118.3082,1
tpcds_18,cd_demo_sk,0,0,0,1.9918,15,122880,0,122880,2.6110,118.2772,1
tpcds_18,cd_demo_sk,0,0,0,1.9918,15,122880,0,122880,2.8803,118.0080,1
tpcds_18,cd_demo_sk,0,0,0,1.9918,15,122880,0,122880,2.6117,118.2766,1
tpcds_18,cd_demo_sk,0,0,0,1.9918,15,122880,0,122880,2.6201,118.2681,1
tpcds_18,cd_demo_sk,0,0,0,1.9918,14,114688,0,114688,2.6430,110.0533,1
tpcds_18,cd_demo_sk,0,0,0,1.9918,15,118560,0,118560,2.7812,113.7871,1
tpcds_18,cd_demo_sk,0,0,0,1.9918,15,122880,0,122880,2.7914,118.0969,1
tpcds_18,ca_address_sk,0,0,0,5.0248,0,0,0,0,0.1187,-5.1435,0
tpcds_18,ca_address_sk,0,0,0,5.0248,0,0,0,0,0.1560,-5.1808,0
tpcds_18,ca_address_sk,0,0,0,5.0248,0,0,0,0,0.1441,-5.1690,0
tpcds_18,ca_address_sk,0,0,0,5.0248,0,0,0,0,0.1459,-5.1708,0
tpcds_18,ca_address_sk,0,0,0,5.0248,0,0,0,0,0.1572,-5.1821,0
tpcds_18,ca_address_sk,0,0,0,5.0248,0,0,0,0,0.1556,-5.1804,0
tpcds_18,ca_address_sk,0,0,0,5.0248,0,0,0,0,0.1516,-5.1765,0
tpcds_18,ca_address_sk,0,0,0,5.0248,0,0,0,0,0.1481,-5.1730,0
tpcds_18,ca_address_sk,0,0,0,5.0248,0,0,0,0,0.1422,-5.1670,0
tpcds_18,ca_address_sk,0,0,0,5.0248,0,0,0,0,0.1691,-5.1939,0
tpcds_18,ca_address_sk,0,0,0,5.0248,0,0,0,0,0.1703,-5.1951,0
tpcds_18,ca_address_sk,0,0,0,5.0248,0,0,0,0,0.1674,-5.1922,0
tpcds_18,ca_address_sk,0,0,0,5.0248,0,0,0,0,0.1664,-5.1912,0
tpcds_18,ca_address_sk,0,0,0,5.0248,0,0,0,0,0.1814,-5.2063,0
tpcds_18,ca_address_sk,0,0,0,5.0248,0,0,0,0,0.1646,-5.1894,0
tpcds_18,ca_address_sk,0,0,0,5.0248,0,0,0,0,0.1854,-5.2103,0
tpcds_18,d_date_sk,0,0,0,5.4822,0,0,0,0,0.0682,-5.5505,0
tpcds_18,d_date_sk,0,0,0,5.4822,0,0,0,0,0.0820,-5.5643,0
tpcds_18,d_date_sk,0,0,0,5.4822,0,0,0,0,0.0965,-5.5787,0
tpcds_18,d_date_sk,0,0,0,5.4822,0,0,0,0,0.0964,-5.5787,0
tpcds_18,d_date_sk,0,0,0,5.4822,0,0,0,0,0.1076,-5.5899,0
tpcds_18,d_date_sk,0,0,0,5.4822,0,0,0,0,0.1027,-5.5849,0
tpcds_18,d_date_sk,0,0,0,5.4822,0,0,0,0,0.0964,-5.5786,0
tpcds_18,d_date_sk,0,0,0,5.4822,0,0,0,0,0.1040,-5.5862,0
tpcds_18,d_date_sk,0,0,0,5.4822,0,0,0,0,0.1145,-5.5967,0
tpcds_18,d_date_sk,0,0,0,5.4822,0,0,0,0,0.1363,-5.6185,0
tpcds_18,d_date_sk,0,0,0,5.4822,0,0,0,0,0.1201,-5.6023,0
tpcds_18,d_date_sk,0,0,0,5.4822,0,0,0,0,0.1160,-5.5982,0
tpcds_18,d_date_sk,0,0,0,5.4822,0,0,0,0,0.1197,-5.6019,0
tpcds_18,d_date_sk,0,0,0,5.4822,0,0,0,0,0.1331,-5.6153,0
tpcds_18,d_date_sk,0,0,0,5.4822,0,0,0,0,0.1295,-5.6117,0
tpcds_18,d_date_sk,0,0,0,5.4822,0,0,0,0,0.1269,-5.6091,0
tpcds_18,i_item_sk,0,0,0,3.9808,0,0,0,0,2.7841,-6.7648,0
tpcds_18,i_item_sk,0,0,0,3.9808,0,0,0,0,2.8236,-6.8044,0
tpcds_18,i_item_sk,0,0,0,3.9808,0,0,0,0,2.8485,-6.8293,0
tpcds_18,i_item_sk,0,0,0,3.9808,0,0,0,0,2.8637,-6.8445,0
tpcds_18,i_item_sk,0,0,0,3.9808,0,0,0,0,2.8579,-6.8387,0
tpcds_18,i_item_sk,0,0,0,3.9808,0,0,0,0,2.8638,-6.8446,0
tpcds_18,i_item_sk,0,0,0,3.9808,0,0,0,0,2.8667,-6.8475,0
tpcds_18,i_item_sk,0,0,0,3.9808,0,0,0,0,2.9007,-6.8815,0
tpcds_18,i_item_sk,0,0,0,3.9808,0,0,0,0,2.8908,-6.8716,0
tpcds_18,i_item_sk,0,0,0,3.9808,0,0,0,0,2.8976,-6.8784,0
tpcds_18,i_item_sk,0,0,0,3.9808,0,0,0,0,2.9248,-6.9056,0
tpcds_18,i_item_sk,0,0,0,3.9808,0,0,0,0,2.9280,-6.9088,0
tpcds_18,i_item_sk,0,0,0,3.9808,1,8192,0,8192,2.9271,1.2841,1
tpcds_18,i_item_sk,0,0,0,3.9808,0,0,0,0,2.9665,-6.9473,0
tpcds_18,i_item_sk,0,0,0,3.9808,1,8192,0,8192,3.0050,1.2062,1
tpcds_18,i_item_sk,0,0,0,3.9808,1,1616,0,1616,3.0476,-5.4124,0
tpcds_19,ss_sold_date_sk,0,0,0,0.4891,0,0,0,0,0.3887,-0.8777,0
tpcds_19,ss_sold_date_sk,0,0,0,0.4891,0,0,0,0,0.0412,-0.5302,0
tpcds_19,ss_sold_date_sk,0,0,0,0.4891,0,0,0,0,0.0346,-0.5237,0
tpcds_19,ss_sold_date_sk,0,0,0,0.4891,0,0,0,0,0.0298,-0.5188,0
tpcds_19,ss_sold_date_sk,0,0,0,0.4891,0,0,0,0,0.0271,-0.5161,0
tpcds_19,ss_sold_date_sk,0,0,0,0.4891,0,0,0,0,0.0323,-0.5213,0
tpcds_19,ss_sold_date_sk,0,0,0,0.4891,0,0,0,0,0.0311,-0.5201,0
tpcds_19,ss_sold_date_sk,0,0,0,0.4891,0,0,0,0,0.0273,-0.5164,0
tpcds_19,ss_sold_date_sk,0,0,0,0.4891,0,0,0,0,0.0577,-0.5467,0
tpcds_19,ss_sold_date_sk,0,0,0,0.4891,0,0,0,0,0.0396,-0.5286,0
tpcds_19,ss_sold_date_sk,0,0,0,0.4891,0,0,0,0,0.0287,-0.5178,0
tpcds_19,ss_sold_date_sk,0,0,0,0.4891,0,0,0,0,0.0564,-0.5454,0
tpcds_19,ss_sold_date_sk,0,0,0,0.4891,0,0,0,0,0.0289,-0.5179,0
tpcds_19,ss_sold_date_sk,0,0,0,0.4891,96,783252,747757,35495,94.6726,-59.6666,0
tpcds_19,ss_sold_date_sk,0,0,0,0.4891,128,1048576,1001584,46992,110.9025,-64.3995,0
tpcds_19,ss_sold_date_sk,0,0,0,0.4891,128,1048576,1001426,47150,113.0201,-66.3591,0
tpcds_19,i_item_sk,0,0,0,103.7314,0,0,0,0,5.0234,-108.7548,0
tpcds_19,i_item_sk,0,0,0,103.7314,0,0,0,0,5.0370,-108.7685,0
tpcds_19,i_item_sk,0,0,0,103.7314,0,0,0,0,5.0669,-108.7983,0
tpcds_19,i_item_sk,0,0,0,103.7314,0,0,0,0,5.0413,-108.7727,0
tpcds_19,i_item_sk,0,0,0,103.7314,0,0,0,0,5.0857,-108.8171,0
tpcds_19,i_item_sk,0,0,0,103.7314,0,0,0,0,5.0845,-108.8160,0
tpcds_19,i_item_sk,0,0,0,103.7314,0,0,0,0,5.2341,-108.9655,0
tpcds_19,i_item_sk,0,0,0,103.7314,0,0,0,0,5.1109,-108.8424,0
tpcds_19,i_item_sk,0,0,0,103.7314,0,0,0,0,5.1149,-108.8463,0
tpcds_19,i_item_sk,0,0,0,103.7314,0,0,0,0,5.1169,-108.8483,0
tpcds_19,i_item_sk,0,0,0,103.7314,0,0,0,0,5.3131,-109.0445,0
tpcds_19,i_item_sk,0,0,0,103.7314,0,0,0,0,5.1358,-108.8672,0
tpcds_19,i_item_sk,0,0,0,103.7314,0,0,0,0,5.1251,-108.8565,0
tpcds_19,i_item_sk,0,0,0,103.7314,0,0,0,0,5.1283,-108.8597,0
tpcds_19,i_item_sk,0,0,0,103.7314,0,0,0,0,5.3332,-109.0646,0
tpcds_19,i_item_sk,0,0,0,103.7314,0,0,0,0,5.1492,-108.8806,0
tpcds_19,c_current_addr_sk,0,0,0,3.9914,0,0,0,0,109.2794,-113.2709,0
tpcds_19,ss_store_sk,0,0,0,0.1564,0,0,0,0,114.4442,-114.6006,0
tpcds_19,c_current_addr_sk,0,0,0,3.9914,0,0,0,0,109.3057,-113.2972,0
tpcds_19,c_current_addr_sk,0,0,0,3.9914,0,0,0,0,109.3262,-113.3177,0
tpcds_19,ss_store_sk,0,0,0,0.1564,0,0,0,0,114.4718,-114.6283,0
tpcds_19,ss_store_sk,0,0,0,0.1564,0,0,0,0,114.4730,-114.6294,0
tpcds_19,c_current_addr_sk,0,0,0,3.9914,0,0,0,0,109.3175,-113.3090,0
tpcds_19,c_current_addr_sk,0,0,0,3.9914,0,0,0,0,109.3390,-113.3305,0
tpcds_19,ss_store_sk,0,0,0,0.1564,0,0,0,0,114.5762,-114.7326,0
tpcds_19,c_current_addr_sk,0,0,0,3.9914,0,0,0,0,109.4497,-113.4412,0
tpcds_19,ss_store_sk,0,0,0,0.1564,0,0,0,0,114.6061,-114.7625,0
tpcds_19,c_current_addr_sk,0,0,0,3.9914,0,0,0,0,109.4597,-113.4511,0
tpcds_19,ss_store_sk,0,0,0,0.1564,0,0,0,0,114.6260,-114.7824,0
tpcds_19,ss_store_sk,0,0,0,0.1564,0,0,0,0,114.4845,-114.6409,0
tpcds_19,c_current_addr_sk,0,0,0,3.9914,0,0,0,0,109.5035,-113.4950,0
tpcds_19,ss_store_sk,0,0,0,0.1564,0,0,0,0,114.6405,-114.7969,0
tpcds_19,c_current_addr_sk,0,0,0,3.9914,0,0,0,0,109.4822,-113.4736,0
tpcds_19,ss_store_sk,0,0,0,0.1564,0,0,0,0,114.6603,-114.8167,0
tpcds_19,c_current_addr_sk,0,0,0,3.9914,0,0,0,0,109.4983,-113.4898,0
tpcds_19,ss_store_sk,0,0,0,0.1564,0,0,0,0,114.6649,-114.8214,0
tpcds_19,c_current_addr_sk,0,0,0,3.9914,0,0,0,0,109.5206,-113.5120,0
tpcds_19,ss_store_sk,0,0,0,0.1564,0,0,0,0,114.6757,-114.8321,0
tpcds_19,c_current_addr_sk,0,0,0,3.9914,0,0,0,0,109.5127,-113.5042,0
tpcds_19,ss_store_sk,0,0,0,0.1564,0,0,0,0,114.6881,-114.8445,0
tpcds_19,c_current_addr_sk,0,0,0,3.9914,0,0,0,0,109.4043,-113.3958,0
tpcds_19,c_current_addr_sk,0,0,0,3.9914,0,0,0,0,109.3531,-113.3445,0
tpcds_19,c_current_addr_sk,0,0,0,3.9914,0,0,0,0,109.3018,-113.2932,0
tpcds_19,c_current_addr_sk,0,0,0,3.9914,0,0,0,0,109.3852,-113.3767,0
tpcds_19,ss_store_sk,0,0,0,0.1564,0,0,0,0,114.7024,-114.8589,0
tpcds_19,ss_store_sk,0,0,0,0.1564,0,0,0,0,114.8105,-114.9669,0
tpcds_19,ss_store_sk,0,0,0,0.1564,0,0,0,0,114.7178,-114.8742,0
tpcds_19,ss_store_sk,0,0,0,0.1564,0,0,0,0,114.7282,-114.8846,0
tpcds_22,inv_date_sk,0,0,0,5.3868,0,0,0,0,0.2378,-5.6246,0
tpcds_22,inv_date_sk,0,0,0,5.3868,0,0,0,0,0.2865,-5.6733,0
tpcds_22,inv_date_sk,0,0,0,5.3868,0,0,0,0,0.1266,-5.5134,0
tpcds_22,inv_date_sk,0,0,0,5.3868,0,0,0,0,0.0925,-5.4794,0
tpcds_22,inv_date_sk,0,0,0,5.3868,26,210664,0,210664,41.0225,164.2547,1
tpcds_22,inv_date_sk,0,0,0,5.3868,128,1048576,0,1048576,133.8662,909.3230,1
tpcds_22,inv_date_sk,0,0,0,5.3868,128,1048576,0,1048576,139.2766,903.9126,1
tpcds_22,inv_date_sk,0,0,0,5.3868,128,1048576,0,1048576,141.8815,901.3077,1
tpcds_22,inv_date_sk,0,0,0,5.3868,128,1048576,0,1048576,143.1554,900.0337,1
tpcds_22,inv_date_sk,0,0,0,5.3868,128,1048576,0,1048576,146.5696,896.6196,1
tpcds_22,inv_date_sk,0,0,0,5.3868,128,1048576,0,1048576,147.4652,895.7240,1
tpcds_22,inv_date_sk,0,0,0,5.3868,128,1048576,0,1048576,148.5057,894.6835,1
tpcds_22,inv_date_sk,0,0,0,5.3868,128,1048576,0,1048576,148.9985,894.1907,1
tpcds_22,inv_date_sk,0,0,0,5.3868,128,1048576,0,1048576,151.9281,891.2611,1
tpcds_22,inv_date_sk,0,0,0,5.3868,128,1048576,0,1048576,153.1468,890.0424,1
tpcds_22,inv_date_sk,0,0,0,5.3868,128,1048576,0,1048576,154.4341,888.7550,1
tpcds_22,i_item_sk,0,0,0,162.4920,0,0,0,0,8.0643,-170.5563,0
tpcds_22,i_item_sk,0,0,0,162.4920,0,0,0,0,8.1982,-170.6902,0
tpcds_22,i_item_sk,0,0,0,162.4920,1,8192,0,8192,8.1959,-162.4959,0
tpcds_22,i_item_sk,0,0,0,162.4920,0,0,0,0,8.2059,-170.6979,0
tpcds_22,i_item_sk,0,0,0,162.4920,0,0,0,0,8.2091,-170.7012,0
tpcds_22,i_item_sk,0,0,0,162.4920,0,0,0,0,8.2301,-170.7221,0
tpcds_22,i_item_sk,0,0,0,162.4920,0,0,0,0,8.2433,-170.7353,0
tpcds_22,i_item_sk,0,0,0,162.4920,0,0,0,0,8.1762,-170.6682,0
tpcds_22,i_item_sk,0,0,0,162.4920,0,0,0,0,8.1862,-170.6783,0
tpcds_22,i_item_sk,0,0,0,162.4920,1,8192,0,8192,8.1627,-162.4628,0
tpcds_22,i_item_sk,0,0,0,162.4920,0,0,0,0,8.1981,-170.6901,0
tpcds_22,i_item_sk,0,0,0,162.4920,0,0,0,0,8.2825,-170.7745,0
tpcds_22,i_item_sk,0,0,0,162.4920,0,0,0,0,8.2829,-170.7749,0
tpcds_22,i_item_sk,0,0,0,162.4920,0,0,0,0,8.3437,-170.8357,0
tpcds_22,i_item_sk,0,0,0,162.4920,0,0,0,0,8.3040,-170.7960,0
tpcds_22,i_item_sk,0,0,0,162.4920,1,1616,0,1616,8.3295,-169.2055,0
tpcds_23,cs_sold_date_sk,0,0,0,0.6104,0,0,0,0,0.2779,-0.8883,0
tpcds_23,cs_sold_date_sk,0,0,0,0.6104,0,0,0,0,0.1978,-0.8082,0
tpcds_23,cs_sold_date_sk,0,0,0,0.6104,0,0,0,0,0.1606,-0.7710,0
tpcds_23,cs_sold_date_sk,0,0,0,0.6104,0,0,0,0,0.1060,-0.7164,0
tpcds_23,cs_sold_date_sk,0,0,0,0.6104,0,0,0,0,0.1033,-0.7137,0
tpcds_23,cs_sold_date_sk,0,0,0,0.6104,0,0,0,0,0.1450,-0.7554,0
tpcds_23,cs_sold_date_sk,0,0,0,0.6104,0,0,0,0,0.2183,-0.8287,0
tpcds_23,cs_sold_date_sk,0,0,0,0.6104,0,0,0,0,1.0895,-1.6999,0
tpcds_23,cs_sold_date_sk,0,0,0,0.6104,0,0,0,0,0.1329,-0.7433,0
tpcds_23,cs_sold_date_sk,0,0,0,0.6104,0,0,0,0,0.1439,-0.7543,0
tpcds_23,cs_sold_date_sk,0,0,0,0.6104,0,0,0,0,0.1506,-0.7610,0
tpcds_23,cs_sold_date_sk,0,0,0,0.6104,0,0,0,0,0.1409,-0.7513,0
tpcds_23,cs_sold_date_sk,0,0,0,0.6104,0,0,0,0,0.1975,-0.8079,0
tpcds_23,cs_sold_date_sk,0,0,0,0.6104,0,0,0,0,0.1454,-0.7558,0
tpcds_23,ss_customer_sk,0,0,0,0.4487,0,0,0,0,0.4042,-0.8529,0
tpcds_23,ss_customer_sk,0,0,0,0.4487,0,0,0,0,0.3870,-0.8357,0
tpcds_23,ss_customer_sk,0,0,0,0.4487,0,0,0,0,0.4537,-0.9025,0
tpcds_23,ws_sold_date_sk,0,0,0,2.0419,0,0,0,0,0.2331,-2.2750,0
tpcds_23,ss_customer_sk,0,0,0,0.3400,0,0,0,0,0.3886,-0.7285,0
tpcds_23,ss_customer_sk,0,0,0,0.4487,0,0,0,0,0.3657,-0.8145,0
tpcds_23,ss_customer_sk,0,0,0,0.3400,0,0,0,0,0.3072,-0.6471,0
tpcds_23,ws_sold_date_sk,0,0,0,2.0419,0,0,0,0,0.1836,-2.2255,0
tpcds_23,ss_customer_sk,0,0,0,0.3400,0,0,0,0,0.3593,-0.6993,0
tpcds_23,ws_sold_date_sk,0,0,0,2.0419,0,0,0,0,0.1609,-2.2029,0
tpcds_23,ss_customer_sk,0,0,0,0.4487,0,0,0,0,0.4723,-0.9210,0
tpcds_23,ss_customer_sk,0,0,0,0.4487,0,0,0,0,0.3227,-0.7714,0
tpcds_23,ws_sold_date_sk,0,0,0,2.0419,0,0,0,0,0.1770,-2.2189,0
tpcds_23,ws_sold_date_sk,0,0,0,2.0419,0,0,0,0,0.1553,-2.1973,0
tpcds_23,ss_customer_sk,0,0,0,0.4487,0,0,0,0,1.1836,-1.6323,0
tpcds_23,ss_customer_sk,0,0,0,0.4487,0,0,0,0,0.3394,-0.7881,0
tpcds_23,ss_customer_sk,0,0,0,0.4487,0,0,0,0,1.2945,-1.7432,0
tpcds_23,ws_sold_date_sk,0,0,0,2.0419,0,0,0,0,0.1386,-2.1805,0
tpcds_23,ss_sold_date_sk,0,0,0,1.7039,0,0,0,0,0.1576,-1.8615,0
tpcds_23,ws_sold_date_sk,0,0,0,2.0419,0,0,0,0,0.2278,-2.2697,0
tpcds_23,ss_customer_sk,0,0,0,0.4487,0,0,0,0,0.5548,-1.0035,0
tpcds_23,ws_sold_date_sk,0,0,0,2.0419,0,0,0,0,0.1180,-2.1599,0
tpcds_23,ss_sold_date_sk,0,0,0,1.7039,0,0,0,0,0.3236,-2.0276,0
tpcds_23,ws_sold_date_sk,0,0,0,2.0419,0,0,0,0,0.1455,-2.1874,0
tpcds_23,ss_sold_date_sk,0,0,0,1.7039,0,0,0,0,0.0812,-1.7851,0
tpcds_23,ss_customer_sk,0,0,0,0.4487,0,0,0,0,0.3276,-0.7763,0
tpcds_23,ws_sold_date_sk,0,0,0,2.0419,0,0,0,0,0.0995,-2.1414,0
tpcds_23,ss_sold_date_sk,0,0,0,1.7039,0,0,0,0,0.0662,-1.7701,0
tpcds_23,ss_sold_date_sk,0,0,0,1.7039,0,0,0,0,0.0663,-1.7703,0
tpcds_23,ss_customer_sk,0,0,0,0.3400,0,0,0,0,0.3885,-0.7285,0
tpcds_23,ss_customer_sk,0,0,0,0.3400,0,0,0,0,0.3722,-0.7122,0
tpcds_23,ws_sold_date_sk,0,0,0,2.0419,0,0,0,0,0.6035,-2.6454,0
tpcds_23,ss_sold_date_sk,0,0,0,2.7126,0,0,0,0,0.0981,-2.8108,0
tpcds_23,ss_customer_sk,0,0,0,0.3400,0,0,0,0,0.2925,-0.6324,0
tpcds_23,ss_sold_date_sk,0,0,0,2.7126,0,0,0,0,0.0693,-2.7820,0
tpcds_23,ss_customer_sk,0,0,0,0.4487,0,0,0,0,0.3235,-0.7722,0
tpcds_23,ss_customer_sk,0,0,0,0.3400,0,0,0,0,0.3538,-0.6938,0
tpcds_23,ss_customer_sk,0,0,0,0.3400,0,0,0,0,0.3254,-0.6653,0
tpcds_23,ss_customer_sk,0,0,0,0.3400,0,0,0,0,0.3563,-0.6963,0
tpcds_23,ss_sold_date_sk,0,0,0,2.7126,0,0,0,0,0.1039,-2.8166,0
tpcds_23,ss_customer_sk,0,0,0,0.3400,0,0,0,0,0.4654,-0.8054,0
tpcds_23,ss_customer_sk,0,0,0,0.3400,0,0,0,0,0.2997,-0.6397,0
tpcds_23,ws_sold_date_sk,0,0,0,2.0419,0,0,0,0,0.6625,-2.7044,0
tpcds_23,ws_sold_date_sk,0,0,0,2.0419,0,0,0,0,0.5922,-2.6341,0
tpcds_23,ss_sold_date_sk,0,0,0,2.7126,0,0,0,0,0.1054,-2.8181,0
tpcds_23,ss_customer_sk,0,0,0,0.3400,0,0,0,0,0.2317,-0.5717,0
tpcds_23,ss_customer_sk,0,0,0,0.4487,0,0,0,0,0.4297,-0.8785,0
tpcds_23,ss_sold_date_sk,0,0,0,2.7126,0,0,0,0,0.1643,-2.8769,0
tpcds_23,ss_sold_date_sk,0,0,0,2.7126,0,0,0,0,0.1295,-2.8421,0
tpcds_23,ss_sold_date_sk,0,0,0,2.7126,0,0,0,0,0.1730,-2.8856,0
tpcds_23,ss_sold_date_sk,0,0,0,2.7126,0,0,0,0,0.1368,-2.8494,0
tpcds_23,ss_sold_date_sk,0,0,0,2.7126,0,0,0,0,0.1003,-2.8130,0
tpcds_23,ss_sold_date_sk,0,0,0,2.7126,0,0,0,0,0.0773,-2.7900,0
tpcds_23,ss_customer_sk,0,0,0,0.3400,0,0,0,0,0.4953,-0.8353,0
tpcds_23,ss_sold_date_sk,0,0,0,2.7126,0,0,0,0,0.1538,-2.8664,0
tpcds_23,ss_sold_date_sk,0,0,0,2.7126,0,0,0,0,0.2985,-3.0112,0
tpcds_23,ss_sold_date_sk,0,0,0,2.7126,0,0,0,0,0.1901,-2.9028,0
tpcds_23,ws_sold_date_sk,0,0,0,2.0419,0,0,0,0,3.3215,-5.3634,0
tpcds_23,ws_sold_date_sk,0,0,0,2.0419,0,0,0,0,3.0223,-5.0642,0
tpcds_23,ss_sold_date_sk,0,0,0,1.7039,96,783252,747757,35495,89.5119,-55.7209,0
tpcds_23,ss_sold_date_sk,0,0,0,2.7126,96,783252,747757,35495,91.6040,-58.8216,0
tpcds_23,ss_sold_date_sk,0,0,0,2.7126,128,1048576,1001584,46992,106.2585,-61.9791,0
tpcds_23,ss_sold_date_sk,0,0,0,2.7126,128,1048576,1001426,47150,108.8375,-64.4001,0
tpcds_23,cs_sold_date_sk,0,0,0,0.6104,48,392972,391054,1918,131.7752,-130.4676,0
tpcds_23,ss_customer_sk,0,0,0,0.4487,96,783252,747657,35595,151.2256,-116.0794,0
tpcds_23,ss_customer_sk,0,0,0,0.3400,96,783252,747657,35595,159.8243,-124.5693,0
tpcds_23,ws_sold_date_sk,0,0,0,2.0419,88,719384,719197,187,163.4019,-165.2569,0
tpcds_23,i_item_sk,0,0,0,0.0159,0,0,0,0,5.3249,-5.3408,0
tpcds_23,i_item_sk,0,0,0,0.0159,0,0,0,0,5.3901,-5.4061,0
tpcds_23,i_item_sk,0,0,0,0.0159,1,8192,0,8192,5.4235,2.7526,1
tpcds_23,i_item_sk,0,0,0,0.0159,0,0,0,0,5.4643,-5.4802,0
tpcds_23,i_item_sk,0,0,0,0.0159,0,0,0,0,5.4413,-5.4572,0
tpcds_23,i_item_sk,0,0,0,0.0159,0,0,0,0,5.4716,-5.4875,0
tpcds_23,i_item_sk,0,0,0,0.0159,0,0,0,0,5.4792,-5.4951,0
tpcds_23,i_item_sk,0,0,0,0.0159,0,0,0,0,5.5341,-5.5500,0
tpcds_23,i_item_sk,0,0,0,0.0159,0,0,0,0,5.5295,-5.5454,0
tpcds_23,i_item_sk,0,0,0,0.0159,0,0,0,0,5.5396,-5.5555,0
tpcds_23,i_item_sk,0,0,0,0.0159,0,0,0,0,5.5663,-5.5822,0
tpcds_23,i_item_sk,0,0,0,0.0159,0,0,0,0,5.5405,-5.5565,0
tpcds_23,i_item_sk,0,0,0,0.0159,0,0,0,0,5.5603,-5.5762,0
tpcds_23,i_item_sk,0,0,0,0.0159,1,8192,0,8192,5.6089,2.5672,1
tpcds_23,i_item_sk,0,0,0,0.0159,0,0,0,0,5.4574,-5.4733,0
tpcds_23,i_item_sk,0,0,0,0.0159,1,1616,0,1616,5.7918,-4.1917,0
tpcds_23,ss_customer_sk,0,0,0,0.3400,128,1048576,1001670,46906,182.2603,-135.6943,0
tpcds_23,ss_customer_sk,0,0,0,0.4487,128,1048576,1001377,47199,187.1807,-140.4304,0
tpcds_23,ss_customer_sk,0,0,0,0.4487,128,1048576,1001670,46906,187.8590,-141.4017,0
tpcds_23,ss_customer_sk,0,0,0,0.3400,128,1048576,1001377,47199,187.3446,-140.4856,0
tpcds_23,cs_sold_date_sk,0,0,0,0.6104,128,1048576,1043441,5135,210.3033,-205.7787,0
tpcds_23,ss_sold_date_sk,0,0,0,0.6654,0,0,0,0,0.0612,-0.7267,0
tpcds_23,ss_sold_date_sk,0,0,0,0.6654,0,0,0,0,0.0553,-0.7207,0
tpcds_23,ss_sold_date_sk,0,0,0,0.6654,0,0,0,0,0.0315,-0.6969,0
tpcds_23,ss_sold_date_sk,0,0,0,0.6654,0,0,0,0,0.0294,-0.6948,0
tpcds_23,ss_sold_date_sk,0,0,0,0.6654,0,0,0,0,0.0383,-0.7038,0
tpcds_23,ss_sold_date_sk,0,0,0,0.6654,0,0,0,0,0.0261,-0.6915,0
tpcds_23,ss_sold_date_sk,0,0,0,0.6654,0,0,0,0,0.0730,-0.7384,0
tpcds_23,ss_sold_date_sk,0,0,0,0.6654,0,0,0,0,0.0262,-0.6916,0
tpcds_23,ss_sold_date_sk,0,0,0,0.6654,0,0,0,0,0.0310,-0.6964,0
tpcds_23,ss_sold_date_sk,0,0,0,0.6654,0,0,0,0,0.0619,-0.7274,0
tpcds_23,ss_sold_date_sk,0,0,0,0.6654,0,0,0,0,0.0353,-0.7007,0
tpcds_23,ss_sold_date_sk,0,0,0,0.6654,0,0,0,0,0.1917,-0.8571,0
tpcds_23,ss_sold_date_sk,0,0,0,0.6654,0,0,0,0,0.0501,-0.7155,0
tpcds_23,ss_customer_sk,0,0,0,0.1727,0,0,0,0,0.1605,-0.3332,0
tpcds_23,ss_customer_sk,0,0,0,0.1727,0,0,0,0,0.1301,-0.3028,0
tpcds_23,ss_customer_sk,0,0,0,0.1727,0,0,0,0,0.1185,-0.2912,0
tpcds_23,ss_customer_sk,0,0,0,0.1727,0,0,0,0,0.0848,-0.2575,0
tpcds_23,ss_customer_sk,0,0,0,0.1727,0,0,0,0,0.0685,-0.2412,0
tpcds_23,ss_customer_sk,0,0,0,0.1727,0,0,0,0,0.0798,-0.2525,0
tpcds_23,ss_customer_sk,0,0,0,0.1727,0,0,0,0,0.0675,-0.2401,0
tpcds_23,ss_customer_sk,0,0,0,0.1727,0,0,0,0,0.0648,-0.2375,0
tpcds_23,ss_customer_sk,0,0,0,0.1727,0,0,0,0,0.0609,-0.2336,0
tpcds_23,ss_customer_sk,0,0,0,0.1727,0,0,0,0,0.0618,-0.2345,0
tpcds_23,ss_customer_sk,0,0,0,0.1727,0,0,0,0,0.0617,-0.2344,0
tpcds_23,ss_customer_sk,0,0,0,0.1727,0,0,0,0,0.0603,-0.2330,0
tpcds_23,ss_sold_date_sk,0,0,0,0.2142,0,0,0,0,0.1740,-0.3882,0
tpcds_23,ss_sold_date_sk,0,0,0,0.2142,0,0,0,0,0.0770,-0.2912,0
tpcds_23,ss_sold_date_sk,0,0,0,0.2142,0,0,0,0,0.0860,-0.3002,0
tpcds_23,ss_sold_date_sk,0,0,0,0.2142,0,0,0,0,0.0406,-0.2548,0
tpcds_23,ss_customer_sk,0,0,0,0.1727,0,0,0,0,0.1722,-0.3448,0
tpcds_23,ss_sold_date_sk,0,0,0,0.2142,0,0,0,0,0.0299,-0.2441,0
tpcds_23,ss_sold_date_sk,0,0,0,0.2142,0,0,0,0,0.0825,-0.2967,0
tpcds_23,ss_sold_date_sk,0,0,0,0.2142,0,0,0,0,0.0603,-0.2745,0
tpcds_23,ss_sold_date_sk,0,0,0,0.2142,0,0,0,0,0.0275,-0.2417,0
tpcds_23,ss_sold_date_sk,0,0,0,0.2142,0,0,0,0,0.0639,-0.2781,0
tpcds_23,ss_sold_date_sk,0,0,0,0.2142,0,0,0,0,0.0289,-0.2431,0
tpcds_23,ss_sold_date_sk,0,0,0,0.2142,0,0,0,0,0.0575,-0.2717,0
tpcds_23,ss_sold_date_sk,0,0,0,0.2142,0,0,0,0,0.0872,-0.3014,0
tpcds_23,ss_customer_sk,0,0,0,0.1567,0,0,0,0,0.1600,-0.3168,0
tpcds_23,ss_customer_sk,0,0,0,0.1567,0,0,0,0,0.1246,-0.2813,0
tpcds_23,ss_customer_sk,0,0,0,0.1567,0,0,0,0,0.1205,-0.2773,0
tpcds_23,ss_customer_sk,0,0,0,0.1567,0,0,0,0,0.1061,-0.2629,0
tpcds_23,ss_customer_sk,0,0,0,0.1567,0,0,0,0,0.1242,-0.2809,0
tpcds_23,ss_customer_sk,0,0,0,0.1567,0,0,0,0,0.0999,-0.2566,0
tpcds_23,ss_customer_sk,0,0,0,0.1567,0,0,0,0,0.0950,-0.2517,0
tpcds_23,ss_customer_sk,0,0,0,0.1567,0,0,0,0,0.0875,-0.2443,0
tpcds_23,ss_customer_sk,0,0,0,0.1567,0,0,0,0,0.0858,-0.2426,0
tpcds_23,ss_customer_sk,0,0,0,0.1567,0,0,0,0,0.0935,-0.2502,0
tpcds_23,ss_customer_sk,0,0,0,0.1567,0,0,0,0,0.1807,-0.3374,0
tpcds_23,ss_customer_sk,0,0,0,0.1567,0,0,0,0,0.0677,-0.2244,0
tpcds_23,ss_customer_sk,0,0,0,0.1567,0,0,0,0,0.2204,-0.3771,0
tpcds_23,ws_bill_customer_sk,0,0,0,13.2007,0,0,0,0,0.2129,-13.4136,0
tpcds_23,ws_bill_customer_sk,0,0,0,13.2007,0,0,0,0,0.1911,-13.3919,0
tpcds_23,ws_bill_customer_sk,0,0,0,13.2007,0,0,0,0,0.0904,-13.2911,0
tpcds_23,ws_bill_customer_sk,0,0,0,13.2007,0,0,0,0,0.0938,-13.2945,0
tpcds_23,ws_bill_customer_sk,0,0,0,13.2007,0,0,0,0,0.0819,-13.2826,0
tpcds_23,ws_bill_customer_sk,0,0,0,13.2007,0,0,0,0,0.0765,-13.2772,0
tpcds_23,ws_bill_customer_sk,0,0,0,13.2007,0,0,0,0,0.0757,-13.2765,0
tpcds_23,ws_bill_customer_sk,0,0,0,13.2007,0,0,0,0,0.0731,-13.2738,0
tpcds_23,ws_bill_customer_sk,0,0,0,13.2007,0,0,0,0,0.0750,-13.2758,0
tpcds_23,ws_bill_customer_sk,0,0,0,13.2007,0,0,0,0,0.0681,-13.2688,0
tpcds_23,ws_bill_customer_sk,0,0,0,13.2007,0,0,0,0,0.0719,-13.2727,0
tpcds_23,ws_bill_customer_sk,0,0,0,13.2007,0,0,0,0,0.0669,-13.2676,0
tpcds_23,ws_bill_customer_sk,0,0,0,13.2007,0,0,0,0,0.9297,-14.1305,0
tpcds_23,ws_bill_customer_sk,0,0,0,13.2007,0,0,0,0,0.1587,-13.3594,0
tpcds_23,ws_bill_customer_sk,0,0,0,13.2007,0,0,0,0,0.2912,-13.4920,0
tpcds_23,cs_bill_customer_sk,0,0,0,20.1700,0,0,0,0,0.1976,-20.3676,0
tpcds_23,cs_bill_customer_sk,0,0,0,20.1700,0,0,0,0,0.2926,-20.4626,0
tpcds_23,cs_bill_customer_sk,0,0,0,20.1700,0,0,0,0,0.1060,-20.2759,0
tpcds_23,cs_bill_customer_sk,0,0,0,20.1700,0,0,0,0,0.1032,-20.2732,0
tpcds_23,cs_bill_customer_sk,0,0,0,20.1700,0,0,0,0,0.0945,-20.2645,0
tpcds_23,cs_bill_customer_sk,0,0,0,20.1700,0,0,0,0,0.0873,-20.2573,0
tpcds_23,cs_bill_customer_sk,0,0,0,20.1700,0,0,0,0,0.1015,-20.2715,0
tpcds_23,cs_bill_customer_sk,0,0,0,20.1700,0,0,0,0,0.1139,-20.2839,0
tpcds_23,cs_bill_customer_sk,0,0,0,20.1700,0,0,0,0,0.1357,-20.3057,0
tpcds_23,cs_bill_customer_sk,0,0,0,20.1700,0,0,0,0,0.0756,-20.2456,0
tpcds_23,cs_bill_customer_sk,0,0,0,20.1700,0,0,0,0,0.0803,-20.2503,0
tpcds_23,cs_bill_customer_sk,0,0,0,20.1700,0,0,0,0,0.0879,-20.2579,0
tpcds_23,cs_bill_customer_sk,0,0,0,20.1700,0,0,0,0,0.0859,-20.2559,0
tpcds_23,cs_bill_customer_sk,0,0,0,20.1700,0,0,0,0,0.0704,-20.2404,0
tpcds_23,ss_sold_date_sk,0,0,0,0.6654,96,783252,747757,35495,72.5014,-37.6719,0
tpcds_23,ss_sold_date_sk,0,0,0,0.2142,96,783252,747757,35495,81.3704,-46.0896,0
tpcds_23,ss_sold_date_sk,0,0,0,0.6654,128,1048576,1001426,47150,92.5601,-46.0755,0
tpcds_23,ss_sold_date_sk,0,0,0,0.6654,128,1048576,1001584,46992,98.7101,-52.3836,0
tpcds_23,ss_sold_date_sk,0,0,0,0.2142,128,1048576,1001426,47150,92.3406,-45.4048,0
tpcds_23,ss_sold_date_sk,0,0,0,0.2142,128,1048576,1001584,46992,99.5395,-52.7617,0
tpcds_23,cs_bill_customer_sk,0,0,0,20.1700,48,392972,390982,1990,102.6872,-120.8672,0
tpcds_23,ss_customer_sk,0,0,0,0.1727,96,783252,747657,35595,133.4144,-97.9920,0
tpcds_23,ss_customer_sk,0,0,0,0.1567,96,783252,747657,35595,136.7004,-101.2622,0
tpcds_23,ws_bill_customer_sk,0,0,0,13.2007,88,719384,719219,165,140.4944,-153.5301,0
tpcds_23,d_date_sk,0,0,0,157.5979,0,0,0,0,0.2222,-157.8201,0
tpcds_23,d_date_sk,0,0,0,157.5979,0,0,0,0,0.2552,-157.8531,0
tpcds_23,d_date_sk,0,0,0,157.5979,0,0,0,0,0.2882,-157.8862,0
tpcds_23,d_date_sk,0,0,0,157.5979,0,0,0,0,0.2841,-157.8820,0
tpcds_23,d_date_sk,0,0,0,157.5979,0,0,0,0,0.3130,-157.9109,0
tpcds_23,d_date_sk,0,0,0,157.5979,0,0,0,0,0.2907,-157.8887,0
tpcds_23,d_date_sk,0,0,0,157.5979,0,0,0,0,0.3078,-157.9057,0
tpcds_23,d_date_sk,0,0,0,157.5979,0,0,0,0,0.3290,-157.9269,0
tpcds_23,d_date_sk,0,0,0,157.5979,0,0,0,0,0.3336,-157.9316,0
tpcds_23,d_date_sk,0,0,0,157.5979,0,0,0,0,0.4014,-157.9993,0
tpcds_23,d_date_sk,0,0,0,157.5979,0,0,0,0,0.3632,-157.9612,0
tpcds_23,d_date_sk,0,0,0,157.5979,0,0,0,0,0.3606,-157.9586,0
tpcds_23,d_date_sk,0,0,0,157.5979,0,0,0,0,0.3338,-157.9317,0
tpcds_23,d_date_sk,0,0,0,157.5979,0,0,0,0,0.3310,-157.9289,0
tpcds_23,d_date_sk,0,0,0,157.5979,0,0,0,0,0.3547,-157.9526,0
tpcds_23,d_date_sk,0,0,0,157.5979,0,0,0,0,0.3938,-157.9917,0
tpcds_23,ss_customer_sk,0,0,0,0.1727,128,1048576,1001670,46906,163.2989,-116.5656,0
tpcds_23,ss_customer_sk,0,0,0,0.1727,128,1048576,1001377,47199,168.2326,-121.2062,0
tpcds_23,ss_customer_sk,0,0,0,0.1567,128,1048576,1001670,46906,165.6308,-118.8815,0
tpcds_23,ss_customer_sk,0,0,0,0.1567,128,1048576,1001377,47199,167.5319,-120.4897,0
tpcds_23,cs_bill_customer_sk,0,0,0,20.1700,128,1048576,1043416,5160,165.5996,-180.6096,0
tpcds_23,d_date_sk,0,0,0,188.8851,0,0,0,0,0.1296,-189.0147,0
tpcds_23,d_date_sk,0,0,0,188.8851,0,0,0,0,0.1486,-189.0338,0
tpcds_23,d_date_sk,0,0,0,188.8851,0,0,0,0,0.1696,-189.0548,0
tpcds_23,d_date_sk,0,0,0,188.8851,0,0,0,0,0.1645,-189.0497,0
tpcds_23,d_date_sk,0,0,0,188.8851,0,0,0,0,0.1902,-189.0754,0
tpcds_23,d_date_sk,0,0,0,188.8851,0,0,0,0,0.1783,-189.0635,0
tpcds_23,d_date_sk,0,0,0,188.8851,0,0,0,0,0.1782,-189.0634,0
tpcds_23,d_date_sk,0,0,0,188.8851,0,0,0,0,0.1913,-189.0764,0
tpcds_23,d_date_sk,0,0,0,188.8851,0,0,0,0,0.1910,-189.0761,0
tpcds_23,d_date_sk,0,0,0,188.8851,0,0,0,0,0.2198,-189.1050,0
tpcds_23,d_date_sk,0,0,0,188.8851,0,0,0,0,0.1927,-189.0778,0
tpcds_23,d_date_sk,0,0,0,188.8851,0,0,0,0,0.2034,-189.0886,0
tpcds_23,d_date_sk,0,0,0,188.8851,0,0,0,0,0.2002,-189.0853,0
tpcds_23,d_date_sk,0,0,0,188.8851,0,0,0,0,0.2102,-189.0953,0
tpcds_23,d_date_sk,0,0,0,188.8851,0,0,0,0,0.2172,-189.1024,0
tpcds_23,d_date_sk,0,0,0,188.8851,0,0,0,0,0.2255,-189.1106,0
tpcds_23,i_item_sk,0,0,0,0.0050,0,0,0,0,4.8046,-4.8096,0
tpcds_23,i_item_sk,0,0,0,0.0050,0,0,0,0,4.8220,-4.8270,0
tpcds_23,i_item_sk,0,0,0,0.0050,1,8192,0,8192,4.8218,3.3652,1
tpcds_23,i_item_sk,0,0,0,0.0050,1,8192,0,8192,4.8162,3.3709,1
tpcds_23,i_item_sk,0,0,0,0.0050,0,0,0,0,4.8520,-4.8570,0
tpcds_23,i_item_sk,0,0,0,0.0050,0,0,0,0,4.8720,-4.8770,0
tpcds_23,i_item_sk,0,0,0,0.0050,0,0,0,0,4.8585,-4.8635,0
tpcds_23,i_item_sk,0,0,0,0.0050,0,0,0,0,4.8737,-4.8787,0
tpcds_23,i_item_sk,0,0,0,0.0050,0,0,0,0,4.8798,-4.8848,0
tpcds_23,i_item_sk,0,0,0,0.0050,0,0,0,0,4.8787,-4.8836,0
tpcds_23,i_item_sk,0,0,0,0.0050,1,1616,0,1616,4.8995,-3.2885,0
tpcds_23,i_item_sk,0,0,0,0.0050,0,0,0,0,4.8994,-4.9043,0
tpcds_23,i_item_sk,0,0,0,0.0050,0,0,0,0,4.9095,-4.9145,0
tpcds_23,i_item_sk,0,0,0,0.0050,0,0,0,0,4.9048,-4.9097,0
tpcds_23,i_item_sk,0,0,0,0.0050,0,0,0,0,4.9042,-4.9092,0
tpcds_23,i_item_sk,0,0,0,0.0050,0,0,0,0,4.9690,-4.9740,0
tpcds_24,ss_store_sk,0,0,0,4.6718,1,6737,6656,81,226.2534,-230.8442,0
tpcds_24,ss_store_sk,0,0,0,4.6718,1,6693,6628,65,226.0771,-230.6839,0
tpcds_24,ss_store_sk,0,0,0,4.6718,1,6686,6622,64,226.3404,-230.9482,0
tpcds_24,ss_store_sk,0,0,0,4.6718,1,6685,6607,78,226.2937,-230.8875,0
tpcds_24,ss_store_sk,0,0,0,4.6718,1,6842,6758,84,226.4006,-230.9884,0
tpcds_24,ss_store_sk,0,0,0,4.6718,1,6642,6570,72,226.6368,-231.2366,0
tpcds_24,ss_store_sk,0,0,0,4.6718,1,6634,6553,81,226.5185,-231.1092,0
tpcds_24,ss_store_sk,0,0,0,4.6718,1,6552,6476,76,226.5441,-231.1398,0
tpcds_24,ss_store_sk,0,0,0,4.6718,1,6647,6549,98,226.9877,-231.5615,0
tpcds_24,ss_store_sk,0,0,0,4.6718,1,6584,6505,79,226.8395,-231.4323,0
tpcds_24,ss_store_sk,0,0,0,4.6718,1,6736,6662,74,226.7558,-231.3535,0
tpcds_24,ss_store_sk,0,0,0,4.6718,1,6605,6516,89,227.2235,-231.8063,0
tpcds_24,ss_store_sk,0,0,0,4.6718,1,6555,6487,68,227.0054,-231.6092,0
tpcds_24,ss_store_sk,0,0,0,4.6718,1,6768,6674,94,226.7678,-231.3456,0
tpcds_24,ss_store_sk,0,0,0,4.6718,1,6764,6695,69,227.1964,-231.7992,0
tpcds_24,ss_store_sk,0,0,0,5.7358,1,6737,6656,81,231.1647,-236.8195,0
tpcds_24,ss_store_sk,0,0,0,5.7358,1,6634,6553,81,231.1908,-236.8457,0
tpcds_24,ss_store_sk,0,0,0,5.7358,1,6736,6662,74,231.3913,-237.0532,0
tpcds_24,ss_store_sk,0,0,0,5.7358,1,6842,6758,84,231.5910,-237.2428,0
tpcds_24,ss_store_sk,0,0,0,5.7358,1,6584,6505,79,231.7576,-237.4144,0
tpcds_24,ss_store_sk,0,0,0,5.7358,1,6768,6674,94,231.6596,-237.3014,0
tpcds_24,ss_store_sk,0,0,0,5.7358,1,6647,6549,98,231.6930,-237.3308,0
tpcds_24,ss_store_sk,0,0,0,5.7358,1,6764,6695,69,231.8087,-237.4756,0
tpcds_24,ss_store_sk,0,0,0,5.7358,1,6555,6487,68,231.8866,-237.5544,0
tpcds_24,ss_store_sk,0,0,0,5.7358,1,6686,6622,64,231.9386,-237.6104,0
tpcds_24,ss_store_sk,0,0,0,5.7358,1,6642,6570,72,232.1132,-237.7770,0
tpcds_24,ss_store_sk,0,0,0,5.7358,1,6605,6516,89,232.0807,-237.7275,0
tpcds_24,ss_store_sk,0,0,0,5.7358,1,6552,6476,76,232.0735,-237.7333,0
tpcds_24,ss_store_sk,0,0,0,5.7358,1,6685,6607,78,232.2029,-237.8608,0
tpcds_24,ss_store_sk,0,0,0,5.7358,1,6693,6628,65,232.2528,-237.9236,0
tpcds_24,ca_zip,0,0,0,2000.6228,0,0,0,0,5.6108,-2006.2337,0
tpcds_24,ca_zip,0,0,0,2001.7937,0,0,0,0,4.3492,-2006.1429,0
tpcds_24,ca_zip,0,0,0,2000.6228,0,0,0,0,6.0059,-2006.6287,0
tpcds_24,ca_zip,0,0,0,2000.6228,0,0,0,0,6.0942,-2006.7170,0
tpcds_24,ca_zip,0,0,0,2000.6228,0,0,0,0,6.1409,-2006.7638,0
tpcds_24,ca_zip,0,0,0,2000.6228,0,0,0,0,6.1581,-2006.7809,0
tpcds_24,ca_zip,0,0,0,2000.6228,0,0,0,0,6.4047,-2007.0276,0
tpcds_24,ca_zip,0,0,0,2000.6228,0,0,0,0,6.2618,-2006.8846,0
tpcds_24,ca_zip,0,0,0,2001.7937,0,0,0,0,5.0551,-2006.8488,0
tpcds_24,ca_zip,0,0,0,2000.6228,0,0,0,0,6.5663,-2007.1891,0
tpcds_24,ca_zip,0,0,0,2000.6228,0,0,0,0,6.7250,-2007.3478,0
tpcds_24,ca_zip,0,0,0,2001.7937,0,0,0,0,5.4403,-2007.2340,0
tpcds_24,ca_zip,0,0,0,2001.7937,0,0,0,0,5.5378,-2007.3315,0
tpcds_24,ca_zip,0,0,0,2000.6228,1,8192,7943,249,7.4092,-2007.7830,0
tpcds_24,ca_zip,0,0,0,2001.7937,1,8192,7943,249,6.1473,-2007.6920,0
tpcds_24,ca_zip,0,0,0,2001.7937,0,0,0,0,6.1660,-2007.9598,0
tpcds_24,ca_zip,0,0,0,2001.7937,0,0,0,0,6.1898,-2007.9836,0
tpcds_24,ca_zip,0,0,0,2001.7937,0,0,0,0,6.1901,-2007.9838,0
tpcds_24,ca_zip,0,0,0,2001.7937,0,0,0,0,6.2030,-2007.9968,0
tpcds_24,ca_zip,0,0,0,2001.7937,0,0,0,0,6.2225,-2008.0162,0
tpcds_24,ca_zip,0,0,0,2001.7937,1,8192,7921,271,6.2281,-2007.7508,0
tpcds_24,ca_zip,0,0,0,2001.7937,1,8192,7945,247,6.3803,-2007.9271,0
tpcds_24,ca_zip,0,0,0,2000.6228,1,8192,7921,271,7.6807,-2008.0325,0
tpcds_24,ca_zip,0,0,0,2000.6228,1,848,825,23,7.8161,-2008.4160,0
tpcds_24,ca_zip,0,0,0,2000.6228,1,8192,7945,247,7.9398,-2008.3157,0
tpcds_24,ca_zip,0,0,0,2000.6228,1,8192,7958,234,8.1782,-2008.5670,0
tpcds_24,ca_zip,0,0,0,2000.6228,1,8192,7946,246,8.0650,-2008.4419,0
tpcds_24,ca_zip,0,0,0,2001.7937,1,8192,7958,234,6.9260,-2008.4857,0
tpcds_24,ca_zip,0,0,0,2000.6228,1,8192,7937,255,8.3611,-2008.7290,0
tpcds_24,ca_zip,0,0,0,2001.7937,1,8192,7937,255,7.1932,-2008.7320,0
tpcds_24,ca_zip,0,0,0,2001.7937,1,8192,7946,246,7.2074,-2008.7551,0
tpcds_24,ca_zip,0,0,0,2001.7937,1,848,825,23,7.3401,-2009.1108,0
tpcds_24,ss_store_sk,0,0,0,8.6353,1,6764,6695,69,238.6516,-247.2179,0
tpcds_24,ss_store_sk,0,0,0,8.6353,1,6634,6553,81,238.6052,-247.1596,0
tpcds_24,ss_store_sk,0,0,0,8.6353,1,6686,6622,64,238.6761,-247.2474,0
tpcds_24,ss_store_sk,0,0,0,8.6353,1,6736,6662,74,238.7258,-247.2872,0
tpcds_24,ss_store_sk,0,0,0,8.6353,1,6555,6487,68,238.8986,-247.4659,0
tpcds_24,ss_store_sk,0,0,0,8.6353,1,6693,6628,65,238.8688,-247.4391,0
tpcds_24,ss_store_sk,0,0,0,8.6353,1,6552,6476,76,238.9145,-247.4738,0
tpcds_24,ss_store_sk,0,0,0,8.6353,1,6737,6656,81,238.9988,-247.5532,0
tpcds_24,ss_store_sk,0,0,0,8.6353,1,6642,6570,72,239.1415,-247.7048,0
tpcds_24,ss_store_sk,0,0,0,8.6353,1,6768,6674,94,239.2587,-247.8001,0
tpcds_24,ss_store_sk,0,0,0,8.6353,1,6842,6758,84,239.2084,-247.7598,0
tpcds_24,ss_store_sk,0,0,0,8.6353,1,6647,6549,98,239.3747,-247.9120,0
tpcds_24,ss_store_sk,0,0,0,8.6353,1,6605,6516,89,239.3800,-247.9263,0
tpcds_24,ss_store_sk,0,0,0,8.6353,1,6685,6607,78,239.4925,-248.0498,0
tpcds_24,ss_store_sk,0,0,0,8.6353,1,6584,6505,79,239.5360,-248.0923,0
tpcds_24,ss_store_sk,0,0,0,6.7758,1,6686,6622,64,241.5330,-248.2448,0
tpcds_24,ss_store_sk,0,0,0,6.7758,1,6555,6487,68,241.4460,-248.1539,0
tpcds_24,ss_store_sk,0,0,0,6.7758,1,6642,6570,72,241.0785,-247.7823,0
tpcds_24,ss_store_sk,0,0,0,6.7758,1,6634,6553,81,241.0615,-247.7563,0
tpcds_24,ss_store_sk,0,0,0,6.7758,1,6685,6607,78,241.0443,-247.7421,0
tpcds_24,ss_store_sk,0,0,0,6.7758,1,6764,6695,69,241.0595,-247.7664,0
tpcds_24,ss_store_sk,0,0,0,6.7758,1,6584,6505,79,241.2261,-247.9230,0
tpcds_24,ss_store_sk,0,0,0,6.7758,1,6842,6758,84,241.7283,-248.4201,0
tpcds_24,ss_store_sk,0,0,0,6.7758,1,6552,6476,76,241.3409,-248.0407,0
tpcds_24,ss_store_sk,0,0,0,6.7758,1,6768,6674,94,241.3561,-248.0380,0
tpcds_24,ss_store_sk,0,0,0,6.7758,1,6647,6549,98,241.8867,-248.5645,0
tpcds_24,ss_store_sk,0,0,0,6.7758,1,6605,6516,89,241.4486,-248.1354,0
tpcds_24,ss_store_sk,0,0,0,6.7758,1,6736,6662,74,242.1159,-248.8178,0
tpcds_24,ss_store_sk,0,0,0,6.7758,1,6737,6656,81,241.5292,-248.2240,0
tpcds_24,ss_store_sk,0,0,0,6.7758,1,6693,6628,65,241.5456,-248.2564,0
tpcds_24,ss_store_sk,0,0,0,4.6718,1,6649,6573,76,2818.1580,-2822.7538,0
tpcds_24,ss_store_sk,0,0,0,5.7358,1,6649,6573,76,2870.7266,-2876.3864,0
tpcds_24,ca_zip,0,0,0,2001.5746,0,0,0,0,4.3499,-2005.9245,0
tpcds_24,ca_zip,0,0,0,2001.5746,1,8192,7958,234,4.4930,-2005.8336,0
tpcds_24,ca_zip,0,0,0,2001.5746,1,8192,7921,271,4.5376,-2005.8412,0
tpcds_24,ca_zip,0,0,0,2001.5746,0,0,0,0,4.5259,-2006.1005,0
tpcds_24,ca_zip,0,0,0,2001.5746,1,848,825,23,4.5458,-2006.0974,0
tpcds_24,ca_zip,0,0,0,2001.5746,1,8192,7945,247,4.5825,-2005.9101,0
tpcds_24,ca_zip,0,0,0,2001.5746,0,0,0,0,4.5885,-2006.1631,0
tpcds_24,ca_zip,0,0,0,2001.5746,1,8192,7946,246,4.5479,-2005.8765,0
tpcds_24,ca_zip,0,0,0,2001.5746,1,8192,7943,249,4.5689,-2005.8945,0
tpcds_24,ca_zip,0,0,0,2001.5746,0,0,0,0,4.6021,-2006.1767,0
tpcds_24,ca_zip,0,0,0,2001.5746,0,0,0,0,4.5931,-2006.1677,0
tpcds_24,ca_zip,0,0,0,2001.5746,0,0,0,0,4.6833,-2006.2579,0
tpcds_24,ca_zip,0,0,0,2001.5746,0,0,0,0,4.6128,-2006.1874,0
tpcds_24,ca_zip,0,0,0,2001.5746,0,0,0,0,4.6318,-2006.2064,0
tpcds_24,ca_zip,0,0,0,2001.5746,0,0,0,0,4.6731,-2006.2477,0
tpcds_24,ca_zip,0,0,0,2001.5746,1,8192,7937,255,4.6650,-2005.9846,0
tpcds_24,ca_zip,0,0,0,2000.2632,1,8192,7921,271,8.2089,-2008.2011,0
tpcds_24,ca_zip,0,0,0,2000.2632,1,848,825,23,8.5055,-2008.7457,0
tpcds_24,ca_zip,0,0,0,2000.2632,0,0,0,0,8.5382,-2008.8014,0
tpcds_24,ca_zip,0,0,0,2000.2632,1,8192,7943,249,8.5450,-2008.5592,0
tpcds_24,ca_zip,0,0,0,2000.2632,0,0,0,0,8.5225,-2008.7857,0
tpcds_24,ca_zip,0,0,0,2000.2632,1,8192,7958,234,8.5475,-2008.5766,0
tpcds_24,ca_zip,0,0,0,2000.2632,0,0,0,0,8.5792,-2008.8424,0
tpcds_24,ca_zip,0,0,0,2000.2632,0,0,0,0,8.6225,-2008.8857,0
tpcds_24,ca_zip,0,0,0,2000.2632,0,0,0,0,8.5764,-2008.8395,0
tpcds_24,ca_zip,0,0,0,2000.2632,1,8192,7946,246,8.6029,-2008.6200,0
tpcds_24,ca_zip,0,0,0,2000.2632,0,0,0,0,8.5931,-2008.8563,0
tpcds_24,ca_zip,0,0,0,2000.2632,1,8192,7945,247,8.5839,-2008.6001,0
tpcds_24,ca_zip,0,0,0,2000.2632,0,0,0,0,8.6205,-2008.8837,0
tpcds_24,ca_zip,0,0,0,2000.2632,0,0,0,0,8.6093,-2008.8725,0
tpcds_24,ca_zip,0,0,0,2000.2632,0,0,0,0,8.6037,-2008.8668,0
tpcds_24,ca_zip,0,0,0,2000.2632,1,8192,7937,255,8.7793,-2008.7874,0
tpcds_24,ss_store_sk,0,0,0,8.6353,1,6649,6573,76,2646.9608,-2655.5201,0
tpcds_24,ss_store_sk,0,0,0,6.7758,1,6649,6573,76,2669.0787,-2675.7786,0
tpcds_25,ss_sold_date_sk,0,0,0,1.0156,0,0,0,0,931.8126,-932.8282,0
tpcds_25,ss_sold_date_sk,0,0,0,1.0156,0,0,0,0,931.9310,-932.9466,0
tpcds_25,ss_sold_date_sk,0,0,0,1.0156,0,0,0,0,931.8884,-932.9040,0
tpcds_25,ss_sold_date_sk,0,0,0,1.0156,0,0,0,0,931.8744,-932.8900,0
tpcds_25,ss_sold_date_sk,0,0,0,1.0156,0,0,0,0,931.9145,-932.9301,0
tpcds_25,ss_sold_date_sk,0,0,0,1.0156,0,0,0,0,931.9112,-932.9267,0
tpcds_25,ss_sold_date_sk,0,0,0,1.0156,0,0,0,0,931.9384,-932.9540,0
tpcds_25,ss_sold_date_sk,0,0,0,1.0156,0,0,0,0,931.9157,-932.9313,0
tpcds_25,ss_sold_date_sk,0,0,0,1.0156,0,0,0,0,931.9237,-932.9393,0
tpcds_25,ss_sold_date_sk,0,0,0,1.0156,0,0,0,0,931.9100,-932.9256,0
tpcds_25,ss_sold_date_sk,0,0,0,1.0156,0,0,0,0,931.9369,-932.9525,0
tpcds_25,ss_sold_date_sk,0,0,0,1.0156,0,0,0,0,931.9345,-932.9501,0
tpcds_25,ss_sold_date_sk,0,0,0,1.0156,0,0,0,0,931.9435,-932.9591,0
tpcds_25,ss_sold_date_sk,0,0,0,1.0156,0,0,0,0,931.9412,-932.9568,0
tpcds_25,ss_sold_date_sk,0,0,0,1.0156,0,0,0,0,931.9556,-932.9712,0
tpcds_25,ss_sold_date_sk,0,0,0,1.0156,0,0,0,0,931.8436,-932.8592,0
tpcds_25,d_date_sk,0,0,0,933.2727,0,0,0,0,0.1577,-933.4305,0
tpcds_25,d_date_sk,0,0,0,933.2727,0,0,0,0,0.1312,-933.4040,0
tpcds_25,d_date_sk,0,0,0,933.2727,0,0,0,0,0.1385,-933.4112,0
tpcds_25,d_date_sk,0,0,0,933.2727,0,0,0,0,0.1460,-933.4187,0
tpcds_25,d_date_sk,0,0,0,933.2727,0,0,0,0,0.1488,-933.4215,0
tpcds_25,d_date_sk,0,0,0,933.2727,0,0,0,0,0.1554,-933.4282,0
tpcds_25,d_date_sk,0,0,0,933.2727,0,0,0,0,0.1553,-933.4280,0
tpcds_25,d_date_sk,0,0,0,933.2727,0,0,0,0,0.1529,-933.4257,0
tpcds_25,d_date_sk,0,0,0,933.2727,0,0,0,0,0.1558,-933.4286,0
tpcds_25,d_date_sk,0,0,0,933.2727,0,0,0,0,0.1630,-933.4357,0
tpcds_25,d_date_sk,0,0,0,933.2727,0,0,0,0,0.1729,-933.4456,0
tpcds_25,d_date_sk,0,0,0,933.2727,0,0,0,0,0.1849,-933.4577,0
tpcds_25,d_date_sk,0,0,0,933.2727,0,0,0,0,0.1779,-933.4506,0
tpcds_25,d_date_sk,0,0,0,933.2727,0,0,0,0,0.1845,-933.4573,0
tpcds_25,d_date_sk,0,0,0,933.2727,0,0,0,0,0.1838,-933.4566,0
tpcds_25,d_date_sk,0,0,0,933.2727,0,0,0,0,0.1931,-933.4658,0
tpcds_25,d_date_sk,0,0,0,933.6221,0,0,0,0,0.1184,-933.7405,0
tpcds_25,d_date_sk,0,0,0,933.6221,0,0,0,0,0.1370,-933.7591,0
tpcds_25,d_date_sk,0,0,0,933.6221,0,0,0,0,0.1605,-933.7826,0
tpcds_25,d_date_sk,0,0,0,933.6221,0,0,0,0,0.1820,-933.8040,0
tpcds_25,d_date_sk,0,0,0,933.6221,0,0,0,0,0.1653,-933.7874,0
tpcds_25,d_date_sk,0,0,0,933.6221,0,0,0,0,0.1355,-933.7576,0
tpcds_25,d_date_sk,0,0,0,933.6221,0,0,0,0,0.1757,-933.7977,0
tpcds_25,d_date_sk,0,0,0,933.6221,0,0,0,0,0.1990,-933.8211,0
tpcds_25,d_date_sk,0,0,0,933.6221,0,0,0,0,0.2039,-933.8260,0
tpcds_25,d_date_sk,0,0,0,933.6221,0,0,0,0,0.1709,-933.7930,0
tpcds_25,d_date_sk,0,0,0,933.6221,0,0,0,0,0.2216,-933.8436,0
tpcds_25,d_date_sk,0,0,0,933.6221,0,0,0,0,0.2195,-933.8415,0
tpcds_25,d_date_sk,0,0,0,933.6221,0,0,0,0,0.1686,-933.7907,0
tpcds_25,d_date_sk,0,0,0,933.6221,0,0,0,0,0.2247,-933.8468,0
tpcds_25,d_date_sk,0,0,0,933.6221,0,0,0,0,0.1927,-933.8148,0
tpcds_25,d_date_sk,0,0,0,933.6221,0,0,0,0,0.2342,-933.8563,0
tpcds_25,s_store_sk,0,0,0,932.9772,1,12,0,12,3.9413,-936.9065,0
tpcds_25,i_item_sk,0,0,0,936.9654,0,0,0,0,2.3562,-939.3216,0
tpcds_25,i_item_sk,0,0,0,936.9654,0,0,0,0,2.4359,-939.4013,0
tpcds_25,i_item_sk,0,0,0,936.9654,1,8192,0,8192,2.4051,-931.1785,0
tpcds_25,i_item_sk,0,0,0,936.9654,0,0,0,0,2.4240,-939.3894,0
tpcds_25,i_item_sk,0,0,0,936.9654,0,0,0,0,2.4154,-939.3808,0
tpcds_25,i_item_sk,0,0,0,936.9654,0,0,0,0,2.4299,-939.3953,0
tpcds_25,i_item_sk,0,0,0,936.9654,0,0,0,0,2.4353,-939.4007,0
tpcds_25,i_item_sk,0,0,0,936.9654,0,0,0,0,2.4534,-939.4188,0
tpcds_25,i_item_sk,0,0,0,936.9654,0,0,0,0,2.5250,-939.4904,0
tpcds_25,i_item_sk,0,0,0,936.9654,0,0,0,0,2.4828,-939.4482,0
tpcds_25,i_item_sk,0,0,0,936.9654,0,0,0,0,2.5033,-939.4686,0
tpcds_25,i_item_sk,0,0,0,936.9654,1,8192,0,8192,2.4874,-931.2607,0
tpcds_25,i_item_sk,0,0,0,936.9654,0,0,0,0,2.4955,-939.4609,0
tpcds_25,i_item_sk,0,0,0,936.9654,0,0,0,0,2.5369,-939.5022,0
tpcds_25,i_item_sk,0,0,0,936.9654,0,0,0,0,2.5119,-939.4773,0
tpcds_25,i_item_sk,0,0,0,936.9654,1,1616,0,1616,2.5880,-937.9374,0
tpcds_26,d_date_sk,0,0,0,7.2076,0,0,0,0,0.0952,-7.3028,0
tpcds_26,d_date_sk,0,0,0,7.2076,0,0,0,0,0.1022,-7.3098,0
tpcds_26,d_date_sk,0,0,0,7.2076,0,0,0,0,0.1462,-7.3538,0
tpcds_26,d_date_sk,0,0,0,7.2076,0,0,0,0,0.1466,-7.3542,0
tpcds_26,d_date_sk,0,0,0,7.2076,0,0,0,0,0.1586,-7.3661,0
tpcds_26,d_date_sk,0,0,0,7.2076,0,0,0,0,0.1552,-7.3628,0
tpcds_26,d_date_sk,0,0,0,7.2076,0,0,0,0,0.1654,-7.3730,0
tpcds_26,d_date_sk,0,0,0,7.2076,0,0,0,0,0.1714,-7.3789,0
tpcds_26,d_date_sk,0,0,0,7.2076,0,0,0,0,0.1699,-7.3774,0
tpcds_26,d_date_sk,0,0,0,7.2076,0,0,0,0,0.1705,-7.3781,0
tpcds_26,d_date_sk,0,0,0,7.2076,0,0,0,0,0.1808,-7.3884,0
tpcds_26,d_date_sk,0,0,0,7.2076,0,0,0,0,0.1685,-7.3760,0
tpcds_26,d_date_sk,0,0,0,7.2076,0,0,0,0,0.1759,-7.3835,0
tpcds_26,d_date_sk,0,0,0,7.2076,0,0,0,0,0.1767,-7.3843,0
tpcds_26,d_date_sk,0,0,0,7.2076,0,0,0,0,0.2080,-7.4156,0
tpcds_26,d_date_sk,0,0,0,7.2076,0,0,0,0,0.1779,-7.3855,0
tpcds_26,i_item_sk,0,0,0,6.2055,0,0,0,0,6.8321,-13.0376,0
tpcds_26,i_item_sk,0,0,0,6.2055,0,0,0,0,6.8380,-13.0435,0
tpcds_26,i_item_sk,0,0,0,6.2055,0,0,0,0,6.8602,-13.0657,0
tpcds_26,i_item_sk,0,0,0,6.2055,0,0,0,0,6.8695,-13.0750,0
tpcds_26,i_item_sk,0,0,0,6.2055,0,0,0,0,6.8749,-13.0804,0
tpcds_26,i_item_sk,0,0,0,6.2055,0,0,0,0,6.9201,-13.1256,0
tpcds_26,i_item_sk,0,0,0,6.2055,0,0,0,0,6.9148,-13.1203,0
tpcds_26,i_item_sk,0,0,0,6.2055,0,0,0,0,6.9249,-13.1304,0
tpcds_26,i_item_sk,0,0,0,6.2055,0,0,0,0,6.9380,-13.1435,0
tpcds_26,i_item_sk,0,0,0,6.2055,1,8192,0,8192,6.9514,-4.9649,0
tpcds_26,i_item_sk,0,0,0,6.2055,0,0,0,0,6.9395,-13.1450,0
tpcds_26,i_item_sk,0,0,0,6.2055,0,0,0,0,6.9592,-13.1647,0
tpcds_26,i_item_sk,0,0,0,6.2055,0,0,0,0,6.9598,-13.1653,0
tpcds_26,i_item_sk,0,0,0,6.2055,0,0,0,0,6.9678,-13.1733,0
tpcds_26,i_item_sk,0,0,0,6.2055,1,8192,0,8192,7.0018,-5.0153,0
tpcds_26,i_item_sk,0,0,0,6.2055,1,1616,0,1616,7.0307,-11.6202,0
tpcds_26,p_promo_sk,0,0,0,8.3569,0,0,0,0,4.2201,-12.5770,0
tpcds_26,p_promo_sk,0,0,0,8.3569,0,0,0,0,4.2357,-12.5926,0
tpcds_26,p_promo_sk,0,0,0,8.3569,0,0,0,0,4.2383,-12.5952,0
tpcds_26,p_promo_sk,0,0,0,8.3569,0,0,0,0,4.2620,-12.6189,0
tpcds_26,p_promo_sk,0,0,0,8.3569,0,0,0,0,4.3039,-12.6607,0
tpcds_26,p_promo_sk,0,0,0,8.3569,0,0,0,0,4.2770,-12.6339,0
tpcds_26,p_promo_sk,0,0,0,8.3569,0,0,0,0,4.2750,-12.6319,0
tpcds_26,p_promo_sk,0,0,0,8.3569,0,0,0,0,4.2825,-12.6394,0
tpcds_26,p_promo_sk,0,0,0,8.3569,0,0,0,0,4.2900,-12.6469,0
tpcds_26,p_promo_sk,0,0,0,8.3569,0,0,0,0,4.3125,-12.6694,0
tpcds_26,p_promo_sk,0,0,0,8.3569,0,0,0,0,4.3092,-12.6661,0
tpcds_26,p_promo_sk,0,0,0,8.3569,0,0,0,0,4.3186,-12.6755,0
tpcds_26,p_promo_sk,0,0,0,8.3569,0,0,0,0,4.3078,-12.6647,0
tpcds_26,p_promo_sk,0,0,0,8.3569,0,0,0,0,4.3357,-12.6925,0
tpcds_26,p_promo_sk,0,0,0,8.3569,0,0,0,0,4.3165,-12.6734,0
tpcds_26,p_promo_sk,0,0,0,8.3569,1,299,0,299,4.3482,-12.4061,0
tpcds_27,d_date_sk,0,0,0,1.2742,0,0,0,0,0.0489,-1.3231,0
tpcds_27,d_date_sk,0,0,0,1.2742,0,0,0,0,0.0349,-1.3091,0
tpcds_27,d_date_sk,0,0,0,1.2742,0,0,0,0,0.0906,-1.3648,0
tpcds_27,d_date_sk,0,0,0,1.2742,0,0,0,0,0.0996,-1.3738,0
tpcds_27,d_date_sk,0,0,0,1.2742,0,0,0,0,0.0776,-1.3518,0
tpcds_27,d_date_sk,0,0,0,1.2742,0,0,0,0,0.0874,-1.3616,0
tpcds_27,d_date_sk,0,0,0,1.2742,0,0,0,0,0.0780,-1.3522,0
tpcds_27,d_date_sk,0,0,0,1.2742,0,0,0,0,0.1126,-1.3868,0
tpcds_27,d_date_sk,0,0,0,1.2742,0,0,0,0,0.0853,-1.3595,0
tpcds_27,d_date_sk,0,0,0,1.2742,0,0,0,0,0.1160,-1.3902,0
tpcds_27,d_date_sk,0,0,0,1.2742,0,0,0,0,0.1343,-1.4086,0
tpcds_27,d_date_sk,0,0,0,1.2742,0,0,0,0,0.0932,-1.3674,0
tpcds_27,d_date_sk,0,0,0,1.2742,0,0,0,0,0.1298,-1.4041,0
tpcds_27,d_date_sk,0,0,0,1.2742,0,0,0,0,0.0957,-1.3699,0
tpcds_27,d_date_sk,0,0,0,1.2742,0,0,0,0,0.1053,-1.3795,0
tpcds_27,d_date_sk,0,0,0,1.2742,0,0,0,0,0.1358,-1.4100,0
tpcds_27,s_store_sk,0,0,0,1.4866,0,0,0,0,0.0782,-1.5648,0
tpcds_27,s_store_sk,0,0,0,1.4866,0,0,0,0,0.0669,-1.5535,0
tpcds_27,s_store_sk,0,0,0,1.4866,0,0,0,0,0.0685,-1.5551,0
tpcds_27,s_store_sk,0,0,0,1.4866,0,0,0,0,0.0688,-1.5555,0
tpcds_27,s_store_sk,0,0,0,1.4866,0,0,0,0,0.0788,-1.5654,0
tpcds_27,s_store_sk,0,0,0,1.4866,0,0,0,0,0.1069,-1.5935,0
tpcds_27,s_store_sk,0,0,0,1.4866,0,0,0,0,0.1054,-1.5920,0
tpcds_27,s_store_sk,0,0,0,1.4866,0,0,0,0,0.1276,-1.6143,0
tpcds_27,s_store_sk,0,0,0,1.4866,0,0,0,0,0.1166,-1.6032,0
tpcds_27,s_store_sk,0,0,0,1.4866,0,0,0,0,0.0913,-1.5779,0
tpcds_27,s_store_sk,0,0,0,1.4866,0,0,0,0,0.1006,-1.5872,0
tpcds_27,s_store_sk,0,0,0,1.4866,0,0,0,0,0.1290,-1.6156,0
tpcds_27,s_store_sk,0,0,0,1.4866,0,0,0,0,0.1300,-1.6166,0
tpcds_27,s_store_sk,0,0,0,1.4866,0,0,0,0,0.1163,-1.6029,0
tpcds_27,s_store_sk,0,0,0,1.4866,0,0,0,0,0.1386,-1.6252,0
tpcds_27,s_store_sk,0,0,0,1.4866,0,0,0,0,0.1173,-1.6039,0
tpcds_27,i_item_sk,0,0,0,0.6076,0,0,0,0,2.0363,-2.6440,0
tpcds_27,i_item_sk,0,0,0,0.6076,0,0,0,0,2.0570,-2.6646,0
tpcds_27,i_item_sk,0,0,0,0.6076,0,0,0,0,2.0762,-2.6838,0
tpcds_27,i_item_sk,0,0,0,0.6076,0,0,0,0,2.0925,-2.7002,0
tpcds_27,i_item_sk,0,0,0,0.6076,0,0,0,0,2.0858,-2.6934,0
tpcds_27,i_item_sk,0,0,0,0.6076,0,0,0,0,2.1001,-2.7078,0
tpcds_27,i_item_sk,0,0,0,0.6076,0,0,0,0,2.1099,-2.7175,0
tpcds_27,i_item_sk,0,0,0,0.6076,0,0,0,0,2.1323,-2.7400,0
tpcds_27,i_item_sk,0,0,0,0.6076,0,0,0,0,2.1245,-2.7321,0
tpcds_27,i_item_sk,0,0,0,0.6076,1,8192,0,8192,2.1429,5.4414,1
tpcds_27,i_item_sk,0,0,0,0.6076,0,0,0,0,2.1637,-2.7713,0
tpcds_27,i_item_sk,0,0,0,0.6076,1,8192,0,8192,2.1722,5.4121,1
tpcds_27,i_item_sk,0,0,0,0.6076,0,0,0,0,2.1815,-2.7892,0
tpcds_27,i_item_sk,0,0,0,0.6076,0,0,0,0,2.1888,-2.7965,0
tpcds_27,i_item_sk,0,0,0,0.6076,0,0,0,0,2.1973,-2.8050,0
tpcds_27,i_item_sk,0,0,0,0.6076,1,1616,0,1616,2.2045,-1.1962,0
tpcds_29,ss_sold_date_sk,0,0,0,3.7194,0,0,0,0,1150.2107,-1153.9301,0
tpcds_29,ss_sold_date_sk,0,0,0,3.7194,0,0,0,0,1150.0739,-1153.7933,0
tpcds_29,ss_sold_date_sk,0,0,0,3.7194,0,0,0,0,1150.2071,-1153.9265,0
tpcds_29,ss_sold_date_sk,0,0,0,3.7194,0,0,0,0,1150.1427,-1153.8622,0
tpcds_29,ss_sold_date_sk,0,0,0,3.7194,0,0,0,0,1150.1981,-1153.9175,0
tpcds_29,ss_sold_date_sk,0,0,0,3.7194,0,0,0,0,1150.1737,-1153.8931,0
tpcds_29,ss_sold_date_sk,0,0,0,3.7194,0,0,0,0,1150.3107,-1154.0301,0
tpcds_29,ss_sold_date_sk,0,0,0,3.7194,0,0,0,0,1150.2267,-1153.9461,0
tpcds_29,ss_sold_date_sk,0,0,0,3.7194,0,0,0,0,1150.2009,-1153.9203,0
tpcds_29,ss_sold_date_sk,0,0,0,3.7194,0,0,0,0,1150.1480,-1153.8675,0
tpcds_29,ss_sold_date_sk,0,0,0,3.7194,0,0,0,0,1150.3246,-1154.0440,0
tpcds_29,ss_sold_date_sk,0,0,0,3.7194,0,0,0,0,1150.2005,-1153.9200,0
tpcds_29,ss_sold_date_sk,0,0,0,3.7194,0,0,0,0,1150.2768,-1153.9962,0
tpcds_29,ss_sold_date_sk,0,0,0,3.7194,0,0,0,0,1150.4271,-1154.1466,0
tpcds_29,ss_sold_date_sk,0,0,0,3.7194,0,0,0,0,1150.0659,-1153.7853,0
tpcds_29,ss_sold_date_sk,0,0,0,3.7194,0,0,0,0,1150.3006,-1154.0201,0
tpcds_29,d_date_sk,0,0,0,1154.4927,0,0,0,0,0.1169,-1154.6095,0
tpcds_29,d_date_sk,0,0,0,1154.4927,0,0,0,0,0.1473,-1154.6400,0
tpcds_29,d_date_sk,0,0,0,1154.4927,0,0,0,0,0.1624,-1154.6551,0
tpcds_29,d_date_sk,0,0,0,1154.4927,0,0,0,0,0.1719,-1154.6645,0
tpcds_29,d_date_sk,0,0,0,1154.4927,0,0,0,0,0.1677,-1154.6604,0
tpcds_29,d_date_sk,0,0,0,1154.4927,0,0,0,0,0.1604,-1154.6531,0
tpcds_29,d_date_sk,0,0,0,1154.4927,0,0,0,0,0.1728,-1154.6655,0
tpcds_29,d_date_sk,0,0,0,1154.4927,0,0,0,0,0.1780,-1154.6707,0
tpcds_29,d_date_sk,0,0,0,1154.4927,0,0,0,0,0.1616,-1154.6543,0
tpcds_29,d_date_sk,0,0,0,1154.4927,0,0,0,0,0.1839,-1154.6766,0
tpcds_29,d_date_sk,0,0,0,1154.4927,0,0,0,0,0.2021,-1154.6948,0
tpcds_29,d_date_sk,0,0,0,1154.4927,0,0,0,0,0.1977,-1154.6903,0
tpcds_29,d_date_sk,0,0,0,1154.4927,0,0,0,0,0.2079,-1154.7006,0
tpcds_29,d_date_sk,0,0,0,1154.4927,0,0,0,0,0.2356,-1154.7283,0
tpcds_29,d_date_sk,0,0,0,1154.4927,0,0,0,0,0.1920,-1154.6847,0
tpcds_29,d_date_sk,0,0,0,1154.4927,0,0,0,0,0.2375,-1154.7302,0
tpcds_29,d_date_sk,0,0,0,1153.1184,0,0,0,0,0.0893,-1153.2077,0
tpcds_29,d_date_sk,0,0,0,1153.1184,0,0,0,0,0.0887,-1153.2071,0
tpcds_29,d_date_sk,0,0,0,1153.1184,0,0,0,0,0.1387,-1153.2571,0
tpcds_29,d_date_sk,0,0,0,1153.1184,0,0,0,0,0.1169,-1153.2353,0
tpcds_29,d_date_sk,0,0,0,1153.1184,0,0,0,0,0.1143,-1153.2327,0
tpcds_29,d_date_sk,0,0,0,1153.1184,0,0,0,0,0.1284,-1153.2467,0
tpcds_29,d_date_sk,0,0,0,1153.1184,0,0,0,0,0.1281,-1153.2464,0
tpcds_29,d_date_sk,0,0,0,1153.1184,0,0,0,0,0.1330,-1153.2513,0
tpcds_29,d_date_sk,0,0,0,1153.1184,0,0,0,0,0.1349,-1153.2533,0
tpcds_29,d_date_sk,0,0,0,1153.1184,0,0,0,0,0.1320,-1153.2504,0
tpcds_29,d_date_sk,0,0,0,1153.1184,0,0,0,0,0.1417,-1153.2600,0
tpcds_29,d_date_sk,0,0,0,1153.1184,0,0,0,0,0.1459,-1153.2643,0
tpcds_29,d_date_sk,0,0,0,1153.1184,0,0,0,0,0.1342,-1153.2526,0
tpcds_29,d_date_sk,0,0,0,1153.1184,0,0,0,0,0.1500,-1153.2683,0
tpcds_29,d_date_sk,0,0,0,1153.1184,0,0,0,0,0.1518,-1153.2702,0
tpcds_29,d_date_sk,0,0,0,1153.1184,0,0,0,0,0.1377,-1153.2561,0
tpcds_29,s_store_sk,0,0,0,1152.6205,1,12,0,12,6.4328,-1159.0413,0
tpcds_29,i_item_sk,0,0,0,1159.1481,0,0,0,0,5.6437,-1164.7918,0
tpcds_29,i_item_sk,0,0,0,1159.1481,1,8192,0,8192,5.6826,-1156.6386,0
tpcds_29,i_item_sk,0,0,0,1159.1481,0,0,0,0,5.6221,-1164.7702,0
tpcds_29,i_item_sk,0,0,0,1159.1481,0,0,0,0,5.6173,-1164.7654,0
tpcds_29,i_item_sk,0,0,0,1159.1481,0,0,0,0,5.7247,-1164.8728,0
tpcds_29,i_item_sk,0,0,0,1159.1481,0,0,0,0,5.6768,-1164.8248,0
tpcds_29,i_item_sk,0,0,0,1159.1481,0,0,0,0,5.6797,-1164.8278,0
tpcds_29,i_item_sk,0,0,0,1159.1481,0,0,0,0,5.6537,-1164.8018,0
tpcds_29,i_item_sk,0,0,0,1159.1481,0,0,0,0,5.6585,-1164.8066,0
tpcds_29,i_item_sk,0,0,0,1159.1481,0,0,0,0,5.6722,-1164.8203,0
tpcds_29,i_item_sk,0,0,0,1159.1481,0,0,0,0,5.6793,-1164.8273,0
tpcds_29,i_item_sk,0,0,0,1159.1481,1,8192,0,8192,5.6836,-1156.6396,0
tpcds_29,i_item_sk,0,0,0,1159.1481,1,1616,0,1616,5.7061,-1163.2381,0
tpcds_29,i_item_sk,0,0,0,1159.1481,0,0,0,0,5.7069,-1164.8550,0
tpcds_29,i_item_sk,0,0,0,1159.1481,0,0,0,0,5.7377,-1164.8857,0
tpcds_29,i_item_sk,0,0,0,1159.1481,0,0,0,0,5.7806,-1164.9287,0
tpcds_30,wr_returned_date_sk,0,0,0,0.5819,0,0,0,0,29.9340,-30.5159,0
tpcds_30,wr_returned_date_sk,0,0,0,0.5819,0,0,0,0,29.9766,-30.5584,0
tpcds_30,wr_returned_date_sk,0,0,0,0.5819,0,0,0,0,29.9987,-30.5805,0
tpcds_30,wr_returned_date_sk,0,0,0,0.5819,1,8192,7838,354,29.9789,-30.2068,0
tpcds_30,wr_returned_date_sk,0,0,0,0.5819,1,8192,7842,350,30.0018,-30.2337,0
tpcds_30,wr_returned_date_sk,0,0,0,0.5819,1,8192,7790,402,30.0059,-30.1857,0
tpcds_30,wr_returned_date_sk,0,0,0,0.5819,1,8192,7828,364,29.9998,-30.2177,0
tpcds_30,wr_returned_date_sk,0,0,0,0.5819,0,0,0,0,30.0191,-30.6010,0
tpcds_30,wr_returned_date_sk,0,0,0,0.5819,1,8192,7856,336,30.0064,-30.2522,0
tpcds_30,wr_returned_date_sk,0,0,0,0.5819,0,0,0,0,30.0456,-30.6275,0
tpcds_30,wr_returned_date_sk,0,0,0,0.5819,1,8192,7819,373,30.0366,-30.2455,0
tpcds_30,wr_returned_date_sk,0,0,0,0.5819,0,0,0,0,30.0438,-30.6256,0
tpcds_30,wr_returned_date_sk,0,0,0,0.5819,1,8192,7793,399,30.0729,-30.2558,0
tpcds_30,wr_returned_date_sk,0,0,0,0.5819,0,0,0,0,30.0680,-30.6499,0
tpcds_30,wr_returned_date_sk,0,0,0,0.4622,0,0,0,0,28.6836,-29.1458,0
tpcds_30,wr_returned_date_sk,0,0,0,0.5819,1,6227,5959,268,30.2013,-30.5152,0
tpcds_30,wr_returned_date_sk,0,0,0,0.4622,1,8192,7856,336,28.8255,-28.9517,0
tpcds_30,wr_returned_date_sk,0,0,0,0.4622,0,0,0,0,28.7464,-29.2086,0
tpcds_30,wr_returned_date_sk,0,0,0,0.4622,1,8192,7790,402,28.7557,-28.8158,0
tpcds_30,wr_returned_date_sk,0,0,0,0.4622,0,0,0,0,28.7732,-29.2354,0
tpcds_30,wr_returned_date_sk,0,0,0,0.5819,1,8192,7844,348,30.2440,-30.4779,0
tpcds_30,wr_returned_date_sk,0,0,0,0.4622,1,8192,7842,350,28.8313,-28.9435,0
tpcds_30,wr_returned_date_sk,0,0,0,0.4622,1,8192,7828,364,28.7755,-28.8736,0
tpcds_30,wr_returned_date_sk,0,0,0,0.4622,0,0,0,0,28.8349,-29.2971,0
tpcds_30,wr_returned_date_sk,0,0,0,0.4622,1,8192,7793,399,28.7975,-28.8607,0
tpcds_30,wr_returned_date_sk,0,0,0,0.4622,0,0,0,0,28.8623,-29.3245,0
tpcds_30,wr_returned_date_sk,0,0,0,0.4622,0,0,0,0,28.7948,-29.2570,0
tpcds_30,wr_returned_date_sk,0,0,0,0.4622,1,8192,7838,354,28.8183,-28.9265,0
tpcds_30,wr_returned_date_sk,0,0,0,0.4622,1,8192,7819,373,28.8290,-28.9182,0
tpcds_30,wr_returned_date_sk,0,0,0,0.4622,0,0,0,0,28.8362,-29.2983,0
tpcds_30,wr_returned_date_sk,0,0,0,0.4622,1,6227,5959,268,28.9514,-29.1456,0
tpcds_30,wr_returned_date_sk,0,0,0,0.4622,1,8192,7844,348,29.2850,-29.3991,0
tpcds_30,ca_address_sk,0,0,0,30.1287,0,0,0,0,5.9476,-36.0763,0
tpcds_30,ca_address_sk,0,0,0,30.1287,0,0,0,0,5.9284,-36.0571,0
tpcds_30,ca_address_sk,0,0,0,30.1287,1,8192,0,8192,5.9642,-27.9008,0
tpcds_30,ca_address_sk,0,0,0,30.1287,0,0,0,0,6.0105,-36.1392,0
tpcds_30,ca_address_sk,0,0,0,30.1287,0,0,0,0,5.9945,-36.1231,0
tpcds_30,ca_address_sk,0,0,0,30.1287,1,8192,0,8192,6.0067,-27.9434,0
tpcds_30,ca_address_sk,0,0,0,30.1287,1,848,0,848,5.9977,-35.2784,0
tpcds_30,ca_address_sk,0,0,0,30.1287,0,0,0,0,6.0151,-36.1437,0
tpcds_30,ca_address_sk,0,0,0,30.1287,1,8192,0,8192,6.0187,-27.9554,0
tpcds_30,ca_address_sk,0,0,0,30.1287,1,8192,0,8192,6.0219,-27.9585,0
tpcds_30,ca_address_sk,0,0,0,30.1287,1,8192,0,8192,6.0196,-27.9562,0
tpcds_30,ca_address_sk,0,0,0,30.1287,0,0,0,0,6.0231,-36.1518,0
tpcds_30,ca_address_sk,0,0,0,30.1287,0,0,0,0,6.0418,-36.1705,0
tpcds_30,ca_address_sk,0,0,0,30.1287,0,0,0,0,6.0520,-36.1807,0
tpcds_30,ca_address_sk,0,0,0,30.1287,0,0,0,0,6.0491,-36.1778,0
tpcds_30,ca_address_sk,0,0,0,30.1287,1,8192,0,8192,6.0832,-28.0199,0
tpcds_30,c_customer_sk,0,0,0,37.4235,1,8192,0,8192,68.7791,-98.0106,0
tpcds_30,c_customer_sk,0,0,0,37.4235,1,8192,0,8192,68.7857,-98.0171,0
tpcds_30,c_customer_sk,0,0,0,37.4235,0,0,0,0,68.7745,-106.1980,0
tpcds_30,c_customer_sk,0,0,0,37.4235,1,8192,0,8192,68.8274,-98.0589,0
tpcds_30,c_customer_sk,0,0,0,37.4235,1,8192,0,8192,68.8518,-98.0832,0
tpcds_30,c_customer_sk,0,0,0,37.4235,1,8192,0,8192,68.8368,-98.0682,0
tpcds_30,c_customer_sk,0,0,0,37.4235,0,0,0,0,68.8427,-106.2662,0
tpcds_30,c_customer_sk,0,0,0,37.4235,1,8192,0,8192,68.8586,-98.0901,0
tpcds_30,c_customer_sk,0,0,0,37.4235,1,8192,0,8192,68.8837,-98.1152,0
tpcds_30,c_customer_sk,0,0,0,37.4235,1,8192,0,8192,68.8741,-98.1055,0
tpcds_30,c_customer_sk,0,0,0,37.4235,1,8192,0,8192,68.8849,-98.1163,0
tpcds_30,c_customer_sk,0,0,0,37.4235,0,0,0,0,68.8832,-106.3066,0
tpcds_30,c_customer_sk,0,0,0,37.4235,1,8192,0,8192,68.8749,-98.1063,0
tpcds_30,c_customer_sk,0,0,0,37.4235,1,8192,0,8192,68.9152,-98.1467,0
tpcds_30,c_customer_sk,0,0,0,37.4235,1,8192,0,8192,68.8931,-98.1246,0
tpcds_30,c_customer_sk,0,0,0,37.4235,1,1696,0,1696,69.7116,-105.4391,0
tpcds_30,ca_address_sk,0,0,0,107.2893,0,0,0,0,0.1059,-107.3952,0
tpcds_30,ca_address_sk,0,0,0,107.2893,0,0,0,0,0.1382,-107.4275,0
tpcds_30,ca_address_sk,0,0,0,107.2893,0,0,0,0,0.1492,-107.4384,0
tpcds_30,ca_address_sk,0,0,0,107.2893,0,0,0,0,0.1508,-107.4400,0
tpcds_30,ca_address_sk,0,0,0,107.2893,0,0,0,0,0.1657,-107.4550,0
tpcds_30,ca_address_sk,0,0,0,107.2893,0,0,0,0,0.1908,-107.4801,0
tpcds_30,ca_address_sk,0,0,0,107.2893,0,0,0,0,0.1567,-107.4460,0
tpcds_30,ca_address_sk,0,0,0,107.2893,0,0,0,0,0.1523,-107.4416,0
tpcds_30,ca_address_sk,0,0,0,107.2893,0,0,0,0,0.1754,-107.4646,0
tpcds_30,ca_address_sk,0,0,0,107.2893,0,0,0,0,0.1878,-107.4770,0
tpcds_30,ca_address_sk,0,0,0,107.2893,0,0,0,0,0.1889,-107.4781,0
tpcds_30,ca_address_sk,0,0,0,107.2893,0,0,0,0,0.1722,-107.4615,0
tpcds_30,ca_address_sk,0,0,0,107.2893,0,0,0,0,0.1869,-107.4762,0
tpcds_30,ca_address_sk,0,0,0,107.2893,0,0,0,0,0.1867,-107.4760,0
tpcds_30,ca_address_sk,0,0,0,107.2893,0,0,0,0,0.1677,-107.4570,0
tpcds_30,ca_address_sk,0,0,0,107.2893,0,0,0,0,0.1971,-107.4864,0
tpcds_30,ca_address_sk,0,0,0,0.0068,1,8192,0,8192,9.9205,-1.7353,0
tpcds_30,ca_address_sk,0,0,0,0.0068,1,8192,0,8192,9.9415,-1.7563,0
tpcds_30,ca_address_sk,0,0,0,0.0068,1,8192,0,8192,9.8911,-1.7059,0
tpcds_30,ca_address_sk,0,0,0,0.0068,0,0,0,0,9.9155,-9.9223,0
tpcds_30,ca_address_sk,0,0,0,0.0068,0,0,0,0,9.9430,-9.9498,0
tpcds_30,ca_address_sk,0,0,0,0.0068,0,0,0,0,9.9383,-9.9451,0
tpcds_30,ca_address_sk,0,0,0,0.0068,0,0,0,0,10.0103,-10.0171,0
tpcds_30,ca_address_sk,0,0,0,0.0068,0,0,0,0,9.9691,-9.9759,0
tpcds_30,ca_address_sk,0,0,0,0.0068,0,0,0,0,10.0175,-10.0243,0
tpcds_30,ca_address_sk,0,0,0,0.0068,1,8192,0,8192,9.9893,-1.8041,0
tpcds_30,ca_address_sk,0,0,0,0.0068,1,8192,0,8192,10.0293,-1.8441,0
tpcds_30,ca_address_sk,0,0,0,0.0068,1,8192,0,8192,10.0092,-1.8240,0
tpcds_30,ca_address_sk,0,0,0,0.0068,0,0,0,0,10.0672,-10.0741,0
tpcds_30,ca_address_sk,0,0,0,0.0068,0,0,0,0,10.0020,-10.0088,0
tpcds_30,ca_address_sk,0,0,0,0.0068,0,0,0,0,10.0411,-10.0479,0
tpcds_30,ca_address_sk,0,0,0,0.0068,1,848,0,848,10.0609,-9.2197,0
tpcds_30,ctr_state,0,0,0,107.1532,0,0,0,0,10.4613,-117.6145,0
tpcds_30,ctr_state,0,0,0,107.1532,0,0,0,0,10.3499,-117.5031,0
tpcds_30,ctr_state,0,0,0,107.1532,0,0,0,0,10.4868,-117.6400,0
tpcds_30,ctr_state,0,0,0,107.1532,0,0,0,0,10.3825,-117.5357,0
tpcds_30,ctr_state,0,0,0,107.1532,0,0,0,0,10.6762,-117.8294,0
tpcds_30,ctr_state,0,0,0,107.1532,0,0,0,0,10.4815,-117.6347,0
tpcds_30,ctr_state,0,0,0,107.1532,0,0,0,0,10.5324,-117.6856,0
tpcds_30,ctr_state,0,0,0,107.1532,0,0,0,0,10.4084,-117.5616,0
tpcds_30,ctr_state,0,0,0,107.1532,0,0,0,0,10.4706,-117.6238,0
tpcds_30,ctr_state,0,0,0,107.1532,0,0,0,0,10.4205,-117.5737,0
tpcds_30,ctr_state,0,0,0,107.1532,0,0,0,0,10.4413,-117.5945,0
tpcds_30,ctr_state,0,0,0,107.1532,0,0,0,0,10.4219,-117.5751,0
tpcds_30,ctr_state,0,0,0,107.1532,0,0,0,0,10.4323,-117.5855,0
tpcds_30,ctr_state,0,0,0,107.1532,0,0,0,0,10.4435,-117.5967,0
tpcds_30,ctr_state,0,0,0,107.1532,0,0,0,0,10.5885,-117.7417,0
tpcds_30,ctr_state,0,0,0,107.1532,0,0,0,0,10.4409,-117.5941,0
tpcds_31,ws_sold_date_sk,0,0,0,0.9785,0,0,0,0,0.1077,-1.0862,0
tpcds_31,ss_sold_date_sk,0,0,0,1.6064,0,0,0,0,0.0777,-1.6841,0
tpcds_31,ws_sold_date_sk,0,0,0,0.9785,0,0,0,0,0.4369,-1.4154,0
tpcds_31,ws_sold_date_sk,0,0,0,0.9785,0,0,0,0,0.0428,-1.0213,0
tpcds_31,ss_sold_date_sk,0,0,0,1.6064,0,0,0,0,0.0374,-1.6437,0
tpcds_31,ws_sold_date_sk,0,0,0,0.9785,0,0,0,0,0.0439,-1.0224,0
tpcds_31,ss_sold_date_sk,0,0,0,1.6064,0,0,0,0,0.0298,-1.6361,0
tpcds_31,ws_sold_date_sk,0,0,0,0.9785,0,0,0,0,0.0376,-1.0161,0
tpcds_31,ss_sold_date_sk,0,0,0,1.6064,0,0,0,0,0.0274,-1.6338,0
tpcds_31,ws_sold_date_sk,0,0,0,0.9785,0,0,0,0,0.0331,-1.0117,0
tpcds_31,ss_sold_date_sk,0,0,0,1.6064,0,0,0,0,0.0237,-1.6300,0
tpcds_31,ws_sold_date_sk,0,0,0,0.9785,0,0,0,0,0.0319,-1.0105,0
tpcds_31,ws_sold_date_sk,0,0,0,0.9785,0,0,0,0,0.0318,-1.0103,0
tpcds_31,ws_sold_date_sk,0,0,0,0.2756,0,0,0,0,0.0797,-0.3554,0
tpcds_31,ss_sold_date_sk,0,0,0,1.6064,0,0,0,0,0.0373,-1.6436,0
tpcds_31,ws_sold_date_sk,0,0,0,0.9785,0,0,0,0,0.0404,-1.0189,0
tpcds_31,ss_sold_date_sk,0,0,0,1.6064,0,0,0,0,0.0304,-1.6367,0
tpcds_31,ws_sold_date_sk,0,0,0,0.9785,0,0,0,0,0.0342,-1.0127,0
tpcds_31,ss_sold_date_sk,0,0,0,1.6064,0,0,0,0,0.0692,-1.6756,0
tpcds_31,ws_sold_date_sk,0,0,0,0.2756,0,0,0,0,0.0662,-0.3418,0
tpcds_31,ws_sold_date_sk,0,0,0,0.9785,0,0,0,0,0.0291,-1.0076,0
tpcds_31,ss_sold_date_sk,0,0,0,1.6064,0,0,0,0,0.0308,-1.6371,0
tpcds_31,ss_sold_date_sk,0,0,0,1.6064,0,0,0,0,0.0362,-1.6425,0
tpcds_31,ws_sold_date_sk,0,0,0,0.2756,0,0,0,0,0.0593,-0.3349,0
tpcds_31,ss_sold_date_sk,0,0,0,1.6064,0,0,0,0,0.0267,-1.6330,0
tpcds_31,ws_sold_date_sk,0,0,0,0.9785,0,0,0,0,0.0645,-1.0430,0
tpcds_31,ws_sold_date_sk,0,0,0,0.9785,0,0,0,0,0.0556,-1.0341,0
tpcds_31,ws_sold_date_sk,0,0,0,0.9785,0,0,0,0,0.0546,-1.0331,0
tpcds_31,ws_sold_date_sk,0,0,0,0.9785,0,0,0,0,0.0411,-1.0197,0
tpcds_31,ss_sold_date_sk,0,0,0,0.8919,0,0,0,0,0.0735,-0.9654,0
tpcds_31,ss_sold_date_sk,0,0,0,0.8919,0,0,0,0,0.0656,-0.9575,0
tpcds_31,ss_sold_date_sk,0,0,0,0.8919,0,0,0,0,0.0600,-0.9519,0
tpcds_31,ss_sold_date_sk,0,0,0,0.8919,0,0,0,0,0.4819,-1.3738,0
tpcds_31,ss_sold_date_sk,0,0,0,0.8919,0,0,0,0,0.0659,-0.9578,0
tpcds_31,ss_sold_date_sk,0,0,0,0.8919,0,0,0,0,0.6766,-1.5685,0
tpcds_31,ss_sold_date_sk,0,0,0,0.8919,0,0,0,0,0.0563,-0.9482,0
tpcds_31,ss_sold_date_sk,0,0,0,0.8919,0,0,0,0,0.0845,-0.9764,0
tpcds_31,ss_sold_date_sk,0,0,0,0.8919,0,0,0,0,0.0803,-0.9722,0
tpcds_31,ss_sold_date_sk,0,0,0,0.8919,0,0,0,0,0.0366,-0.9285,0
tpcds_31,ss_sold_date_sk,0,0,0,0.8919,0,0,0,0,0.0268,-0.9187,0
tpcds_31,ss_sold_date_sk,0,0,0,0.8919,0,0,0,0,0.0263,-0.9183,0
tpcds_31,ss_sold_date_sk,0,0,0,0.8919,0,0,0,0,0.0505,-0.9424,0
tpcds_31,ss_sold_date_sk,0,0,0,3.4218,0,0,0,0,0.0607,-3.4826,0
tpcds_31,ss_sold_date_sk,0,0,0,3.4218,0,0,0,0,0.0671,-3.4889,0
tpcds_31,ss_sold_date_sk,0,0,0,3.4218,0,0,0,0,0.0749,-3.4967,0
tpcds_31,ss_sold_date_sk,0,0,0,3.4218,0,0,0,0,0.0320,-3.4538,0
tpcds_31,ss_sold_date_sk,0,0,0,3.4218,0,0,0,0,0.0355,-3.4573,0
tpcds_31,ss_sold_date_sk,0,0,0,3.4218,0,0,0,0,0.0297,-3.4515,0
tpcds_31,ss_sold_date_sk,0,0,0,3.4218,0,0,0,0,0.0302,-3.4520,0
tpcds_31,ss_sold_date_sk,0,0,0,3.4218,0,0,0,0,0.0301,-3.4519,0
tpcds_31,ss_sold_date_sk,0,0,0,3.4218,0,0,0,0,0.0280,-3.4498,0
tpcds_31,ss_sold_date_sk,0,0,0,3.4218,0,0,0,0,0.0610,-3.4828,0
tpcds_31,ss_sold_date_sk,0,0,0,3.4218,0,0,0,0,0.1011,-3.5230,0
tpcds_31,ss_sold_date_sk,0,0,0,3.4218,0,0,0,0,0.4468,-3.8686,0
tpcds_31,ws_sold_date_sk,0,0,0,0.2270,0,0,0,0,0.0705,-0.2975,0
tpcds_31,ss_sold_date_sk,0,0,0,3.4218,0,0,0,0,0.0487,-3.4706,0
tpcds_31,ws_sold_date_sk,0,0,0,0.2270,0,0,0,0,0.0680,-0.2951,0
tpcds_31,ws_sold_date_sk,0,0,0,0.2270,0,0,0,0,0.0357,-0.2628,0
tpcds_31,ws_sold_date_sk,0,0,0,0.2270,0,0,0,0,0.0396,-0.2667,0
tpcds_31,ws_sold_date_sk,0,0,0,0.2270,0,0,0,0,0.0381,-0.2652,0
tpcds_31,ws_sold_date_sk,0,0,0,0.2270,0,0,0,0,0.0314,-0.2585,0
tpcds_31,ws_sold_date_sk,0,0,0,0.2270,0,0,0,0,0.0319,-0.2590,0
tpcds_31,ws_sold_date_sk,0,0,0,0.2270,0,0,0,0,0.0732,-0.3002,0
tpcds_31,ws_sold_date_sk,0,0,0,0.2270,0,0,0,0,0.0353,-0.2623,0
tpcds_31,ws_sold_date_sk,0,0,0,0.2270,0,0,0,0,0.0321,-0.2591,0
tpcds_31,ws_sold_date_sk,0,0,0,0.2270,0,0,0,0,0.0356,-0.2627,0
tpcds_31,ws_sold_date_sk,0,0,0,0.2270,0,0,0,0,0.0288,-0.2558,0
tpcds_31,ws_sold_date_sk,0,0,0,0.2270,0,0,0,0,0.0609,-0.2879,0
tpcds_31,ws_sold_date_sk,0,0,0,0.2270,0,0,0,0,0.0402,-0.2673,0
tpcds_31,ws_sold_date_sk,0,0,0,0.2756,88,719384,719197,187,150.6660,-150.7546,0
tpcds_31,ws_sold_date_sk,0,0,0,0.9785,88,719384,719197,187,152.7075,-153.4990,0
tpcds_31,ws_sold_date_sk,0,0,0,0.2270,88,719384,719197,187,154.3564,-154.3965,0
tpcds_31,ca_address_sk,0,0,0,154.1879,1,8192,0,8192,6.0921,-152.0880,0
tpcds_31,ca_address_sk,0,0,0,154.1879,1,8192,0,8192,6.1175,-152.1134,0
tpcds_31,ca_address_sk,0,0,0,154.1879,0,0,0,0,6.0959,-160.2839,0
tpcds_31,ca_address_sk,0,0,0,154.1879,1,8192,0,8192,6.1330,-152.1290,0
tpcds_31,ca_address_sk,0,0,0,154.1879,0,0,0,0,6.2246,-160.4126,0
tpcds_31,ca_address_sk,0,0,0,154.1879,0,0,0,0,6.1995,-160.3875,0
tpcds_31,ca_address_sk,0,0,0,154.1879,0,0,0,0,6.2237,-160.4116,0
tpcds_31,ca_address_sk,0,0,0,154.1879,0,0,0,0,6.2130,-160.4009,0
tpcds_31,ca_address_sk,0,0,0,154.1879,0,0,0,0,6.2588,-160.4468,0
tpcds_31,ca_address_sk,0,0,0,154.1879,1,8192,0,8192,6.2611,-152.2570,0
tpcds_31,ca_address_sk,0,0,0,154.1879,0,0,0,0,6.2831,-160.4710,0
tpcds_31,ca_address_sk,0,0,0,154.1879,0,0,0,0,6.2450,-160.4330,0
tpcds_31,ca_address_sk,0,0,0,154.1879,0,0,0,0,6.3048,-160.4927,0
tpcds_31,ca_address_sk,0,0,0,154.1879,1,848,0,848,6.3900,-159.7299,0
tpcds_31,ca_address_sk,0,0,0,154.1879,1,8192,0,8192,6.3832,-152.3792,0
tpcds_31,ca_address_sk,0,0,0,154.1879,1,8192,0,8192,7.5296,-153.5256,0
tpcds_31,ss_sold_date_sk,0,0,0,0.8919,96,783252,747757,35495,174.8063,-140.2032,0
tpcds_31,ss_sold_date_sk,0,0,0,3.4218,96,783252,747757,35495,173.7559,-141.6827,0
tpcds_31,ss_sold_date_sk,0,0,0,1.6064,96,783252,747757,35495,179.0288,-145.1401,0
tpcds_31,ss_sold_date_sk,0,0,0,0.8919,128,1048576,1001426,47150,205.5738,-159.3157,0
tpcds_31,ss_sold_date_sk,0,0,0,0.8919,128,1048576,1001584,46992,205.5083,-159.4082,0
tpcds_31,ss_sold_date_sk,0,0,0,1.6064,128,1048576,1001426,47150,209.9617,-164.4181,0
tpcds_31,ss_sold_date_sk,0,0,0,3.4218,128,1048576,1001584,46992,209.1391,-165.5690,0
tpcds_31,ss_sold_date_sk,0,0,0,3.4218,128,1048576,1001426,47150,210.4486,-166.7205,0
tpcds_31,ca_address_sk,0,0,0,206.5773,0,0,0,0,6.9894,-213.5667,0
tpcds_31,ca_address_sk,0,0,0,206.5773,1,8192,0,8192,6.9829,-205.3682,0
tpcds_31,ca_address_sk,0,0,0,206.5773,1,8192,0,8192,7.0033,-205.3886,0
tpcds_31,ca_address_sk,0,0,0,206.5773,0,0,0,0,7.0541,-213.6314,0
tpcds_31,ca_address_sk,0,0,0,206.5773,1,8192,0,8192,7.0125,-205.3978,0
tpcds_31,ca_address_sk,0,0,0,206.5773,1,8192,0,8192,7.0187,-205.4040,0
tpcds_31,ca_address_sk,0,0,0,206.5773,0,0,0,0,7.0289,-213.6062,0
tpcds_31,ca_address_sk,0,0,0,206.5773,0,0,0,0,7.0202,-213.5975,0
tpcds_31,ca_address_sk,0,0,0,206.5773,0,0,0,0,7.0482,-213.6255,0
tpcds_31,ca_address_sk,0,0,0,206.5773,0,0,0,0,7.0534,-213.6307,0
tpcds_31,ca_address_sk,0,0,0,206.5773,0,0,0,0,7.0442,-213.6216,0
tpcds_31,ca_address_sk,0,0,0,206.5773,0,0,0,0,7.0401,-213.6175,0
tpcds_31,ca_address_sk,0,0,0,206.5773,1,848,0,848,7.0616,-212.7909,0
tpcds_31,ca_address_sk,0,0,0,206.5773,1,8192,0,8192,7.0799,-205.4653,0
tpcds_31,ca_address_sk,0,0,0,206.5773,0,0,0,0,7.0878,-213.6651,0
tpcds_31,ca_address_sk,0,0,0,206.5773,1,8192,0,8192,7.1095,-205.4948,0
tpcds_31,ca_address_sk,0,0,0,212.6369,1,8192,0,8192,4.8935,-209.3384,0
tpcds_31,ca_address_sk,0,0,0,212.6369,1,8192,0,8192,4.8932,-209.3381,0
tpcds_31,ca_address_sk,0,0,0,212.6369,0,0,0,0,4.9209,-217.5578,0
tpcds_31,ca_address_sk,0,0,0,212.6369,0,0,0,0,4.9187,-217.5556,0
tpcds_31,ca_address_sk,0,0,0,212.6369,1,8192,0,8192,4.9166,-209.3615,0
tpcds_31,ca_address_sk,0,0,0,212.6369,1,8192,0,8192,4.9220,-209.3669,0
tpcds_31,ca_address_sk,0,0,0,212.6369,0,0,0,0,4.9424,-217.5793,0
tpcds_31,ca_address_sk,0,0,0,212.6369,0,0,0,0,4.9470,-217.5839,0
tpcds_31,ca_address_sk,0,0,0,212.6369,0,0,0,0,4.9369,-217.5738,0
tpcds_31,ca_address_sk,0,0,0,212.6369,1,848,0,848,4.9497,-216.7386,0
tpcds_31,ca_address_sk,0,0,0,212.6369,0,0,0,0,4.9504,-217.5873,0
tpcds_31,ca_address_sk,0,0,0,212.6369,0,0,0,0,4.9976,-217.6345,0
tpcds_31,ca_address_sk,0,0,0,212.6369,0,0,0,0,4.9720,-217.6089,0
tpcds_31,ca_address_sk,0,0,0,212.6369,1,8192,0,8192,4.9885,-209.4334,0
tpcds_31,ca_address_sk,0,0,0,212.6369,1,8192,0,8192,4.9723,-209.4172,0
tpcds_31,ca_address_sk,0,0,0,212.6369,0,0,0,0,5.0466,-217.6835,0
tpcds_31,ca_county,0,0,0,0.0096,0,0,0,0,2009.4480,-2009.4576,0
tpcds_31,ca_county,0,0,0,0.0096,0,0,0,0,2009.5883,-2009.5979,0
tpcds_31,ca_county,0,0,0,0.0184,0,0,0,0,2009.8536,-2009.8720,0
tpcds_31,ca_county,0,0,0,0.0184,0,0,0,0,2009.8763,-2009.8947,0
tpcds_31,ca_county,0,0,0,0.0114,0,0,0,0,2009.9887,-2010.0000,0
tpcds_31,ca_county,0,0,0,0.0114,0,0,0,0,2010.0033,-2010.0146,0
tpcds_31,ca_county,0,0,0,12.2590,0,0,0,0,2010.0527,-2022.3117,0
tpcds_31,ca_county,0,0,0,12.2590,0,0,0,0,2010.0750,-2022.3340,0
tpcds_31,ca_county,0,0,0,0.0096,0,0,0,0,2009.5638,-2009.5734,0
tpcds_31,ca_county,0,0,0,0.0096,0,0,0,0,2009.5739,-2009.5835,0
tpcds_31,ca_county,0,0,0,0.0184,0,0,0,0,2009.9614,-2009.9798,0
tpcds_31,ca_county,0,0,0,0.0184,0,0,0,0,2009.9749,-2009.9933,0
tpcds_31,ca_county,0,0,0,0.0114,0,0,0,0,2010.0919,-2010.1033,0
tpcds_31,ca_county,0,0,0,0.0096,0,0,0,0,2009.9213,-2009.9308,0
tpcds_31,ca_county,0,0,0,12.2590,0,0,0,0,2010.1297,-2022.3887,0
tpcds_31,ca_county,0,0,0,0.0114,0,0,0,0,2010.0879,-2010.0992,0
tpcds_31,ca_county,0,0,0,0.0184,0,0,0,0,2009.9507,-2009.9690,0
tpcds_31,ca_county,0,0,0,12.2590,0,0,0,0,2010.1447,-2022.4037,0
tpcds_31,ca_county,0,0,0,0.0114,0,0,0,0,2010.1227,-2010.1341,0
tpcds_31,ca_county,0,0,0,0.0096,0,0,0,0,2009.6574,-2009.6670,0
tpcds_31,ca_county,0,0,0,12.2590,0,0,0,0,2010.1913,-2022.4503,0
tpcds_31,ca_county,0,0,0,0.0184,0,0,0,0,2010.0085,-2010.0269,0
tpcds_31,ca_county,0,0,0,0.0114,0,0,0,0,2010.1533,-2010.1646,0
tpcds_31,ca_county,0,0,0,0.0096,0,0,0,0,2009.6725,-2009.6821,0
tpcds_31,ca_county,0,0,0,0.0096,0,0,0,0,2009.6745,-2009.6840,0
tpcds_31,ca_county,0,0,0,12.2590,0,0,0,0,2010.1834,-2022.4424,0
tpcds_31,ca_county,0,0,0,0.0184,0,0,0,0,2010.0349,-2010.0533,0
tpcds_31,ca_county,0,0,0,0.0184,0,0,0,0,2010.0355,-2010.0539,0
tpcds_31,ca_county,0,0,0,0.0096,0,0,0,0,2009.7230,-2009.7326,0
tpcds_31,ca_county,0,0,0,0.0114,0,0,0,0,2010.2011,-2010.2124,0
tpcds_31,ca_county,0,0,0,0.0114,0,0,0,0,2010.2083,-2010.2197,0
tpcds_31,ca_county,0,0,0,0.0184,0,0,0,0,2010.0903,-2010.1087,0
tpcds_31,ca_county,0,0,0,12.2590,0,0,0,0,2010.2403,-2022.4993,0
tpcds_31,ca_county,0,0,0,12.2590,0,0,0,0,2010.2346,-2022.4936,0
tpcds_31,ca_county,0,0,0,0.0114,0,0,0,0,2010.2101,-2010.2215,0
tpcds_31,ca_county,0,0,0,12.2590,0,0,0,0,2010.2922,-2022.5512,0
tpcds_31,ca_county,0,0,0,0.0096,0,0,0,0,2009.8937,-2009.9033,0
tpcds_31,ca_county,0,0,0,0.0096,0,0,0,0,2009.7559,-2009.7655,0
tpcds_31,ca_county,0,0,0,0.0096,0,0,0,0,2009.7671,-2009.7767,0
tpcds_31,ca_county,0,0,0,0.0184,0,0,0,0,2010.1282,-2010.1466,0
tpcds_31,ca_county,0,0,0,0.0184,0,0,0,0,2010.1447,-2010.1631,0
tpcds_31,ca_county,0,0,0,0.0184,0,0,0,0,2010.1341,-2010.1524,0
tpcds_31,ca_county,0,0,0,0.0114,0,0,0,0,2010.2475,-2010.2589,0
tpcds_31,ca_county,0,0,0,0.0114,0,0,0,0,2010.2732,-2010.2846,0
tpcds_31,ca_county,0,0,0,0.0114,0,0,0,0,2010.2813,-2010.2926,0
tpcds_31,ca_county,0,0,0,12.2590,0,0,0,0,2010.3257,-2022.5847,0
tpcds_31,ca_county,0,0,0,12.2590,0,0,0,0,2010.3125,-2022.5715,0
tpcds_31,ca_county,0,0,0,12.2590,0,0,0,0,2010.2998,-2022.5588,0
tpcds_31,ca_county,0,0,0,0.0096,0,0,0,0,2009.8311,-2009.8407,0
tpcds_31,ca_county,0,0,0,0.0096,0,0,0,0,2009.8331,-2009.8427,0
tpcds_31,ca_county,0,0,0,0.0096,0,0,0,0,2009.9033,-2009.9128,0
tpcds_31,ca_county,0,0,0,0.0184,0,0,0,0,2010.2017,-2010.2201,0
tpcds_31,ca_county,0,0,0,0.0184,0,0,0,0,2010.2350,-2010.2534,0
tpcds_31,ca_county,0,0,0,0.0184,0,0,0,0,2010.2153,-2010.2336,0
tpcds_31,ca_county,0,0,0,0.0114,0,0,0,0,2010.3243,-2010.3356,0
tpcds_31,ca_county,0,0,0,0.0114,0,0,0,0,2010.3159,-2010.3273,0
tpcds_31,ca_county,0,0,0,0.0114,0,0,0,0,2010.3446,-2010.3559,0
tpcds_31,ca_county,0,0,0,12.2590,0,0,0,0,2010.3575,-2022.6165,0
tpcds_31,ca_county,0,0,0,12.2590,0,0,0,0,2010.3643,-2022.6233,0
tpcds_31,ca_county,0,0,0,12.2590,0,0,0,0,2010.3969,-2022.6559,0
tpcds_31,ca_county,0,0,0,0.0096,0,0,0,0,2010.1387,-2010.1483,0
tpcds_31,ca_county,0,0,0,0.0184,0,0,0,0,2010.2323,-2010.2507,0
tpcds_31,ca_county,0,0,0,0.0114,0,0,0,0,2010.3774,-2010.3888,0
tpcds_31,ca_county,0,0,0,12.2590,0,0,0,0,2010.4400,-2022.6990,0
tpcds_33,ss_sold_date_sk,0,0,0,0.1830,0,0,0,0,0.0449,-0.2279,0
tpcds_33,cs_sold_date_sk,0,0,0,0.6058,0,0,0,0,0.2122,-0.8180,0
tpcds_33,cs_sold_date_sk,0,0,0,0.6058,0,0,0,0,0.1015,-0.7073,0
tpcds_33,cs_sold_date_sk,0,0,0,0.6058,0,0,0,0,0.4562,-1.0620,0
tpcds_33,cs_sold_date_sk,0,0,0,0.6058,0,0,0,0,0.4044,-1.0102,0
tpcds_33,ws_sold_date_sk,0,0,0,2.4955,0,0,0,0,0.0676,-2.5631,0
tpcds_33,ws_sold_date_sk,0,0,0,2.4955,0,0,0,0,0.0401,-2.5356,0
tpcds_33,ws_sold_date_sk,0,0,0,2.4955,0,0,0,0,0.0493,-2.5448,0
tpcds_33,ws_sold_date_sk,0,0,0,2.4955,0,0,0,0,0.0336,-2.5291,0
tpcds_33,ws_sold_date_sk,0,0,0,2.4955,0,0,0,0,0.0372,-2.5327,0
tpcds_33,ws_sold_date_sk,0,0,0,2.4955,0,0,0,0,0.0317,-2.5272,0
tpcds_33,ws_sold_date_sk,0,0,0,2.4955,0,0,0,0,0.0334,-2.5289,0
tpcds_33,ws_sold_date_sk,0,0,0,2.4955,0,0,0,0,0.0920,-2.5874,0
tpcds_33,ws_sold_date_sk,0,0,0,2.4955,0,0,0,0,0.0849,-2.5804,0
tpcds_33,ws_sold_date_sk,0,0,0,2.4955,0,0,0,0,0.1163,-2.6117,0
tpcds_33,ws_sold_date_sk,0,0,0,2.4955,0,0,0,0,0.0839,-2.5793,0
tpcds_33,ws_sold_date_sk,0,0,0,2.4955,0,0,0,0,0.1093,-2.6047,0
tpcds_33,ws_sold_date_sk,0,0,0,2.4955,0,0,0,0,0.1256,-2.6210,0
tpcds_33,ws_sold_date_sk,0,0,0,2.4955,0,0,0,0,0.1238,-2.6193,0
tpcds_33,ws_sold_date_sk,0,0,0,2.4955,0,0,0,0,0.7498,-3.2453,0
tpcds_33,ws_sold_date_sk,0,0,0,2.4955,88,719384,719197,187,117.6001,-119.9086,0
tpcds_33,ca_address_sk,0,0,0,117.4250,0,0,0,0,0.2383,-117.6634,0
tpcds_33,ca_address_sk,0,0,0,117.4250,0,0,0,0,0.2674,-117.6925,0
tpcds_33,ws_item_sk,0,0,0,0.1176,0,0,0,0,117.7668,-117.8843,0
tpcds_33,ca_address_sk,0,0,0,117.4250,0,0,0,0,0.2803,-117.7053,0
tpcds_33,ws_item_sk,0,0,0,0.1176,0,0,0,0,117.8186,-117.9362,0
tpcds_33,ca_address_sk,0,0,0,117.4250,0,0,0,0,0.3447,-117.7697,0
tpcds_33,ws_item_sk,0,0,0,0.1176,0,0,0,0,117.8295,-117.9471,0
tpcds_33,ca_address_sk,0,0,0,117.4250,0,0,0,0,0.3272,-117.7522,0
tpcds_33,ca_address_sk,0,0,0,117.4250,0,0,0,0,0.3406,-117.7656,0
tpcds_33,ws_item_sk,0,0,0,0.1176,0,0,0,0,117.8397,-117.9573,0
tpcds_33,ws_item_sk,0,0,0,0.1176,0,0,0,0,117.8482,-117.9658,0
tpcds_33,ca_address_sk,0,0,0,117.4250,0,0,0,0,0.3728,-117.7978,0
tpcds_33,ws_item_sk,0,0,0,0.1176,0,0,0,0,117.8595,-117.9771,0
tpcds_33,ca_address_sk,0,0,0,117.4250,0,0,0,0,0.3575,-117.7825,0
tpcds_33,ws_item_sk,0,0,0,0.1176,0,0,0,0,117.8754,-117.9930,0
tpcds_33,ca_address_sk,0,0,0,117.4250,0,0,0,0,0.4312,-117.8562,0
tpcds_33,ca_address_sk,0,0,0,117.4250,0,0,0,0,0.4062,-117.8312,0
tpcds_33,ws_item_sk,0,0,0,0.1176,0,0,0,0,117.8816,-117.9992,0
tpcds_33,ws_item_sk,0,0,0,0.1176,0,0,0,0,117.8779,-117.9955,0
tpcds_33,ca_address_sk,0,0,0,117.4250,0,0,0,0,0.4216,-117.8466,0
tpcds_33,ws_item_sk,0,0,0,0.1176,0,0,0,0,117.9017,-118.0192,0
tpcds_33,ca_address_sk,0,0,0,117.4250,0,0,0,0,0.4304,-117.8554,0
tpcds_33,ca_address_sk,0,0,0,117.4250,0,0,0,0,0.4332,-117.8583,0
tpcds_33,ws_item_sk,0,0,0,0.1176,0,0,0,0,117.9113,-118.0288,0
tpcds_33,ws_item_sk,0,0,0,0.1176,0,0,0,0,117.9064,-118.0239,0
tpcds_33,ca_address_sk,0,0,0,117.4250,0,0,0,0,0.4283,-117.8534,0
tpcds_33,ca_address_sk,0,0,0,117.4250,0,0,0,0,0.4275,-117.8525,0
tpcds_33,ws_item_sk,0,0,0,0.1176,0,0,0,0,117.9337,-118.0513,0
tpcds_33,ws_item_sk,0,0,0,0.1176,0,0,0,0,117.9269,-118.0445,0
tpcds_33,ca_address_sk,0,0,0,117.4250,0,0,0,0,0.4439,-117.8689,0
tpcds_33,ws_item_sk,0,0,0,0.1176,0,0,0,0,117.9535,-118.0710,0
tpcds_33,ws_item_sk,0,0,0,0.1176,0,0,0,0,117.7576,-117.8752,0
tpcds_33,cs_sold_date_sk,0,0,0,0.6058,128,1048576,1043441,5135,200.1386,-195.6094,0
tpcds_33,ss_sold_date_sk,0,0,0,0.1830,128,1048576,1001584,46992,201.6516,-154.8426,0
tpcds_33,ss_item_sk,0,0,0,0.1210,0,0,0,0,2004.5344,-2004.6554,0
tpcds_33,ss_item_sk,0,0,0,0.1210,0,0,0,0,2004.8203,-2004.9412,0
tpcds_33,ss_item_sk,0,0,0,0.1210,0,0,0,0,2004.8475,-2004.9685,0
tpcds_33,ss_item_sk,0,0,0,0.1210,0,0,0,0,2004.8908,-2005.0117,0
tpcds_33,ss_item_sk,0,0,0,0.1210,0,0,0,0,2004.8664,-2004.9873,0
tpcds_33,ss_item_sk,0,0,0,0.1210,0,0,0,0,2004.1937,-2004.3146,0
tpcds_33,ss_item_sk,0,0,0,0.1210,0,0,0,0,2004.9866,-2005.1076,0
tpcds_33,ss_item_sk,0,0,0,0.1210,0,0,0,0,2005.1351,-2005.2561,0
tpcds_33,ss_item_sk,0,0,0,0.1210,0,0,0,0,2005.0306,-2005.1515,0
tpcds_33,ss_item_sk,0,0,0,0.1210,0,0,0,0,2005.0988,-2005.2198,0
tpcds_33,ss_item_sk,0,0,0,0.1210,0,0,0,0,2005.1877,-2005.3087,0
tpcds_33,ss_item_sk,0,0,0,0.1210,0,0,0,0,2005.1966,-2005.3175,0
tpcds_33,ss_item_sk,0,0,0,0.1210,0,0,0,0,2005.2855,-2005.4065,0
tpcds_33,ss_item_sk,0,0,0,0.1210,0,0,0,0,2005.2866,-2005.4075,0
tpcds_33,ss_item_sk,0,0,0,0.1210,0,0,0,0,2005.3682,-2005.4892,0
tpcds_33,ss_item_sk,0,0,0,0.1210,0,0,0,0,2005.3984,-2005.5193,0
tpcds_33,cs_item_sk,0,0,0,0.1826,0,0,0,0,2008.5089,-2008.6915,0
tpcds_33,cs_item_sk,0,0,0,0.1826,0,0,0,0,2008.6412,-2008.8238,0
tpcds_33,cs_item_sk,0,0,0,0.1826,0,0,0,0,2008.6771,-2008.8597,0
tpcds_33,cs_item_sk,0,0,0,0.1826,0,0,0,0,2008.6412,-2008.8238,0
tpcds_33,cs_item_sk,0,0,0,0.1826,0,0,0,0,2008.7070,-2008.8896,0
tpcds_33,cs_item_sk,0,0,0,0.1826,0,0,0,0,2008.7304,-2008.9131,0
tpcds_33,cs_item_sk,0,0,0,0.1826,0,0,0,0,2007.9874,-2008.1700,0
tpcds_33,cs_item_sk,0,0,0,0.1826,0,0,0,0,2008.7745,-2008.9571,0
tpcds_33,cs_item_sk,0,0,0,0.1826,0,0,0,0,2008.8076,-2008.9902,0
tpcds_33,cs_item_sk,0,0,0,0.1826,0,0,0,0,2008.8043,-2008.9869,0
tpcds_33,cs_item_sk,0,0,0,0.1826,0,0,0,0,2008.8665,-2009.0491,0
tpcds_33,cs_item_sk,0,0,0,0.1826,0,0,0,0,2009.0144,-2009.1970,0
tpcds_33,cs_item_sk,0,0,0,0.1826,0,0,0,0,2008.9248,-2009.1074,0
tpcds_33,cs_item_sk,0,0,0,0.1826,0,0,0,0,2008.9942,-2009.1768,0
tpcds_33,cs_item_sk,0,0,0,0.1826,0,0,0,0,2009.0073,-2009.1899,0
tpcds_33,cs_item_sk,0,0,0,0.1826,0,0,0,0,2009.0118,-2009.1944,0
tpcds_34,ss_sold_date_sk,0,0,0,0.4627,0,0,0,0,0.1284,-0.5911,0
tpcds_34,ss_sold_date_sk,0,0,0,0.4627,0,0,0,0,0.1305,-0.5933,0
tpcds_34,ss_sold_date_sk,0,0,0,0.4627,0,0,0,0,0.0566,-0.5193,0
tpcds_34,ss_sold_date_sk,0,0,0,0.4627,0,0,0,0,0.0431,-0.5059,0
tpcds_34,ss_sold_date_sk,0,0,0,0.4627,0,0,0,0,0.0441,-0.5069,0
tpcds_34,ss_sold_date_sk,0,0,0,0.4627,0,0,0,0,0.0466,-0.5094,0
tpcds_34,ss_sold_date_sk,0,0,0,0.4627,0,0,0,0,0.0306,-0.4934,0
tpcds_34,ss_sold_date_sk,0,0,0,0.4627,0,0,0,0,0.0354,-0.4981,0
tpcds_34,ss_sold_date_sk,0,0,0,0.4627,0,0,0,0,0.0258,-0.4886,0
tpcds_34,ss_sold_date_sk,0,0,0,0.4627,0,0,0,0,0.0288,-0.4915,0
tpcds_34,ss_sold_date_sk,0,0,0,0.4627,0,0,0,0,0.0593,-0.5221,0
tpcds_34,ss_sold_date_sk,0,0,0,0.4627,96,783252,747757,35495,52.9586,-17.9263,0
tpcds_34,ss_sold_date_sk,0,0,0,0.4627,128,1048576,1001584,46992,67.3681,-20.8388,0
tpcds_34,ss_sold_date_sk,0,0,0,0.4627,128,1048576,1001426,47150,67.5118,-20.8246,0
tpcds_35,c_current_addr_sk,0,0,0,4.6515,1,8192,7934,258,5.8231,-10.2166,0
tpcds_35,c_current_addr_sk,0,0,0,4.6515,1,8192,7900,292,5.8800,-10.2395,0
tpcds_35,c_current_addr_sk,0,0,0,4.6515,1,8192,7917,275,5.9531,-10.3296,0
tpcds_35,c_current_addr_sk,0,0,0,4.6515,1,8192,7901,291,6.0183,-10.3788,0
tpcds_35,c_current_addr_sk,0,0,0,4.6515,1,1696,1636,60,5.9849,-10.5764,0
tpcds_35,c_current_addr_sk,0,0,0,4.6515,0,0,0,0,5.9725,-10.6240,0
tpcds_35,c_current_addr_sk,0,0,0,4.6515,1,8192,7909,283,5.9855,-10.3540,0
tpcds_35,c_current_addr_sk,0,0,0,4.6515,1,8192,7930,262,5.9860,-10.3755,0
tpcds_35,c_current_addr_sk,0,0,0,4.6515,1,8192,7898,294,5.9991,-10.3566,0
tpcds_35,c_current_addr_sk,0,0,0,4.6515,1,8192,7904,288,5.9964,-10.3600,0
tpcds_35,c_current_addr_sk,0,0,0,4.6515,0,0,0,0,6.0221,-10.6736,0
tpcds_35,c_current_addr_sk,0,0,0,4.6515,1,8192,7914,278,6.0276,-10.4011,0
tpcds_35,c_current_addr_sk,0,0,0,4.6515,1,8192,7894,298,6.0251,-10.3786,0
tpcds_35,c_current_addr_sk,0,0,0,4.6515,1,8192,7920,272,6.0191,-10.3986,0
tpcds_35,c_current_addr_sk,0,0,0,4.6515,0,0,0,0,6.0322,-10.6837,0
tpcds_35,c_current_addr_sk,0,0,0,4.6515,1,8192,7900,292,6.0456,-10.4051,0
tpcds_35,cd_demo_sk,0,0,0,11.3830,15,122880,0,122880,23.0513,88.4457,1
tpcds_35,cd_demo_sk,0,0,0,11.3830,15,122880,0,122880,23.0740,88.4230,1
tpcds_35,cd_demo_sk,0,0,0,11.3830,14,114688,0,114688,23.0706,80.2344,1
tpcds_35,cd_demo_sk,0,0,0,11.3830,15,122880,0,122880,23.0619,88.4351,1
tpcds_35,cd_demo_sk,0,0,0,11.3830,14,114688,0,114688,23.1238,80.1812,1
tpcds_35,cd_demo_sk,0,0,0,11.3830,15,122880,0,122880,23.1219,88.3751,1
tpcds_35,cd_demo_sk,0,0,0,11.3830,14,114688,0,114688,23.1391,80.1659,1
tpcds_35,cd_demo_sk,0,0,0,11.3830,15,122880,0,122880,23.1340,88.3630,1
tpcds_35,cd_demo_sk,0,0,0,11.3830,15,122880,0,122880,23.1701,88.3269,1
tpcds_35,cd_demo_sk,0,0,0,11.3830,15,122880,0,122880,23.1497,88.3473,1
tpcds_35,cd_demo_sk,0,0,0,11.3830,15,122880,0,122880,23.1406,88.3564,1
tpcds_35,cd_demo_sk,0,0,0,11.3830,14,114688,0,114688,23.1482,80.1568,1
tpcds_35,cd_demo_sk,0,0,0,11.3830,14,114688,0,114688,23.1525,80.1525,1
tpcds_35,cd_demo_sk,0,0,0,11.3830,15,122880,0,122880,23.1693,88.3277,1
tpcds_35,cd_demo_sk,0,0,0,11.3830,15,122880,0,122880,23.1741,88.3229,1
tpcds_35,cd_demo_sk,0,0,0,11.3830,15,118560,0,118560,23.1905,83.9865,1
tpcds_35,ss_sold_date_sk,0,0,0,0.0091,0,0,0,0,0.1315,-0.1406,0
tpcds_35,ss_sold_date_sk,0,0,0,0.0091,0,0,0,0,0.1126,-0.1217,0
tpcds_35,ss_sold_date_sk,0,0,0,0.0091,0,0,0,0,0.0828,-0.0919,0
tpcds_35,ss_sold_date_sk,0,0,0,0.0091,0,0,0,0,0.0971,-0.1062,0
tpcds_35,ss_sold_date_sk,0,0,0,0.0091,0,0,0,0,0.0371,-0.0463,0
tpcds_35,ss_sold_date_sk,0,0,0,0.0091,0,0,0,0,0.0493,-0.0584,0
tpcds_35,ss_sold_date_sk,0,0,0,0.0091,0,0,0,0,0.0289,-0.0380,0
tpcds_35,ss_sold_date_sk,0,0,0,0.0091,0,0,0,0,0.0392,-0.0483,0
tpcds_35,ss_sold_date_sk,0,0,0,0.0091,0,0,0,0,0.0546,-0.0637,0
tpcds_35,ss_sold_date_sk,0,0,0,0.0091,0,0,0,0,0.0289,-0.0380,0
tpcds_35,ss_sold_date_sk,0,0,0,0.0091,0,0,0,0,0.0670,-0.0762,0
tpcds_35,ss_sold_date_sk,0,0,0,0.0091,0,0,0,0,0.0348,-0.0439,0
tpcds_35,ss_sold_date_sk,0,0,0,0.0091,0,0,0,0,0.0267,-0.0358,0
tpcds_35,ss_sold_date_sk,0,0,0,0.0091,96,783252,747757,35495,32.2904,3.1955,1
tpcds_35,ss_sold_date_sk,0,0,0,0.0091,128,1048576,1001426,47150,40.9680,6.1728,1
tpcds_35,ss_sold_date_sk,0,0,0,0.0091,128,1048576,1001584,46992,42.6367,4.3462,1
tpcds_35,ws_sold_date_sk,0,0,0,0.0086,0,0,0,0,0.0842,-0.0928,0
tpcds_35,ws_sold_date_sk,0,0,0,0.0086,0,0,0,0,0.0724,-0.0810,0
tpcds_35,ws_sold_date_sk,0,0,0,0.0086,0,0,0,0,0.0875,-0.0961,0
tpcds_35,ws_sold_date_sk,0,0,0,0.0086,0,0,0,0,0.0478,-0.0564,0
tpcds_35,ws_sold_date_sk,0,0,0,0.0086,0,0,0,0,0.0454,-0.0540,0
tpcds_35,ws_sold_date_sk,0,0,0,0.0086,0,0,0,0,0.0422,-0.0508,0
tpcds_35,ws_sold_date_sk,0,0,0,0.0086,0,0,0,0,0.0386,-0.0472,0
tpcds_35,ws_sold_date_sk,0,0,0,0.0086,0,0,0,0,0.0414,-0.0500,0
tpcds_35,ws_sold_date_sk,0,0,0,0.0086,0,0,0,0,0.0399,-0.0484,0
tpcds_35,ws_sold_date_sk,0,0,0,0.0086,0,0,0,0,0.0384,-0.0470,0
tpcds_35,ws_sold_date_sk,0,0,0,0.0086,0,0,0,0,0.0364,-0.0450,0
tpcds_35,ws_sold_date_sk,0,0,0,0.0086,0,0,0,0,0.0413,-0.0499,0
tpcds_35,ws_sold_date_sk,0,0,0,0.0086,0,0,0,0,0.0784,-0.0870,0
tpcds_35,ws_sold_date_sk,0,0,0,0.0086,0,0,0,0,0.2052,-0.2138,0
tpcds_35,ws_sold_date_sk,0,0,0,0.0086,0,0,0,0,0.9648,-0.9734,0
tpcds_35,ws_sold_date_sk,0,0,0,0.0086,88,719384,719197,187,22.7636,-22.5851,0
tpcds_35,cs_sold_date_sk,0,0,0,0.0103,0,0,0,0,0.0890,-0.0993,0
tpcds_35,cs_sold_date_sk,0,0,0,0.0103,0,0,0,0,0.1081,-0.1185,0
tpcds_35,cs_sold_date_sk,0,0,0,0.0103,0,0,0,0,0.0710,-0.0814,0
tpcds_35,cs_sold_date_sk,0,0,0,0.0103,0,0,0,0,0.0641,-0.0744,0
tpcds_35,cs_sold_date_sk,0,0,0,0.0103,0,0,0,0,0.0621,-0.0725,0
tpcds_35,cs_sold_date_sk,0,0,0,0.0103,0,0,0,0,0.0721,-0.0824,0
tpcds_35,cs_sold_date_sk,0,0,0,0.0103,0,0,0,0,0.0542,-0.0646,0
tpcds_35,cs_sold_date_sk,0,0,0,0.0103,0,0,0,0,0.0548,-0.0652,0
tpcds_35,cs_sold_date_sk,0,0,0,0.0103,0,0,0,0,0.3050,-0.3153,0
tpcds_35,cs_sold_date_sk,0,0,0,0.0103,0,0,0,0,0.0407,-0.0510,0
tpcds_35,cs_sold_date_sk,0,0,0,0.0103,0,0,0,0,0.0387,-0.0490,0
tpcds_35,cs_sold_date_sk,0,0,0,0.0103,0,0,0,0,0.0477,-0.0580,0
tpcds_35,cs_sold_date_sk,0,0,0,0.0103,0,0,0,0,0.0538,-0.0641,0
tpcds_35,cs_sold_date_sk,0,0,0,0.0103,0,0,0,0,0.4099,-0.4202,0
tpcds_35,cs_sold_date_sk,0,0,0,0.0103,48,392972,391054,1918,18.1684,-16.2608,0
tpcds_35,cs_sold_date_sk,0,0,0,0.0103,128,1048576,1043441,5135,41.2793,-36.1546,0
tpcds_36,ss_sold_date_sk,0,0,0,0.5645,0,0,0,0,0.1006,-0.6651,0
tpcds_36,ss_sold_date_sk,0,0,0,0.5645,0,0,0,0,0.0348,-0.5993,0
tpcds_36,ss_sold_date_sk,0,0,0,0.5645,0,0,0,0,0.0380,-0.6025,0
tpcds_36,ss_sold_date_sk,0,0,0,0.5645,0,0,0,0,0.0268,-0.5913,0
tpcds_36,ss_sold_date_sk,0,0,0,0.5645,0,0,0,0,0.0227,-0.5872,0
tpcds_36,ss_sold_date_sk,0,0,0,0.5645,0,0,0,0,0.0790,-0.6435,0
tpcds_36,ss_sold_date_sk,0,0,0,0.5645,0,0,0,0,0.0263,-0.5908,0
tpcds_36,ss_sold_date_sk,0,0,0,0.5645,0,0,0,0,0.0231,-0.5876,0
tpcds_36,ss_sold_date_sk,0,0,0,0.5645,0,0,0,0,0.0322,-0.5967,0
tpcds_36,ss_sold_date_sk,0,0,0,0.5645,0,0,0,0,0.0230,-0.5875,0
tpcds_36,ss_sold_date_sk,0,0,0,0.5645,0,0,0,0,0.0231,-0.5876,0
tpcds_36,ss_sold_date_sk,0,0,0,0.5645,0,0,0,0,0.0227,-0.5872,0
tpcds_36,ss_sold_date_sk,0,0,0,0.5645,0,0,0,0,0.0658,-0.6304,0
tpcds_36,ss_sold_date_sk,0,0,0,0.5645,96,783252,747757,35495,69.2491,-34.3186,0
tpcds_36,ss_sold_date_sk,0,0,0,0.5645,128,1048576,1001584,46992,86.3516,-39.9241,0
tpcds_36,ss_sold_date_sk,0,0,0,0.5645,128,1048576,1001426,47150,87.0230,-40.4375,0
tpcds_36,i_item_sk,0,0,0,87.9254,0,0,0,0,46.7337,-134.6591,0
tpcds_36,i_item_sk,0,0,0,87.9254,0,0,0,0,46.7340,-134.6594,0
tpcds_36,i_item_sk,0,0,0,87.9254,1,8192,0,8192,46.7846,-126.5180,0
tpcds_36,i_item_sk,0,0,0,87.9254,0,0,0,0,46.7834,-134.7088,0
tpcds_36,i_item_sk,0,0,0,87.9254,0,0,0,0,46.8040,-134.7294,0
tpcds_36,i_item_sk,0,0,0,87.9254,0,0,0,0,46.8433,-134.7687,0
tpcds_36,i_item_sk,0,0,0,87.9254,0,0,0,0,46.8335,-134.7589,0
tpcds_36,i_item_sk,0,0,0,87.9254,0,0,0,0,46.8676,-134.7930,0
tpcds_36,i_item_sk,0,0,0,87.9254,0,0,0,0,46.8715,-134.7969,0
tpcds_36,i_item_sk,0,0,0,87.9254,0,0,0,0,46.8587,-134.7841,0
tpcds_36,i_item_sk,0,0,0,87.9254,0,0,0,0,46.8568,-134.7822,0
tpcds_36,i_item_sk,0,0,0,87.9254,0,0,0,0,46.8828,-134.8082,0
tpcds_36,i_item_sk,0,0,0,87.9254,0,0,0,0,46.8774,-134.8028,0
tpcds_36,i_item_sk,0,0,0,87.9254,0,0,0,0,46.9150,-134.8404,0
tpcds_36,i_item_sk,0,0,0,87.9254,1,8192,0,8192,46.9206,-126.6540,0
tpcds_36,i_item_sk,0,0,0,87.9254,1,1616,0,1616,47.0717,-133.3811,0
tpcds_36,s_store_sk,0,0,0,133.4141,0,0,0,0,0.2843,-133.6983,0
tpcds_36,s_store_sk,0,0,0,133.4141,0,0,0,0,0.3978,-133.8118,0
tpcds_36,s_store_sk,0,0,0,133.4141,0,0,0,0,0.3184,-133.7325,0
tpcds_36,s_store_sk,0,0,0,133.4141,0,0,0,0,0.3458,-133.7598,0
tpcds_36,s_store_sk,0,0,0,133.4141,0,0,0,0,0.3434,-133.7575,0
tpcds_36,s_store_sk,0,0,0,133.4141,0,0,0,0,0.3602,-133.7742,0
tpcds_36,s_store_sk,0,0,0,133.4141,0,0,0,0,0.3421,-133.7561,0
tpcds_36,s_store_sk,0,0,0,133.4141,0,0,0,0,0.3631,-133.7771,0
tpcds_36,s_store_sk,0,0,0,133.4141,0,0,0,0,0.4047,-133.8187,0
tpcds_36,s_store_sk,0,0,0,133.4141,0,0,0,0,0.3990,-133.8130,0
tpcds_36,s_store_sk,0,0,0,133.4141,0,0,0,0,0.3943,-133.8084,0
tpcds_36,s_store_sk,0,0,0,133.4141,0,0,0,0,0.4232,-133.8373,0
tpcds_36,s_store_sk,0,0,0,133.4141,0,0,0,0,0.4178,-133.8318,0
tpcds_36,s_store_sk,0,0,0,133.4141,0,0,0,0,0.4106,-133.8247,0
tpcds_36,s_store_sk,0,0,0,133.4141,0,0,0,0,0.4289,-133.8429,0
tpcds_36,s_store_sk,0,0,0,133.4141,0,0,0,0,0.4282,-133.8423,0
tpcds_39,inv_item_sk,0,0,0,0.5227,0,0,0,0,0.3142,-0.8369,0
tpcds_39,inv_warehouse_sk,0,0,0,3.3963,0,0,0,0,1.4352,-4.8315,0
tpcds_39,inv_item_sk,0,0,0,0.5227,0,0,0,0,0.1886,-0.7113,0
tpcds_39,inv_warehouse_sk,0,0,0,3.3963,0,0,0,0,0.9126,-4.3089,0
tpcds_39,inv_item_sk,0,0,0,0.5227,0,0,0,0,0.1983,-0.7210,0
tpcds_39,inv_warehouse_sk,0,0,0,3.3963,0,0,0,0,2.0516,-5.4479,0
tpcds_39,inv_item_sk,0,0,0,0.5721,0,0,0,0,0.1633,-0.7354,0
tpcds_39,inv_warehouse_sk,0,0,0,4.1090,0,0,0,0,1.2064,-5.3154,0
tpcds_39,inv_item_sk,0,0,0,0.5227,0,0,0,0,0.3155,-0.8382,0
tpcds_39,inv_warehouse_sk,0,0,0,3.3963,0,0,0,0,2.4573,-5.8536,0
tpcds_39,inv_item_sk,0,0,0,0.5721,0,0,0,0,0.1801,-0.7522,0
tpcds_39,inv_warehouse_sk,0,0,0,4.1090,0,0,0,0,1.0909,-5.1999,0
tpcds_39,inv_item_sk,0,0,0,0.5721,0,0,0,0,0.1742,-0.7463,0
tpcds_39,inv_warehouse_sk,0,0,0,4.1090,0,0,0,0,1.9478,-6.0567,0
tpcds_39,inv_item_sk,0,0,0,0.5721,0,0,0,0,0.3370,-0.9092,0
tpcds_39,inv_warehouse_sk,0,0,0,4.1090,0,0,0,0,2.2909,-6.3999,0
tpcds_39,inv_item_sk,0,0,0,0.5227,26,210664,0,210664,76.8833,133.2580,1
tpcds_39,inv_warehouse_sk,0,0,0,3.3963,0,0,0,0,77.6848,-81.0811,0
tpcds_39,inv_item_sk,0,0,0,0.5721,26,210664,0,210664,77.2488,132.8431,1
tpcds_39,inv_warehouse_sk,0,0,0,4.1090,0,0,0,0,79.2520,-83.3610,0
tpcds_39,inv_item_sk,0,0,0,0.5721,128,1048576,0,1048576,285.8777,762.1262,1
tpcds_39,inv_warehouse_sk,0,0,0,4.1090,0,0,0,0,288.7280,-292.8370,0
tpcds_39,inv_item_sk,0,0,0,0.5227,128,1048576,0,1048576,299.1439,748.9094,1
tpcds_39,inv_warehouse_sk,0,0,0,3.3963,0,0,0,0,300.7282,-304.1245,0
tpcds_39,inv_item_sk,0,0,0,0.5721,128,1048576,0,1048576,312.4869,735.5170,1
tpcds_39,inv_warehouse_sk,0,0,0,4.1090,0,0,0,0,314.3786,-318.4876,0
tpcds_39,inv_item_sk,0,0,0,0.5721,128,1048576,0,1048576,313.3219,734.6820,1
tpcds_39,inv_warehouse_sk,0,0,0,4.1090,0,0,0,0,314.6093,-318.7183,0
tpcds_39,inv_item_sk,0,0,0,0.5227,128,1048576,0,1048576,315.4476,732.6057,1
tpcds_39,inv_warehouse_sk,0,0,0,3.3963,0,0,0,0,316.3950,-319.7913,0
tpcds_39,inv_item_sk,0,0,0,0.5227,128,1048576,0,1048576,315.2875,732.7658,1
tpcds_39,inv_warehouse_sk,0,0,0,3.3963,0,0,0,0,316.8211,-320.2174,0
tpcds_39,inv_item_sk,0,0,0,0.5721,128,1048576,0,1048576,320.7331,727.2707,1
tpcds_39,inv_warehouse_sk,0,0,0,4.1090,0,0,0,0,322.3775,-326.4865,0
tpcds_39,inv_item_sk,0,0,0,0.5721,128,1048576,0,1048576,320.4262,727.5777,1
tpcds_39,inv_warehouse_sk,0,0,0,4.1090,0,0,0,0,322.5974,-326.7063,0
tpcds_39,inv_item_sk,0,0,0,0.5721,128,1048576,0,1048576,323.5283,724.4756,1
tpcds_39,inv_warehouse_sk,0,0,0,4.1090,0,0,0,0,323.9933,-328.1023,0
tpcds_39,inv_item_sk,0,0,0,0.5227,128,1048576,0,1048576,328.4858,719.5675,1
tpcds_39,inv_warehouse_sk,0,0,0,3.3963,0,0,0,0,330.5858,-333.9820,0
tpcds_39,inv_item_sk,0,0,0,0.5227,128,1048576,0,1048576,330.4416,717.6117,1
tpcds_39,inv_warehouse_sk,0,0,0,3.3963,0,0,0,0,331.7062,-335.1024,0
tpcds_39,inv_item_sk,0,0,0,0.5227,128,1048576,0,1048576,329.6575,718.3958,1
tpcds_39,inv_warehouse_sk,0,0,0,3.3963,0,0,0,0,331.9675,-335.3637,0
tpcds_39,inv_item_sk,0,0,0,0.5227,128,1048576,0,1048576,332.6658,715.3876,1
tpcds_39,inv_warehouse_sk,0,0,0,3.3963,0,0,0,0,334.4419,-337.8382,0
tpcds_39,inv_item_sk,0,0,0,0.5227,128,1048576,0,1048576,333.1134,714.9400,1
tpcds_39,inv_warehouse_sk,0,0,0,3.3963,0,0,0,0,334.6763,-338.0726,0
tpcds_39,inv_item_sk,0,0,0,0.5227,128,1048576,0,1048576,333.7541,714.2993,1
tpcds_39,inv_warehouse_sk,0,0,0,3.3963,0,0,0,0,335.4550,-338.8513,0
tpcds_39,inv_item_sk,0,0,0,0.5227,128,1048576,0,1048576,333.6702,714.3831,1
tpcds_39,inv_warehouse_sk,0,0,0,3.3963,0,0,0,0,335.7062,-339.1025,0
tpcds_39,inv_item_sk,0,0,0,0.5721,128,1048576,0,1048576,333.6518,714.3521,1
tpcds_39,inv_warehouse_sk,0,0,0,4.1090,0,0,0,0,335.3482,-339.4572,0
tpcds_39,inv_item_sk,0,0,0,0.5227,128,1048576,0,1048576,334.9475,713.1058,1
tpcds_39,inv_warehouse_sk,0,0,0,3.3963,0,0,0,0,336.3457,-339.7420,0
tpcds_39,inv_item_sk,0,0,0,0.5721,128,1048576,0,1048576,341.7321,706.2718,1
tpcds_39,inv_warehouse_sk,0,0,0,4.1090,0,0,0,0,343.8785,-347.9874,0
tpcds_39,inv_item_sk,0,0,0,0.5721,128,1048576,0,1048576,343.2132,704.7907,1
tpcds_39,inv_warehouse_sk,0,0,0,4.1090,0,0,0,0,343.5464,-347.6554,0
tpcds_39,inv_item_sk,0,0,0,0.5721,128,1048576,0,1048576,344.6626,703.3413,1
tpcds_39,inv_warehouse_sk,0,0,0,4.1090,0,0,0,0,346.0655,-350.1744,0
tpcds_39,inv_item_sk,0,0,0,0.5721,128,1048576,0,1048576,344.5562,703.4477,1
tpcds_39,inv_warehouse_sk,0,0,0,4.1090,0,0,0,0,346.1734,-350.2823,0
tpcds_39,d_date_sk,0,0,0,349.1282,0,0,0,0,0.1153,-349.2435,0
tpcds_39,d_date_sk,0,0,0,349.1282,0,0,0,0,0.1656,-349.2938,0
tpcds_39,d_date_sk,0,0,0,349.1282,0,0,0,0,0.1763,-349.3045,0
tpcds_39,d_date_sk,0,0,0,349.1282,0,0,0,0,0.1967,-349.3250,0
tpcds_39,d_date_sk,0,0,0,349.1282,0,0,0,0,0.1971,-349.3253,0
tpcds_39,d_date_sk,0,0,0,349.1282,0,0,0,0,0.1835,-349.3117,0
tpcds_39,d_date_sk,0,0,0,349.1282,0,0,0,0,0.2024,-349.3306,0
tpcds_39,d_date_sk,0,0,0,349.1282,0,0,0,0,0.2104,-349.3387,0
tpcds_39,d_date_sk,0,0,0,349.1282,0,0,0,0,0.2194,-349.3476,0
tpcds_39,d_date_sk,0,0,0,349.1282,0,0,0,0,0.2092,-349.3374,0
tpcds_39,d_date_sk,0,0,0,349.1282,0,0,0,0,0.2053,-349.3336,0
tpcds_39,d_date_sk,0,0,0,349.1282,0,0,0,0,0.2200,-349.3482,0
tpcds_39,d_date_sk,0,0,0,349.1282,0,0,0,0,0.2355,-349.3638,0
tpcds_39,d_date_sk,0,0,0,349.1282,0,0,0,0,0.2428,-349.3711,0
tpcds_39,d_date_sk,0,0,0,349.1282,0,0,0,0,0.2583,-349.3865,0
tpcds_39,d_date_sk,0,0,0,349.1282,0,0,0,0,0.2412,-349.3694,0
tpcds_39,d_date_sk,0,0,0,0.0077,0,0,0,0,0.2000,-0.2077,0
tpcds_39,d_date_sk,0,0,0,0.0077,0,0,0,0,0.1896,-0.1973,0
tpcds_39,d_date_sk,0,0,0,0.0077,0,0,0,0,0.1999,-0.2076,0
tpcds_39,d_date_sk,0,0,0,0.0077,0,0,0,0,0.2207,-0.2284,0
tpcds_39,d_date_sk,0,0,0,0.0077,0,0,0,0,0.2673,-0.2750,0
tpcds_39,d_date_sk,0,0,0,0.0077,0,0,0,0,0.2226,-0.2303,0
tpcds_39,d_date_sk,0,0,0,0.0077,0,0,0,0,0.2197,-0.2274,0
tpcds_39,d_date_sk,0,0,0,0.0077,0,0,0,0,0.3099,-0.3176,0
tpcds_39,d_date_sk,0,0,0,0.0077,0,0,0,0,0.2362,-0.2440,0
tpcds_39,d_date_sk,0,0,0,0.0077,0,0,0,0,0.2434,-0.2511,0
tpcds_39,d_date_sk,0,0,0,0.0077,0,0,0,0,0.2319,-0.2396,0
tpcds_39,d_date_sk,0,0,0,0.0077,0,0,0,0,0.3019,-0.3096,0
tpcds_39,d_date_sk,0,0,0,0.0077,0,0,0,0,0.2609,-0.2686,0
tpcds_39,d_date_sk,0,0,0,0.0077,0,0,0,0,0.3113,-0.3190,0
tpcds_39,d_date_sk,0,0,0,0.0077,0,0,0,0,0.2677,-0.2754,0
tpcds_39,d_date_sk,0,0,0,0.0077,0,0,0,0,0.3579,-0.3656,0
tpcds_39,inv_item_sk,0,0,0,0.2695,0,0,0,0,0.3589,-0.6284,0
tpcds_39,inv_warehouse_sk,0,0,0,3.0121,0,0,0,0,0.9453,-3.9574,0
tpcds_39,inv_item_sk,0,0,0,0.2695,0,0,0,0,0.5152,-0.7847,0
tpcds_39,inv_warehouse_sk,0,0,0,3.0121,0,0,0,0,1.1863,-4.1985,0
tpcds_39,inv_item_sk,0,0,0,0.0861,0,0,0,0,0.1794,-0.2655,0
tpcds_39,inv_warehouse_sk,0,0,0,3.8428,0,0,0,0,0.8541,-4.6969,0
tpcds_39,inv_item_sk,0,0,0,0.0861,0,0,0,0,0.1816,-0.2677,0
tpcds_39,inv_item_sk,0,0,0,0.2695,0,0,0,0,0.1798,-0.4493,0
tpcds_39,inv_warehouse_sk,0,0,0,3.8428,0,0,0,0,1.2109,-5.0537,0
tpcds_39,inv_warehouse_sk,0,0,0,3.0121,0,0,0,0,1.7466,-4.7587,0
tpcds_39,inv_item_sk,0,0,0,0.0861,0,0,0,0,0.3391,-0.4252,0
tpcds_39,inv_warehouse_sk,0,0,0,3.8428,0,0,0,0,1.4951,-5.3380,0
tpcds_39,inv_item_sk,0,0,0,0.0861,0,0,0,0,0.4060,-0.4921,0
tpcds_39,inv_warehouse_sk,0,0,0,3.8428,0,0,0,0,1.6249,-5.4677,0
tpcds_39,inv_item_sk,0,0,0,0.2695,0,0,0,0,0.5486,-0.8181,0
tpcds_39,inv_warehouse_sk,0,0,0,3.0121,0,0,0,0,2.2944,-5.3066,0
tpcds_39,inv_item_sk,0,0,0,0.0861,26,210664,0,210664,66.4184,144.1595,1
tpcds_39,inv_warehouse_sk,0,0,0,3.8428,0,0,0,0,67.7193,-71.5621,0
tpcds_39,inv_item_sk,0,0,0,0.2695,26,210664,0,210664,73.0749,137.3197,1
tpcds_39,inv_warehouse_sk,0,0,0,3.0121,0,0,0,0,74.0223,-77.0345,0
tpcds_39,inv_item_sk,0,0,0,0.0861,128,1048576,0,1048576,279.5679,768.9220,1
tpcds_39,inv_warehouse_sk,0,0,0,3.8428,0,0,0,0,280.6022,-284.4451,0
tpcds_39,inv_item_sk,0,0,0,0.0861,128,1048576,0,1048576,281.4602,767.0297,1
tpcds_39,inv_warehouse_sk,0,0,0,3.8428,0,0,0,0,281.6080,-285.4508,0
tpcds_39,inv_item_sk,0,0,0,0.2695,128,1048576,0,1048576,281.3918,766.9147,1
tpcds_39,inv_warehouse_sk,0,0,0,3.0121,0,0,0,0,282.3735,-285.3856,0
tpcds_39,inv_item_sk,0,0,0,0.0861,128,1048576,0,1048576,284.5284,763.9615,1
tpcds_39,inv_warehouse_sk,0,0,0,3.8428,0,0,0,0,286.1339,-289.9767,0
tpcds_39,inv_item_sk,0,0,0,0.0861,128,1048576,0,1048576,289.6522,758.8377,1
tpcds_39,inv_warehouse_sk,0,0,0,3.8428,0,0,0,0,291.1758,-295.0186,0
tpcds_39,inv_item_sk,0,0,0,0.0861,128,1048576,0,1048576,290.6298,757.8601,1
tpcds_39,inv_warehouse_sk,0,0,0,3.8428,0,0,0,0,291.3571,-295.2000,0
tpcds_39,inv_item_sk,0,0,0,0.2695,128,1048576,0,1048576,291.2852,757.0213,1
tpcds_39,inv_warehouse_sk,0,0,0,3.0121,0,0,0,0,292.6105,-295.6227,0
tpcds_39,inv_item_sk,0,0,0,0.2695,128,1048576,0,1048576,297.8916,750.4149,1
tpcds_39,inv_warehouse_sk,0,0,0,3.0121,0,0,0,0,298.4111,-301.4232,0
tpcds_39,inv_item_sk,0,0,0,0.2695,128,1048576,0,1048576,299.8270,748.4796,1
tpcds_39,inv_warehouse_sk,0,0,0,3.0121,0,0,0,0,300.4198,-303.4319,0
tpcds_39,inv_item_sk,0,0,0,0.2695,128,1048576,0,1048576,300.4431,747.8635,1
tpcds_39,inv_warehouse_sk,0,0,0,3.0121,0,0,0,0,301.1906,-304.2028,0
tpcds_39,inv_item_sk,0,0,0,0.2695,128,1048576,0,1048576,319.4152,728.8913,1
tpcds_39,inv_warehouse_sk,0,0,0,3.0121,0,0,0,0,320.6955,-323.7076,0
tpcds_39,inv_item_sk,0,0,0,0.0861,128,1048576,0,1048576,320.0706,728.4193,1
tpcds_39,inv_warehouse_sk,0,0,0,3.8428,0,0,0,0,320.5395,-324.3823,0
tpcds_39,inv_item_sk,0,0,0,0.0861,128,1048576,0,1048576,318.9745,729.5154,1
tpcds_39,inv_warehouse_sk,0,0,0,3.8428,0,0,0,0,320.7112,-324.5540,0
tpcds_39,inv_item_sk,0,0,0,0.2695,128,1048576,0,1048576,320.2497,728.0569,1
tpcds_39,inv_warehouse_sk,0,0,0,3.0121,0,0,0,0,321.5693,-324.5814,0
tpcds_39,inv_item_sk,0,0,0,0.0861,128,1048576,0,1048576,322.4770,726.0129,1
tpcds_39,inv_warehouse_sk,0,0,0,3.8428,0,0,0,0,323.3016,-327.1444,0
tpcds_39,inv_item_sk,0,0,0,0.0861,128,1048576,0,1048576,322.4948,725.9952,1
tpcds_39,inv_warehouse_sk,0,0,0,3.8428,0,0,0,0,323.6576,-327.5004,0
tpcds_39,inv_item_sk,0,0,0,0.2695,128,1048576,0,1048576,323.5032,724.8033,1
tpcds_39,inv_warehouse_sk,0,0,0,3.0121,0,0,0,0,324.2607,-327.2728,0
tpcds_39,inv_item_sk,0,0,0,0.2695,128,1048576,0,1048576,324.2469,724.0597,1
tpcds_39,inv_warehouse_sk,0,0,0,3.0121,0,0,0,0,324.8081,-327.8202,0
tpcds_39,inv_item_sk,0,0,0,0.0861,128,1048576,0,1048576,328.0404,720.4495,1
tpcds_39,inv_warehouse_sk,0,0,0,3.8428,0,0,0,0,329.9547,-333.7976,0
tpcds_39,inv_item_sk,0,0,0,0.2695,128,1048576,0,1048576,329.5668,718.7397,1
tpcds_39,inv_warehouse_sk,0,0,0,3.0121,0,0,0,0,330.5466,-333.5587,0
tpcds_39,inv_item_sk,0,0,0,0.0861,128,1048576,0,1048576,328.9965,719.4934,1
tpcds_39,inv_warehouse_sk,0,0,0,3.8428,0,0,0,0,330.2723,-334.1152,0
tpcds_39,d_date_sk,0,0,0,333.4817,0,0,0,0,0.1370,-333.6187,0
tpcds_39,d_date_sk,0,0,0,333.4817,0,0,0,0,0.1504,-333.6321,0
tpcds_39,d_date_sk,0,0,0,333.4817,0,0,0,0,0.1846,-333.6663,0
tpcds_39,d_date_sk,0,0,0,333.4817,0,0,0,0,0.1813,-333.6630,0
tpcds_39,d_date_sk,0,0,0,333.4817,0,0,0,0,0.1768,-333.6585,0
tpcds_39,d_date_sk,0,0,0,333.4817,0,0,0,0,0.1852,-333.6669,0
tpcds_39,d_date_sk,0,0,0,333.4817,0,0,0,0,0.1918,-333.6734,0
tpcds_39,d_date_sk,0,0,0,333.4817,0,0,0,0,0.2137,-333.6954,0
tpcds_39,d_date_sk,0,0,0,333.4817,0,0,0,0,0.2050,-333.6867,0
tpcds_39,d_date_sk,0,0,0,333.4817,0,0,0,0,0.2340,-333.7157,0
tpcds_39,d_date_sk,0,0,0,333.4817,0,0,0,0,0.2791,-333.7608,0
tpcds_39,d_date_sk,0,0,0,333.4817,0,0,0,0,0.2346,-333.7163,0
tpcds_39,d_date_sk,0,0,0,333.4817,0,0,0,0,0.2334,-333.7151,0
tpcds_39,d_date_sk,0,0,0,333.4817,0,0,0,0,0.2415,-333.7232,0
tpcds_39,d_date_sk,0,0,0,333.4817,0,0,0,0,0.2650,-333.7466,0
tpcds_39,d_date_sk,0,0,0,333.4817,0,0,0,0,0.2788,-333.7605,0
tpcds_39,inv_item_sk,0,0,0,0.2695,128,1048576,0,1048576,329.7866,718.5199,1
tpcds_39,inv_warehouse_sk,0,0,0,3.0121,0,0,0,0,331.2840,-334.2961,0
tpcds_39,d_date_sk,0,0,0,0.0155,0,0,0,0,0.1948,-0.2103,0
tpcds_39,d_date_sk,0,0,0,0.0155,0,0,0,0,0.0861,-0.1016,0
tpcds_39,d_date_sk,0,0,0,0.0155,0,0,0,0,0.1223,-0.1378,0
tpcds_39,d_date_sk,0,0,0,0.0155,0,0,0,0,0.2105,-0.2260,0
tpcds_39,d_date_sk,0,0,0,0.0155,0,0,0,0,0.1713,-0.1869,0
tpcds_39,d_date_sk,0,0,0,0.0155,0,0,0,0,0.2410,-0.2565,0
tpcds_39,d_date_sk,0,0,0,0.0155,0,0,0,0,0.2351,-0.2506,0
tpcds_39,d_date_sk,0,0,0,0.0155,0,0,0,0,0.1332,-0.1487,0
tpcds_39,d_date_sk,0,0,0,0.0155,0,0,0,0,0.2211,-0.2366,0
tpcds_39,d_date_sk,0,0,0,0.0155,0,0,0,0,0.1885,-0.2040,0
tpcds_39,d_date_sk,0,0,0,0.0155,0,0,0,0,0.2032,-0.2187,0
tpcds_39,d_date_sk,0,0,0,0.0155,0,0,0,0,0.2820,-0.2975,0
tpcds_39,d_date_sk,0,0,0,0.0155,0,0,0,0,0.1836,-0.1991,0
tpcds_39,d_date_sk,0,0,0,0.0155,0,0,0,0,0.2915,-0.3070,0
tpcds_39,d_date_sk,0,0,0,0.0155,0,0,0,0,0.2421,-0.2576,0
tpcds_39,d_date_sk,0,0,0,0.0155,0,0,0,0,0.2876,-0.3031,0
tpcds_42,ss_sold_date_sk,0,0,0,0.3894,0,0,0,0,0.1592,-0.5486,0
tpcds_42,ss_sold_date_sk,0,0,0,0.3894,0,0,0,0,0.0497,-0.4391,0
tpcds_42,ss_sold_date_sk,0,0,0,0.3894,0,0,0,0,0.0379,-0.4274,0
tpcds_42,ss_sold_date_sk,0,0,0,0.3894,0,0,0,0,0.0344,-0.4239,0
tpcds_42,ss_sold_date_sk,0,0,0,0.3894,0,0,0,0,0.0630,-0.4524,0
tpcds_42,ss_sold_date_sk,0,0,0,0.3894,0,0,0,0,0.0315,-0.4209,0
tpcds_42,ss_sold_date_sk,0,0,0,0.3894,0,0,0,0,0.0395,-0.4290,0
tpcds_42,ss_sold_date_sk,0,0,0,0.3894,0,0,0,0,0.0344,-0.4238,0
tpcds_42,ss_sold_date_sk,0,0,0,0.3894,0,0,0,0,0.0379,-0.4274,0
tpcds_42,ss_sold_date_sk,0,0,0,0.3894,0,0,0,0,0.0322,-0.4216,0
tpcds_42,ss_sold_date_sk,0,0,0,0.3894,0,0,0,0,0.0321,-0.4215,0
tpcds_42,ss_sold_date_sk,0,0,0,0.3894,0,0,0,0,0.0341,-0.4236,0
tpcds_42,ss_sold_date_sk,0,0,0,0.3894,0,0,0,0,0.0322,-0.4216,0
tpcds_42,ss_sold_date_sk,0,0,0,0.3894,96,783252,747757,35495,74.6012,-39.4957,0
tpcds_42,ss_sold_date_sk,0,0,0,0.3894,128,1048576,1001584,46992,87.8630,-41.2604,0
tpcds_42,ss_sold_date_sk,0,0,0,0.3894,128,1048576,1001426,47150,89.2187,-42.4581,0
tpcds_42,i_item_sk,0,0,0,89.6093,0,0,0,0,5.6541,-95.2634,0
tpcds_42,i_item_sk,0,0,0,89.6093,0,0,0,0,5.5872,-95.1965,0
tpcds_42,i_item_sk,0,0,0,89.6093,0,0,0,0,5.6840,-95.2933,0
tpcds_42,i_item_sk,0,0,0,89.6093,0,0,0,0,5.7096,-95.3189,0
tpcds_42,i_item_sk,0,0,0,89.6093,0,0,0,0,5.7141,-95.3234,0
tpcds_42,i_item_sk,0,0,0,89.6093,0,0,0,0,5.7284,-95.3377,0
tpcds_42,i_item_sk,0,0,0,89.6093,0,0,0,0,5.7311,-95.3404,0
tpcds_42,i_item_sk,0,0,0,89.6093,0,0,0,0,5.7435,-95.3528,0
tpcds_42,i_item_sk,0,0,0,89.6093,0,0,0,0,5.7094,-95.3187,0
tpcds_42,i_item_sk,0,0,0,89.6093,0,0,0,0,5.7139,-95.3232,0
tpcds_42,i_item_sk,0,0,0,89.6093,0,0,0,0,5.7510,-95.3603,0
tpcds_42,i_item_sk,0,0,0,89.6093,0,0,0,0,5.7413,-95.3505,0
tpcds_42,i_item_sk,0,0,0,89.6093,0,0,0,0,5.7526,-95.3619,0
tpcds_42,i_item_sk,0,0,0,89.6093,0,0,0,0,5.7968,-95.4061,0
tpcds_42,i_item_sk,0,0,0,89.6093,0,0,0,0,5.7817,-95.3910,0
tpcds_42,i_item_sk,0,0,0,89.6093,0,0,0,0,5.7985,-95.4078,0
tpcds_43,ss_sold_date_sk,0,0,0,0.0499,0,0,0,0,0.1128,-0.1627,0
tpcds_43,ss_sold_date_sk,0,0,0,0.0499,0,0,0,0,0.0318,-0.0818,0
tpcds_43,ss_sold_date_sk,0,0,0,0.0499,0,0,0,0,0.0449,-0.0949,0
tpcds_43,ss_sold_date_sk,0,0,0,0.0499,0,0,0,0,0.0295,-0.0795,0
tpcds_43,ss_sold_date_sk,0,0,0,0.0499,0,0,0,0,0.0267,-0.0766,0
tpcds_43,ss_sold_date_sk,0,0,0,0.0499,0,0,0,0,0.0310,-0.0809,0
tpcds_43,ss_sold_date_sk,0,0,0,0.0499,0,0,0,0,0.0243,-0.0742,0
tpcds_43,ss_sold_date_sk,0,0,0,0.0499,0,0,0,0,0.0270,-0.0769,0
tpcds_43,ss_sold_date_sk,0,0,0,0.0499,0,0,0,0,0.0260,-0.0759,0
tpcds_43,ss_sold_date_sk,0,0,0,0.0499,0,0,0,0,0.0866,-0.1366,0
tpcds_43,ss_sold_date_sk,0,0,0,0.0499,0,0,0,0,1.2375,-1.2874,0
tpcds_43,ss_sold_date_sk,0,0,0,0.0499,0,0,0,0,0.9843,-1.0342,0
tpcds_43,ss_sold_date_sk,0,0,0,0.0499,0,0,0,0,1.7609,-1.8109,0
tpcds_43,ss_sold_date_sk,0,0,0,0.0499,96,783252,747757,35495,46.8276,-11.3826,0
tpcds_43,ss_sold_date_sk,0,0,0,0.0499,128,1048576,1001584,46992,58.5702,-11.6282,0
tpcds_43,ss_sold_date_sk,0,0,0,0.0499,128,1048576,1001426,47150,58.3945,-11.2944,0
tpcds_43,s_store_sk,0,0,0,59.8077,0,0,0,0,0.1236,-59.9312,0
tpcds_43,s_store_sk,0,0,0,59.8077,0,0,0,0,0.1343,-59.9420,0
tpcds_43,s_store_sk,0,0,0,59.8077,0,0,0,0,0.1752,-59.9828,0
tpcds_43,s_store_sk,0,0,0,59.8077,0,0,0,0,0.1624,-59.9701,0
tpcds_43,s_store_sk,0,0,0,59.8077,0,0,0,0,0.1678,-59.9754,0
tpcds_43,s_store_sk,0,0,0,59.8077,0,0,0,0,0.1933,-60.0010,0
tpcds_43,s_store_sk,0,0,0,59.8077,0,0,0,0,0.2059,-60.0136,0
tpcds_43,s_store_sk,0,0,0,59.8077,0,0,0,0,0.1904,-59.9981,0
tpcds_43,s_store_sk,0,0,0,59.8077,0,0,0,0,0.2064,-60.0141,0
tpcds_43,s_store_sk,0,0,0,59.8077,0,0,0,0,0.2291,-60.0368,0
tpcds_43,s_store_sk,0,0,0,59.8077,0,0,0,0,0.2384,-60.0460,0
tpcds_43,s_store_sk,0,0,0,59.8077,0,0,0,0,0.2227,-60.0304,0
tpcds_43,s_store_sk,0,0,0,59.8077,0,0,0,0,0.2463,-60.0540,0
tpcds_43,s_store_sk,0,0,0,59.8077,0,0,0,0,0.2792,-60.0869,0
tpcds_43,s_store_sk,0,0,0,59.8077,0,0,0,0,0.2674,-60.0751,0
tpcds_43,s_store_sk,0,0,0,59.8077,0,0,0,0,0.2487,-60.0563,0
tpcds_44,item_sk,0,0,0,0.1241,0,0,0,0,81.9505,-82.0746,0
tpcds_44,item_sk,0,0,0,0.1241,0,0,0,0,81.9445,-82.0686,0
tpcds_44,item_sk,0,0,0,0.1241,0,0,0,0,82.0071,-82.1312,0
tpcds_44,item_sk,0,0,0,0.4489,0,0,0,0,82.3446,-82.7935,0
tpcds_44,item_sk,0,0,0,0.4489,0,0,0,0,82.3425,-82.7913,0
tpcds_44,item_sk,0,0,0,0.4489,0,0,0,0,82.3583,-82.8072,0
tpcds_44,item_sk,0,0,0,0.1241,0,0,0,0,82.0027,-82.1268,0
tpcds_44,item_sk,0,0,0,0.1241,0,0,0,0,82.1482,-82.2723,0
tpcds_44,item_sk,0,0,0,0.1241,0,0,0,0,82.0770,-82.2011,0
tpcds_44,item_sk,0,0,0,0.4489,0,0,0,0,82.3674,-82.8163,0
tpcds_44,item_sk,0,0,0,0.4489,0,0,0,0,82.4090,-82.8579,0
tpcds_44,item_sk,0,0,0,0.4489,0,0,0,0,82.3788,-82.8277,0
tpcds_44,item_sk,0,0,0,0.1241,0,0,0,0,82.0324,-82.1565,0
tpcds_44,item_sk,0,0,0,0.1241,0,0,0,0,82.0425,-82.1666,0
tpcds_44,item_sk,0,0,0,0.4489,0,0,0,0,82.3812,-82.8301,0
tpcds_44,item_sk,0,0,0,0.4489,0,0,0,0,82.3896,-82.8385,0
tpcds_45,ca_address_sk,0,0,0,152.4195,1,8192,0,8192,7.6050,-151.8324,0
tpcds_45,ca_address_sk,0,0,0,152.4195,1,8192,0,8192,8.0485,-152.2760,0
tpcds_45,ca_address_sk,0,0,0,152.4195,0,0,0,0,7.6107,-160.0302,0
tpcds_45,ca_address_sk,0,0,0,152.4195,1,8192,0,8192,7.6354,-151.8629,0
tpcds_45,ca_address_sk,0,0,0,152.4195,0,0,0,0,7.6987,-160.1182,0
tpcds_45,ca_address_sk,0,0,0,152.4195,0,0,0,0,7.7307,-160.1501,0
tpcds_45,ca_address_sk,0,0,0,152.4195,1,8192,0,8192,7.7634,-151.9909,0
tpcds_45,ca_address_sk,0,0,0,152.4195,1,8192,0,8192,7.7887,-152.0161,0
tpcds_45,ca_address_sk,0,0,0,152.4195,0,0,0,0,7.8309,-160.2503,0
tpcds_45,ca_address_sk,0,0,0,152.4195,0,0,0,0,7.8931,-160.3125,0
tpcds_45,ca_address_sk,0,0,0,152.4195,0,0,0,0,7.8890,-160.3085,0
tpcds_45,ca_address_sk,0,0,0,152.4195,0,0,0,0,7.9314,-160.3509,0
tpcds_45,ca_address_sk,0,0,0,152.4195,1,848,0,848,7.9657,-159.5371,0
tpcds_45,ca_address_sk,0,0,0,152.4195,1,8192,0,8192,7.9768,-152.2042,0
tpcds_45,ca_address_sk,0,0,0,152.4195,0,0,0,0,8.0095,-160.4290,0
tpcds_45,ca_address_sk,0,0,0,152.4195,0,0,0,0,8.0360,-160.4554,0
tpcds_45,d_date_sk,0,0,0,160.9733,0,0,0,0,0.9668,-161.9401,0
tpcds_45,d_date_sk,0,0,0,160.9733,0,0,0,0,0.9849,-161.9581,0
tpcds_45,d_date_sk,0,0,0,160.9733,0,0,0,0,1.0011,-161.9744,0
tpcds_45,d_date_sk,0,0,0,160.9733,0,0,0,0,1.0167,-161.9900,0
tpcds_45,d_date_sk,0,0,0,160.9733,0,0,0,0,1.0165,-161.9898,0
tpcds_45,d_date_sk,0,0,0,160.9733,0,0,0,0,1.0328,-162.0061,0
tpcds_45,d_date_sk,0,0,0,160.9733,0,0,0,0,1.0284,-162.0017,0
tpcds_45,d_date_sk,0,0,0,160.9733,0,0,0,0,1.0317,-162.0050,0
tpcds_45,d_date_sk,0,0,0,160.9733,0,0,0,0,1.0431,-162.0164,0
tpcds_45,d_date_sk,0,0,0,160.9733,0,0,0,0,1.0303,-162.0036,0
tpcds_45,d_date_sk,0,0,0,160.9733,0,0,0,0,1.0533,-162.0266,0
tpcds_45,d_date_sk,0,0,0,160.9733,0,0,0,0,1.0685,-162.0418,0
tpcds_45,d_date_sk,0,0,0,160.9733,0,0,0,0,1.0578,-162.0310,0
tpcds_45,d_date_sk,0,0,0,160.9733,0,0,0,0,1.0480,-162.0212,0
tpcds_45,d_date_sk,0,0,0,160.9733,0,0,0,0,1.0940,-162.0673,0
tpcds_45,d_date_sk,0,0,0,160.9733,0,0,0,0,1.0846,-162.0578,0
tpcds_45,i_item_sk,0,0,0,162.2527,0,0,0,0,2.9892,-165.2419,0
tpcds_45,i_item_sk,0,0,0,162.2527,0,0,0,0,3.0443,-165.2970,0
tpcds_45,i_item_sk,0,0,0,162.2527,1,8192,0,8192,3.0515,-157.1122,0
tpcds_45,i_item_sk,0,0,0,162.2527,0,0,0,0,3.0468,-165.2995,0
tpcds_45,i_item_sk,0,0,0,162.2527,0,0,0,0,3.0624,-165.3151,0
tpcds_45,i_item_sk,0,0,0,162.2527,0,0,0,0,3.0580,-165.3107,0
tpcds_45,i_item_sk,0,0,0,162.2527,0,0,0,0,3.0973,-165.3500,0
tpcds_45,i_item_sk,0,0,0,162.2527,0,0,0,0,3.0808,-165.3335,0
tpcds_45,i_item_sk,0,0,0,162.2527,0,0,0,0,3.0728,-165.3255,0
tpcds_45,i_item_sk,0,0,0,162.2527,0,0,0,0,3.1014,-165.3541,0
tpcds_45,i_item_sk,0,0,0,162.2527,0,0,0,0,3.0911,-165.3438,0
tpcds_45,i_item_sk,0,0,0,162.2527,1,8192,0,8192,3.1036,-157.1643,0
tpcds_45,i_item_sk,0,0,0,162.2527,1,1616,0,1616,3.1091,-163.7458,0
tpcds_45,i_item_sk,0,0,0,162.2527,0,0,0,0,3.1231,-165.3758,0
tpcds_45,i_item_sk,0,0,0,162.2527,0,0,0,0,3.1321,-165.3848,0
tpcds_45,i_item_sk,0,0,0,162.2527,0,0,0,0,3.1232,-165.3759,0
tpcds_46,ss_sold_date_sk,0,0,0,0.6686,0,0,0,0,0.2888,-0.9574,0
tpcds_46,ss_sold_date_sk,0,0,0,0.6686,0,0,0,0,0.3226,-0.9912,0
tpcds_46,ss_sold_date_sk,0,0,0,0.6686,0,0,0,0,0.4446,-1.1132,0
tpcds_46,ss_sold_date_sk,0,0,0,0.6686,0,0,0,0,0.4645,-1.1331,0
tpcds_46,ss_sold_date_sk,0,0,0,0.6686,0,0,0,0,0.1413,-0.8100,0
tpcds_46,ss_sold_date_sk,0,0,0,0.6686,0,0,0,0,0.1118,-0.7804,0
tpcds_46,ss_sold_date_sk,0,0,0,0.6686,0,0,0,0,0.1071,-0.7758,0
tpcds_46,ss_sold_date_sk,0,0,0,0.6686,0,0,0,0,0.1735,-0.8421,0
tpcds_46,ss_sold_date_sk,0,0,0,0.6686,0,0,0,0,0.2032,-0.8718,0
tpcds_46,ss_sold_date_sk,0,0,0,0.6686,0,0,0,0,0.2103,-0.8789,0
tpcds_46,ss_sold_date_sk,0,0,0,0.6686,0,0,0,0,0.1577,-0.8264,0
tpcds_46,ss_sold_date_sk,0,0,0,0.6686,0,0,0,0,0.1736,-0.8422,0
tpcds_46,ss_sold_date_sk,0,0,0,0.6686,96,783252,747757,35495,146.8834,-112.0571,0
tpcds_46,ss_sold_date_sk,0,0,0,0.6686,128,1048576,1001426,47150,168.4390,-121.9576,0
tpcds_46,ss_sold_date_sk,0,0,0,0.6686,128,1048576,1001584,46992,168.8894,-122.5660,0
tpcds_47,ss_item_sk,0,0,0,4.1225,0,0,0,0,0.1952,-4.3177,0
tpcds_47,ss_item_sk,0,0,0,4.3513,0,0,0,0,0.2456,-4.5969,0
tpcds_47,ss_item_sk,0,0,0,4.1225,0,0,0,0,0.1469,-4.2694,0
tpcds_47,ss_item_sk,0,0,0,4.1225,0,0,0,0,0.2699,-4.3924,0
tpcds_47,ss_item_sk,0,0,0,4.1225,0,0,0,0,0.0873,-4.2098,0
tpcds_47,ss_item_sk,0,0,0,4.1225,0,0,0,0,0.1171,-4.2396,0
tpcds_47,ss_item_sk,0,0,0,4.1225,0,0,0,0,0.1007,-4.2232,0
tpcds_47,ss_item_sk,0,0,0,4.3513,0,0,0,0,0.1194,-4.4707,0
tpcds_47,ss_item_sk,0,0,0,4.1225,0,0,0,0,0.0729,-4.1954,0
tpcds_47,ss_item_sk,0,0,0,4.1225,0,0,0,0,0.0776,-4.2001,0
tpcds_47,ss_item_sk,0,0,0,4.1225,0,0,0,0,0.0886,-4.2111,0
tpcds_47,ss_item_sk,0,0,0,4.3513,0,0,0,0,0.0821,-4.4334,0
tpcds_47,ss_item_sk,0,0,0,4.1225,0,0,0,0,0.0703,-4.1928,0
tpcds_47,ss_item_sk,0,0,0,4.3513,0,0,0,0,0.0748,-4.4261,0
tpcds_47,ss_item_sk,0,0,0,4.1225,0,0,0,0,0.0795,-4.2020,0
tpcds_47,ss_item_sk,0,0,0,4.3513,0,0,0,0,0.0688,-4.4201,0
tpcds_47,ss_item_sk,0,0,0,4.3513,0,0,0,0,0.0695,-4.4208,0
tpcds_47,ss_item_sk,0,0,0,4.1225,0,0,0,0,0.0880,-4.2105,0
tpcds_47,ss_item_sk,0,0,0,4.3513,0,0,0,0,0.0682,-4.4195,0
tpcds_47,ss_item_sk,0,0,0,4.1225,0,0,0,0,0.0667,-4.1892,0
tpcds_47,ss_item_sk,0,0,0,4.3513,0,0,0,0,0.1230,-4.4743,0
tpcds_47,ss_item_sk,0,0,0,4.3513,0,0,0,0,0.0780,-4.4293,0
tpcds_47,ss_item_sk,0,0,0,4.3513,0,0,0,0,0.0758,-4.4271,0
tpcds_47,ss_item_sk,0,0,0,4.3513,0,0,0,0,0.0909,-4.4422,0
tpcds_47,ss_item_sk,0,0,0,4.3513,0,0,0,0,0.0782,-4.4295,0
tpcds_47,ss_item_sk,0,0,0,4.3513,0,0,0,0,0.4549,-4.8062,0
tpcds_47,ss_item_sk,0,0,0,7.1071,0,0,0,0,0.1557,-7.2628,0
tpcds_47,ss_item_sk,0,0,0,7.1071,0,0,0,0,0.1614,-7.2685,0
tpcds_47,ss_item_sk,0,0,0,7.1071,0,0,0,0,0.0782,-7.1853,0
tpcds_47,ss_item_sk,0,0,0,7.1071,0,0,0,0,0.0971,-7.2042,0
tpcds_47,ss_item_sk,0,0,0,7.1071,0,0,0,0,0.1837,-7.2908,0
tpcds_47,ss_item_sk,0,0,0,7.1071,0,0,0,0,0.1178,-7.2249,0
tpcds_47,ss_item_sk,0,0,0,7.1071,0,0,0,0,0.1160,-7.2231,0
tpcds_47,ss_item_sk,0,0,0,7.1071,0,0,0,0,0.1191,-7.2262,0
tpcds_47,ss_item_sk,0,0,0,7.1071,0,0,0,0,0.0801,-7.1871,0
tpcds_47,ss_item_sk,0,0,0,7.1071,0,0,0,0,0.0836,-7.1907,0
tpcds_47,ss_item_sk,0,0,0,7.1071,0,0,0,0,0.1426,-7.2497,0
tpcds_47,ss_item_sk,0,0,0,7.1071,0,0,0,0,0.0795,-7.1865,0
tpcds_47,ss_item_sk,0,0,0,7.1071,0,0,0,0,0.4304,-7.5375,0
tpcds_47,ss_item_sk,0,0,0,4.3513,96,783252,747740,35512,133.7284,-102.5677,0
tpcds_47,ss_item_sk,0,0,0,7.1071,96,783252,747740,35512,141.1901,-112.7852,0
tpcds_47,ss_item_sk,0,0,0,4.1225,96,783252,747740,35512,144.9809,-113.5914,0
tpcds_47,ss_item_sk,0,0,0,4.1225,128,1048576,1001547,47029,173.7696,-130.8632,0
tpcds_47,ss_item_sk,0,0,0,4.1225,128,1048576,1001365,47211,174.5643,-131.4758,0
tpcds_47,d_date_sk,0,0,0,180.1132,0,0,0,0,0.9550,-181.0682,0
tpcds_47,d_date_sk,0,0,0,180.1132,0,0,0,0,0.5678,-180.6809,0
tpcds_47,d_date_sk,0,0,0,180.1132,0,0,0,0,2.0538,-182.1670,0
tpcds_47,d_date_sk,0,0,0,180.1132,0,0,0,0,2.1248,-182.2379,0
tpcds_47,d_date_sk,0,0,0,180.1132,0,0,0,0,0.3953,-180.5084,0
tpcds_47,d_date_sk,0,0,0,180.1132,0,0,0,0,2.2514,-182.3645,0
tpcds_47,d_date_sk,0,0,0,180.1132,0,0,0,0,1.6771,-181.7903,0
tpcds_47,d_date_sk,0,0,0,180.1132,0,0,0,0,1.3588,-181.4719,0
tpcds_47,d_date_sk,0,0,0,180.1132,0,0,0,0,1.8750,-181.9881,0
tpcds_47,d_date_sk,0,0,0,180.1132,0,0,0,0,0.5763,-180.6895,0
tpcds_47,d_date_sk,0,0,0,180.1132,0,0,0,0,0.5444,-180.6575,0
tpcds_47,d_date_sk,0,0,0,180.1132,0,0,0,0,1.2217,-181.3349,0
tpcds_47,d_date_sk,0,0,0,180.1132,0,0,0,0,2.1131,-182.2263,0
tpcds_47,d_date_sk,0,0,0,180.1132,0,0,0,0,1.9921,-182.1053,0
tpcds_47,d_date_sk,0,0,0,180.1132,0,0,0,0,1.6581,-181.7713,0
tpcds_47,d_date_sk,0,0,0,180.1132,0,0,0,0,1.5608,-181.6740,0
tpcds_47,ss_item_sk,0,0,0,7.1071,128,1048576,1001547,47029,178.2692,-138.3473,0
tpcds_47,ss_item_sk,0,0,0,4.3513,128,1048576,1001365,47211,180.7370,-137.8773,0
tpcds_47,ss_item_sk,0,0,0,4.3513,128,1048576,1001547,47029,182.1905,-139.5128,0
tpcds_47,d_date_sk,0,0,0,188.1677,0,0,0,0,0.1290,-188.2967,0
tpcds_47,d_date_sk,0,0,0,188.1677,0,0,0,0,0.1536,-188.3213,0
tpcds_47,d_date_sk,0,0,0,188.1677,0,0,0,0,0.1682,-188.3359,0
tpcds_47,d_date_sk,0,0,0,188.1677,0,0,0,0,0.1810,-188.3486,0
tpcds_47,d_date_sk,0,0,0,188.1677,0,0,0,0,0.1838,-188.3515,0
tpcds_47,d_date_sk,0,0,0,188.1677,0,0,0,0,0.1872,-188.3549,0
tpcds_47,d_date_sk,0,0,0,188.1677,0,0,0,0,0.1877,-188.3553,0
tpcds_47,d_date_sk,0,0,0,188.1677,0,0,0,0,0.1698,-188.3375,0
tpcds_47,d_date_sk,0,0,0,188.1677,0,0,0,0,0.2040,-188.3716,0
tpcds_47,d_date_sk,0,0,0,188.1677,0,0,0,0,0.1803,-188.3479,0
tpcds_47,d_date_sk,0,0,0,188.1677,0,0,0,0,0.1844,-188.3521,0
tpcds_47,d_date_sk,0,0,0,188.1677,0,0,0,0,0.2047,-188.3724,0
tpcds_47,d_date_sk,0,0,0,188.1677,0,0,0,0,0.2391,-188.4068,0
tpcds_47,d_date_sk,0,0,0,188.1677,0,0,0,0,0.2002,-188.3679,0
tpcds_47,d_date_sk,0,0,0,188.1677,0,0,0,0,0.2084,-188.3761,0
tpcds_47,d_date_sk,0,0,0,188.1677,0,0,0,0,0.2166,-188.3842,0
tpcds_47,ss_item_sk,0,0,0,7.1071,128,1048576,1001365,47211,181.8714,-141.7675,0
tpcds_47,d_date_sk,0,0,0,189.5948,0,0,0,0,0.0909,-189.6857,0
tpcds_47,d_date_sk,0,0,0,189.5948,0,0,0,0,0.0913,-189.6861,0
tpcds_47,d_date_sk,0,0,0,189.5948,0,0,0,0,0.1088,-189.7036,0
tpcds_47,d_date_sk,0,0,0,189.5948,0,0,0,0,0.1166,-189.7113,0
tpcds_47,d_date_sk,0,0,0,189.5948,0,0,0,0,0.1356,-189.7303,0
tpcds_47,d_date_sk,0,0,0,189.5948,0,0,0,0,0.1184,-189.7132,0
tpcds_47,d_date_sk,0,0,0,189.5948,0,0,0,0,0.1292,-189.7240,0
tpcds_47,d_date_sk,0,0,0,189.5948,0,0,0,0,0.1141,-189.7089,0
tpcds_47,d_date_sk,0,0,0,189.5948,0,0,0,0,0.1435,-189.7383,0
tpcds_47,d_date_sk,0,0,0,189.5948,0,0,0,0,0.1377,-189.7325,0
tpcds_47,d_date_sk,0,0,0,189.5948,0,0,0,0,0.1323,-189.7271,0
tpcds_47,d_date_sk,0,0,0,189.5948,0,0,0,0,0.1488,-189.7436,0
tpcds_47,d_date_sk,0,0,0,189.5948,0,0,0,0,0.1477,-189.7425,0
tpcds_47,d_date_sk,0,0,0,189.5948,0,0,0,0,0.1304,-189.7252,0
tpcds_47,d_date_sk,0,0,0,189.5948,0,0,0,0,0.1315,-189.7263,0
tpcds_47,d_date_sk,0,0,0,189.5948,0,0,0,0,0.1396,-189.7344,0
tpcds_47,s_store_sk,0,0,0,188.5353,1,12,0,12,4.7615,-193.2848,0
tpcds_47,s_store_sk,0,0,0,0.0043,1,12,0,12,4.1468,-4.1391,0
tpcds_47,i_category,0,0,0,194.7603,0,0,0,0,4.2073,-198.9676,0
tpcds_47,i_brand,0,0,0,194.7629,0,0,0,0,4.2142,-198.9771,0
tpcds_47,s_store_name,0,0,0,194.7640,0,0,0,0,4.2181,-198.9820,0
tpcds_47,s_company_name,0,0,0,194.7651,0,0,0,0,4.2217,-198.9868,0
tpcds_47,rn,0,0,0,194.7660,0,0,0,0,4.2254,-198.9914,0
tpcds_47,s_store_sk,0,0,0,0.0051,1,12,0,12,3.5999,-3.5930,0
tpcds_47,i_category,0,0,0,199.0090,0,0,0,0,3.6439,-202.6529,0
tpcds_47,i_brand,0,0,0,199.0112,0,0,0,0,3.6508,-202.6619,0
tpcds_47,s_store_name,0,0,0,199.0122,0,0,0,0,3.6549,-202.6671,0
tpcds_47,s_company_name,0,0,0,199.0130,0,0,0,0,3.6589,-202.6719,0
tpcds_47,rn,0,0,0,199.0161,0,0,0,0,3.6630,-202.6792,0
tpcds_48,ss_store_sk,0,0,0,0.1909,0,0,0,0,0.7921,-0.9830,0
tpcds_49,d_date_sk,0,0,0,143.8140,0,0,0,0,0.1611,-143.9751,0
tpcds_49,d_date_sk,0,0,0,143.8140,0,0,0,0,0.1836,-143.9976,0
tpcds_49,d_date_sk,0,0,0,143.8140,0,0,0,0,0.3003,-144.1143,0
tpcds_49,d_date_sk,0,0,0,143.8140,0,0,0,0,0.2925,-144.1065,0
tpcds_49,d_date_sk,0,0,0,143.8140,0,0,0,0,0.3166,-144.1306,0
tpcds_49,d_date_sk,0,0,0,143.8140,0,0,0,0,0.3168,-144.1308,0
tpcds_49,d_date_sk,0,0,0,143.8140,0,0,0,0,0.3492,-144.1632,0
tpcds_49,d_date_sk,0,0,0,143.8140,0,0,0,0,0.3299,-144.1439,0
tpcds_49,d_date_sk,0,0,0,143.8140,0,0,0,0,0.3301,-144.1441,0
tpcds_49,d_date_sk,0,0,0,143.8140,0,0,0,0,0.3236,-144.1376,0
tpcds_49,d_date_sk,0,0,0,143.8140,0,0,0,0,0.3480,-144.1620,0
tpcds_49,d_date_sk,0,0,0,143.8140,0,0,0,0,0.3539,-144.1679,0
tpcds_49,d_date_sk,0,0,0,143.8140,0,0,0,0,0.3598,-144.1738,0
tpcds_49,d_date_sk,0,0,0,143.8140,0,0,0,0,0.3540,-144.1680,0
tpcds_49,d_date_sk,0,0,0,143.8140,0,0,0,0,0.3857,-144.1997,0
tpcds_49,d_date_sk,0,0,0,143.8140,0,0,0,0,0.3946,-144.2085,0
tpcds_49,d_date_sk,0,0,0,223.3264,0,0,0,0,0.0735,-223.3999,0
tpcds_49,d_date_sk,0,0,0,223.3264,0,0,0,0,0.1413,-223.4677,0
tpcds_49,d_date_sk,0,0,0,223.3264,0,0,0,0,0.1852,-223.5115,0
tpcds_49,d_date_sk,0,0,0,223.3264,0,0,0,0,0.1648,-223.4911,0
tpcds_49,d_date_sk,0,0,0,223.3264,0,0,0,0,0.1689,-223.4952,0
tpcds_49,d_date_sk,0,0,0,223.3264,0,0,0,0,0.2001,-223.5264,0
tpcds_49,d_date_sk,0,0,0,223.3264,0,0,0,0,0.1226,-223.4490,0
tpcds_49,d_date_sk,0,0,0,223.3264,0,0,0,0,0.2182,-223.5446,0
tpcds_49,d_date_sk,0,0,0,223.3264,0,0,0,0,0.2247,-223.5510,0
tpcds_49,d_date_sk,0,0,0,223.3264,0,0,0,0,0.2343,-223.5606,0
tpcds_49,d_date_sk,0,0,0,223.3264,0,0,0,0,0.2053,-223.5317,0
tpcds_49,d_date_sk,0,0,0,223.3264,0,0,0,0,0.2586,-223.5850,0
tpcds_49,d_date_sk,0,0,0,223.3264,0,0,0,0,0.1772,-223.5036,0
tpcds_49,d_date_sk,0,0,0,223.3264,0,0,0,0,0.2265,-223.5528,0
tpcds_49,d_date_sk,0,0,0,223.3264,0,0,0,0,0.2254,-223.5518,0
tpcds_49,d_date_sk,0,0,0,223.3264,0,0,0,0,0.2832,-223.6096,0
tpcds_49,d_date_sk,0,0,0,230.1307,0,0,0,0,0.1509,-230.2816,0
tpcds_49,d_date_sk,0,0,0,230.1307,0,0,0,0,0.2092,-230.3399,0
tpcds_49,d_date_sk,0,0,0,230.1307,0,0,0,0,0.2284,-230.3591,0
tpcds_49,d_date_sk,0,0,0,230.1307,0,0,0,0,0.2741,-230.4048,0
tpcds_49,d_date_sk,0,0,0,230.1307,0,0,0,0,0.2352,-230.3659,0
tpcds_49,d_date_sk,0,0,0,230.1307,0,0,0,0,0.2750,-230.4057,0
tpcds_49,d_date_sk,0,0,0,230.1307,0,0,0,0,0.2744,-230.4051,0
tpcds_49,d_date_sk,0,0,0,230.1307,0,0,0,0,0.2880,-230.4187,0
tpcds_49,d_date_sk,0,0,0,230.1307,0,0,0,0,0.3044,-230.4351,0
tpcds_49,d_date_sk,0,0,0,230.1307,0,0,0,0,0.2986,-230.4293,0
tpcds_49,d_date_sk,0,0,0,230.1307,0,0,0,0,0.3098,-230.4405,0
tpcds_49,d_date_sk,0,0,0,230.1307,0,0,0,0,0.3135,-230.4442,0
tpcds_49,d_date_sk,0,0,0,230.1307,0,0,0,0,0.3270,-230.4577,0
tpcds_49,d_date_sk,0,0,0,230.1307,0,0,0,0,0.3393,-230.4700,0
tpcds_49,d_date_sk,0,0,0,230.1307,0,0,0,0,0.3414,-230.4721,0
tpcds_49,d_date_sk,0,0,0,230.1307,0,0,0,0,0.3170,-230.4477,0
tpcds_50,ss_store_sk,0,0,0,8.5884,0,0,0,0,237.3521,-245.9405,0
tpcds_50,ss_store_sk,0,0,0,8.5884,0,0,0,0,237.3837,-245.9722,0
tpcds_50,ss_store_sk,0,0,0,8.5884,0,0,0,0,237.5038,-246.0923,0
tpcds_50,ss_store_sk,0,0,0,8.5884,0,0,0,0,237.5896,-246.1780,0
tpcds_50,ss_store_sk,0,0,0,8.5884,0,0,0,0,237.5684,-246.1569,0
tpcds_50,ss_store_sk,0,0,0,8.5884,0,0,0,0,237.5444,-246.1328,0
tpcds_50,ss_store_sk,0,0,0,8.5884,0,0,0,0,237.5697,-246.1582,0
tpcds_50,ss_store_sk,0,0,0,8.5884,0,0,0,0,237.6434,-246.2319,0
tpcds_50,ss_store_sk,0,0,0,8.5884,0,0,0,0,237.7086,-246.2971,0
tpcds_50,ss_store_sk,0,0,0,8.5884,0,0,0,0,237.7623,-246.3507,0
tpcds_50,ss_store_sk,0,0,0,8.5884,0,0,0,0,237.7558,-246.3442,0
tpcds_50,ss_store_sk,0,0,0,8.5884,0,0,0,0,237.7933,-246.3817,0
tpcds_50,ss_store_sk,0,0,0,8.5884,0,0,0,0,238.0125,-246.6010,0
tpcds_50,ss_store_sk,0,0,0,8.5884,0,0,0,0,238.0168,-246.6052,0
tpcds_50,ss_store_sk,0,0,0,8.5884,0,0,0,0,237.9893,-246.5777,0
tpcds_50,ss_store_sk,0,0,0,8.5884,0,0,0,0,1009.9935,-1018.5819,0
tpcds_50,d_date_sk,0,0,0,1019.3571,1,8192,0,8192,0.3295,-1011.4947,0
tpcds_50,d_date_sk,0,0,0,1019.3571,1,8192,0,8192,0.3111,-1011.4763,0
tpcds_50,d_date_sk,0,0,0,1019.3571,1,8192,0,8192,0.3900,-1011.5551,0
tpcds_50,d_date_sk,0,0,0,1019.3571,1,8192,0,8192,0.3649,-1011.5301,0
tpcds_50,d_date_sk,0,0,0,1019.3571,1,8192,0,8192,0.3680,-1011.5332,0
tpcds_50,d_date_sk,0,0,0,1019.3571,1,8192,0,8192,0.3791,-1011.5443,0
tpcds_50,d_date_sk,0,0,0,1019.3571,0,0,0,0,0.3886,-1019.7458,0
tpcds_50,d_date_sk,0,0,0,1019.3571,0,0,0,0,0.4396,-1019.7968,0
tpcds_50,d_date_sk,0,0,0,1019.3571,1,7513,0,7513,0.4391,-1012.2833,0
tpcds_50,d_date_sk,0,0,0,1019.3571,0,0,0,0,0.4208,-1019.7780,0
tpcds_50,d_date_sk,0,0,0,1019.3571,0,0,0,0,0.4135,-1019.7706,0
tpcds_50,d_date_sk,0,0,0,1019.3571,1,8192,0,8192,0.4769,-1011.6420,0
tpcds_50,d_date_sk,0,0,0,1019.3571,0,0,0,0,0.4197,-1019.7769,0
tpcds_50,d_date_sk,0,0,0,1019.3571,1,8192,0,8192,0.4255,-1011.5907,0
tpcds_50,d_date_sk,0,0,0,1019.3571,0,0,0,0,0.4689,-1019.8261,0
tpcds_50,d_date_sk,0,0,0,1019.3571,0,0,0,0,0.4688,-1019.8260,0
tpcds_50,d_date_sk,0,0,0,1020.7566,0,0,0,0,0.1137,-1020.8703,0
tpcds_50,d_date_sk,0,0,0,1020.7566,0,0,0,0,0.1162,-1020.8728,0
tpcds_50,d_date_sk,0,0,0,1020.7566,0,0,0,0,0.1509,-1020.9075,0
tpcds_50,d_date_sk,0,0,0,1020.7566,0,0,0,0,0.1407,-1020.8973,0
tpcds_50,d_date_sk,0,0,0,1020.7566,0,0,0,0,0.1426,-1020.8992,0
tpcds_50,d_date_sk,0,0,0,1020.7566,0,0,0,0,0.1551,-1020.9117,0
tpcds_50,d_date_sk,0,0,0,1020.7566,0,0,0,0,0.1612,-1020.9178,0
tpcds_50,d_date_sk,0,0,0,1020.7566,0,0,0,0,0.1544,-1020.9110,0
tpcds_50,d_date_sk,0,0,0,1020.7566,0,0,0,0,0.1683,-1020.9249,0
tpcds_50,d_date_sk,0,0,0,1020.7566,0,0,0,0,0.1718,-1020.9284,0
tpcds_50,d_date_sk,0,0,0,1020.7566,0,0,0,0,0.1835,-1020.9402,0
tpcds_50,d_date_sk,0,0,0,1020.7566,0,0,0,0,0.1813,-1020.9379,0
tpcds_50,d_date_sk,0,0,0,1020.7566,0,0,0,0,0.1794,-1020.9361,0
tpcds_50,d_date_sk,0,0,0,1020.7566,0,0,0,0,0.1825,-1020.9391,0
tpcds_50,d_date_sk,0,0,0,1020.7566,0,0,0,0,0.2042,-1020.9608,0
tpcds_50,d_date_sk,0,0,0,1020.7566,0,0,0,0,0.1943,-1020.9509,0
tpcds_51,ws_sold_date_sk,0,0,0,5.2541,0,0,0,0,0.2492,-5.5033,0
tpcds_51,ws_sold_date_sk,0,0,0,5.2541,0,0,0,0,0.2038,-5.4578,0
tpcds_51,ws_sold_date_sk,0,0,0,5.2541,0,0,0,0,0.1877,-5.4417,0
tpcds_51,ws_sold_date_sk,0,0,0,5.2541,0,0,0,0,0.1270,-5.3811,0
tpcds_51,ws_sold_date_sk,0,0,0,5.2541,0,0,0,0,0.1372,-5.3913,0
tpcds_51,ws_sold_date_sk,0,0,0,5.2541,0,0,0,0,0.1263,-5.3804,0
tpcds_51,ws_sold_date_sk,0,0,0,5.2541,0,0,0,0,0.1124,-5.3665,0
tpcds_51,ws_sold_date_sk,0,0,0,5.2541,0,0,0,0,0.1196,-5.3736,0
tpcds_51,ws_sold_date_sk,0,0,0,5.2541,0,0,0,0,0.1191,-5.3731,0
tpcds_51,ws_sold_date_sk,0,0,0,5.2541,0,0,0,0,0.1082,-5.3623,0
tpcds_51,ws_sold_date_sk,0,0,0,5.2541,0,0,0,0,0.1172,-5.3712,0
tpcds_51,ws_sold_date_sk,0,0,0,5.2541,0,0,0,0,0.1230,-5.3771,0
tpcds_51,ws_sold_date_sk,0,0,0,5.2541,0,0,0,0,0.1081,-5.3622,0
tpcds_51,ws_sold_date_sk,0,0,0,5.2541,0,0,0,0,0.1137,-5.3677,0
tpcds_51,ws_sold_date_sk,0,0,0,5.2541,0,0,0,0,0.1604,-5.4145,0
tpcds_51,ws_sold_date_sk,0,0,0,5.2541,88,719217,719118,99,37.2271,-42.3821,0
tpcds_51,ss_sold_date_sk,0,0,0,0.0123,0,0,0,0,0.3056,-0.3179,0
tpcds_51,ss_sold_date_sk,0,0,0,0.0123,0,0,0,0,0.2912,-0.3035,0
tpcds_51,ss_sold_date_sk,0,0,0,0.0123,0,0,0,0,0.3731,-0.3854,0
tpcds_51,ss_sold_date_sk,0,0,0,0.0123,0,0,0,0,0.1486,-0.1610,0
tpcds_51,ss_sold_date_sk,0,0,0,0.0123,0,0,0,0,0.5194,-0.5317,0
tpcds_51,ss_sold_date_sk,0,0,0,0.0123,0,0,0,0,0.1079,-0.1202,0
tpcds_51,ss_sold_date_sk,0,0,0,0.0123,0,0,0,0,0.1516,-0.1639,0
tpcds_51,ss_sold_date_sk,0,0,0,0.0123,0,0,0,0,0.1246,-0.1369,0
tpcds_51,ss_sold_date_sk,0,0,0,0.0123,0,0,0,0,0.1176,-0.1299,0
tpcds_51,ss_sold_date_sk,0,0,0,0.0123,0,0,0,0,0.1134,-0.1257,0
tpcds_51,ss_sold_date_sk,0,0,0,0.0123,0,0,0,0,0.2043,-0.2167,0
tpcds_51,ss_sold_date_sk,0,0,0,0.0123,0,0,0,0,0.4172,-0.4295,0
tpcds_51,ss_sold_date_sk,0,0,0,0.0123,0,0,0,0,0.1199,-0.1322,0
tpcds_51,ss_sold_date_sk,0,0,0,0.0123,96,747740,730028,17712,46.3343,-28.6346,0
tpcds_51,ss_sold_date_sk,0,0,0,0.0123,128,1001365,977710,23655,58.2728,-34.6301,0
tpcds_51,ss_sold_date_sk,0,0,0,0.0123,128,1001547,977931,23616,59.0377,-35.4340,0
tpcds_52,ss_sold_date_sk,0,0,0,0.2605,0,0,0,0,0.0743,-0.3347,0
tpcds_52,ss_sold_date_sk,0,0,0,0.2605,0,0,0,0,0.0808,-0.3412,0
tpcds_52,ss_sold_date_sk,0,0,0,0.2605,0,0,0,0,0.0359,-0.2963,0
tpcds_52,ss_sold_date_sk,0,0,0,0.2605,0,0,0,0,0.0368,-0.2973,0
tpcds_52,ss_sold_date_sk,0,0,0,0.2605,0,0,0,0,0.0367,-0.2972,0
tpcds_52,ss_sold_date_sk,0,0,0,0.2605,0,0,0,0,0.0245,-0.2849,0
tpcds_52,ss_sold_date_sk,0,0,0,0.2605,0,0,0,0,0.0236,-0.2841,0
tpcds_52,ss_sold_date_sk,0,0,0,0.2605,0,0,0,0,0.0260,-0.2864,0
tpcds_52,ss_sold_date_sk,0,0,0,0.2605,0,0,0,0,0.0235,-0.2839,0
tpcds_52,ss_sold_date_sk,0,0,0,0.2605,0,0,0,0,0.0568,-0.3173,0
tpcds_52,ss_sold_date_sk,0,0,0,0.2605,0,0,0,0,0.0648,-0.3253,0
tpcds_52,ss_sold_date_sk,0,0,0,0.2605,0,0,0,0,0.0226,-0.2830,0
tpcds_52,ss_sold_date_sk,0,0,0,0.2605,0,0,0,0,0.0311,-0.2916,0
tpcds_52,ss_sold_date_sk,0,0,0,0.2605,96,783252,747757,35495,51.9045,-16.6700,0
tpcds_52,ss_sold_date_sk,0,0,0,0.2605,128,1048576,1001426,47150,66.5860,-19.6965,0
tpcds_52,ss_sold_date_sk,0,0,0,0.2605,128,1048576,1001584,46992,66.6607,-19.9292,0
tpcds_52,i_item_sk,0,0,0,67.0769,0,0,0,0,7.1622,-74.2392,0
tpcds_52,i_item_sk,0,0,0,67.0769,0,0,0,0,7.2084,-74.2854,0
tpcds_52,i_item_sk,0,0,0,67.0769,0,0,0,0,7.2696,-74.3466,0
tpcds_52,i_item_sk,0,0,0,67.0769,0,0,0,0,7.2726,-74.3495,0
tpcds_52,i_item_sk,0,0,0,67.0769,0,0,0,0,7.2951,-74.3720,0
tpcds_52,i_item_sk,0,0,0,67.0769,0,0,0,0,7.3444,-74.4214,0
tpcds_52,i_item_sk,0,0,0,67.0769,0,0,0,0,7.3110,-74.3879,0
tpcds_52,i_item_sk,0,0,0,67.0769,0,0,0,0,7.2882,-74.3651,0
tpcds_52,i_item_sk,0,0,0,67.0769,0,0,0,0,7.3342,-74.4112,0
tpcds_52,i_item_sk,0,0,0,67.0769,0,0,0,0,7.3378,-74.4148,0
tpcds_52,i_item_sk,0,0,0,67.0769,0,0,0,0,7.3363,-74.4132,0
tpcds_52,i_item_sk,0,0,0,67.0769,0,0,0,0,7.2991,-74.3761,0
tpcds_52,i_item_sk,0,0,0,67.0769,0,0,0,0,7.3529,-74.4299,0
tpcds_52,i_item_sk,0,0,0,67.0769,0,0,0,0,7.3664,-74.4434,0
tpcds_52,i_item_sk,0,0,0,67.0769,0,0,0,0,7.3690,-74.4459,0
tpcds_52,i_item_sk,0,0,0,67.0769,0,0,0,0,7.3803,-74.4572,0
tpcds_53,ss_item_sk,0,0,0,1.4537,0,0,0,0,1.0476,-2.5014,0
tpcds_53,ss_item_sk,0,0,0,1.4537,0,0,0,0,1.1407,-2.5944,0
tpcds_53,ss_item_sk,0,0,0,1.4537,0,0,0,0,1.0331,-2.4868,0
tpcds_53,ss_item_sk,0,0,0,1.4537,0,0,0,0,1.0217,-2.4754,0
tpcds_53,ss_item_sk,0,0,0,1.4537,0,0,0,0,0.0358,-1.4896,0
tpcds_53,ss_item_sk,0,0,0,1.4537,0,0,0,0,1.0281,-2.4819,0
tpcds_53,ss_item_sk,0,0,0,1.4537,0,0,0,0,1.0111,-2.4648,0
tpcds_53,ss_item_sk,0,0,0,1.4537,0,0,0,0,2.1737,-3.6274,0
tpcds_53,ss_item_sk,0,0,0,1.4537,0,0,0,0,2.2742,-3.7280,0
tpcds_53,ss_item_sk,0,0,0,1.4537,0,0,0,0,2.1514,-3.6052,0
tpcds_53,ss_item_sk,0,0,0,1.4537,0,0,0,0,2.7925,-4.2463,0
tpcds_53,ss_item_sk,0,0,0,1.4537,0,0,0,0,2.7895,-4.2432,0
tpcds_53,ss_item_sk,0,0,0,1.4537,0,0,0,0,2.8588,-4.3125,0
tpcds_53,ss_item_sk,0,0,0,1.4537,96,783252,747740,35512,49.9148,-15.8566,0
tpcds_53,ss_item_sk,0,0,0,1.4537,128,1048576,1001365,47211,64.7940,-19.0367,0
tpcds_53,ss_item_sk,0,0,0,1.4537,128,1048576,1001547,47029,67.0978,-21.5225,0
tpcds_53,d_date_sk,0,0,0,68.6907,0,0,0,0,6.6496,-75.3403,0
tpcds_53,d_date_sk,0,0,0,68.6907,0,0,0,0,6.6949,-75.3856,0
tpcds_53,d_date_sk,0,0,0,68.6907,0,0,0,0,6.7016,-75.3922,0
tpcds_53,d_date_sk,0,0,0,68.6907,0,0,0,0,6.6946,-75.3852,0
tpcds_53,d_date_sk,0,0,0,68.6907,0,0,0,0,6.7328,-75.4234,0
tpcds_53,d_date_sk,0,0,0,68.6907,0,0,0,0,6.7437,-75.4344,0
tpcds_53,d_date_sk,0,0,0,68.6907,0,0,0,0,6.7060,-75.3967,0
tpcds_53,d_date_sk,0,0,0,68.6907,0,0,0,0,6.7077,-75.3984,0
tpcds_53,d_date_sk,0,0,0,68.6907,0,0,0,0,6.7179,-75.4086,0
tpcds_53,d_date_sk,0,0,0,68.6907,0,0,0,0,6.7563,-75.4469,0
tpcds_53,d_date_sk,0,0,0,68.6907,0,0,0,0,6.7249,-75.4155,0
tpcds_53,d_date_sk,0,0,0,68.6907,0,0,0,0,6.7635,-75.4541,0
tpcds_53,d_date_sk,0,0,0,68.6907,0,0,0,0,6.7347,-75.4253,0
tpcds_53,d_date_sk,0,0,0,68.6907,0,0,0,0,6.7756,-75.4662,0
tpcds_53,d_date_sk,0,0,0,68.6907,1,84,0,84,6.8325,-75.4392,0
tpcds_53,d_date_sk,0,0,0,68.6907,0,0,0,0,6.7732,-75.4639,0
tpcds_53,s_store_sk,0,0,0,75.3745,1,12,0,12,0.1398,-75.5023,0
tpcds_54,item_sk,0,0,0,0.3828,0,0,0,0,0.0879,-0.4707,0
tpcds_54,item_sk,0,0,0,0.3828,0,0,0,0,0.1578,-0.5407,0
tpcds_54,item_sk,0,0,0,0.3828,0,0,0,0,0.0721,-0.4550,0
tpcds_54,item_sk,0,0,0,0.3828,0,0,0,0,0.0730,-0.4558,0
tpcds_54,item_sk,0,0,0,0.3828,0,0,0,0,0.0387,-0.4215,0
tpcds_54,item_sk,0,0,0,0.3828,0,0,0,0,0.0436,-0.4264,0
tpcds_54,item_sk,0,0,0,0.3828,0,0,0,0,0.0444,-0.4272,0
tpcds_54,item_sk,0,0,0,0.3828,0,0,0,0,0.0385,-0.4213,0
tpcds_54,item_sk,0,0,0,0.3828,0,0,0,0,0.0314,-0.4142,0
tpcds_54,item_sk,0,0,0,0.3828,0,0,0,0,0.0290,-0.4119,0
tpcds_54,item_sk,0,0,0,0.3828,0,0,0,0,0.0301,-0.4129,0
tpcds_54,item_sk,0,0,0,0.3828,0,0,0,0,1.1170,-1.4998,0
tpcds_54,item_sk,0,0,0,0.3828,0,0,0,0,0.9213,-1.3041,0
tpcds_54,item_sk,0,0,0,0.3828,0,0,0,0,1.1215,-1.5044,0
tpcds_55,ss_sold_date_sk,0,0,0,0.7558,0,0,0,0,0.1535,-0.9093,0
tpcds_55,ss_sold_date_sk,0,0,0,0.7558,0,0,0,0,0.0735,-0.8293,0
tpcds_55,ss_sold_date_sk,0,0,0,0.7558,0,0,0,0,0.2061,-0.9619,0
tpcds_55,ss_sold_date_sk,0,0,0,0.7558,0,0,0,0,0.0777,-0.8335,0
tpcds_55,ss_sold_date_sk,0,0,0,0.7558,0,0,0,0,0.0553,-0.8111,0
tpcds_55,ss_sold_date_sk,0,0,0,0.7558,0,0,0,0,0.5592,-1.3151,0
tpcds_55,ss_sold_date_sk,0,0,0,0.7558,0,0,0,0,0.5689,-1.3247,0
tpcds_55,ss_sold_date_sk,0,0,0,0.7558,0,0,0,0,0.0579,-0.8137,0
tpcds_55,ss_sold_date_sk,0,0,0,0.7558,0,0,0,0,0.0710,-0.8268,0
tpcds_55,ss_sold_date_sk,0,0,0,0.7558,0,0,0,0,0.0888,-0.8446,0
tpcds_55,ss_sold_date_sk,0,0,0,0.7558,0,0,0,0,0.0563,-0.8121,0
tpcds_55,ss_sold_date_sk,0,0,0,0.7558,0,0,0,0,0.0605,-0.8164,0
tpcds_55,ss_sold_date_sk,0,0,0,0.7558,0,0,0,0,0.5708,-1.3266,0
tpcds_55,ss_sold_date_sk,0,0,0,0.7558,96,783252,747757,35495,110.3905,-75.6513,0
tpcds_55,ss_sold_date_sk,0,0,0,0.7558,128,1048576,1001584,46992,122.9133,-76.6772,0
tpcds_55,ss_sold_date_sk,0,0,0,0.7558,128,1048576,1001426,47150,123.4533,-77.0591,0
tpcds_55,i_item_sk,0,0,0,124.0342,0,0,0,0,3.6591,-127.6933,0
tpcds_55,i_item_sk,0,0,0,124.0342,0,0,0,0,3.6568,-127.6910,0
tpcds_55,i_item_sk,0,0,0,124.0342,0,0,0,0,3.6648,-127.6990,0
tpcds_55,i_item_sk,0,0,0,124.0342,0,0,0,0,3.6930,-127.7272,0
tpcds_55,i_item_sk,0,0,0,124.0342,0,0,0,0,3.6916,-127.7257,0
tpcds_55,i_item_sk,0,0,0,124.0342,0,0,0,0,3.7156,-127.7498,0
tpcds_55,i_item_sk,0,0,0,124.0342,0,0,0,0,3.6923,-127.7264,0
tpcds_55,i_item_sk,0,0,0,124.0342,0,0,0,0,3.7375,-127.7717,0
tpcds_55,i_item_sk,0,0,0,124.0342,0,0,0,0,3.7223,-127.7565,0
tpcds_55,i_item_sk,0,0,0,124.0342,0,0,0,0,3.7663,-127.8004,0
tpcds_55,i_item_sk,0,0,0,124.0342,0,0,0,0,3.7528,-127.7870,0
tpcds_55,i_item_sk,0,0,0,124.0342,0,0,0,0,3.7311,-127.7653,0
tpcds_55,i_item_sk,0,0,0,124.0342,0,0,0,0,3.7604,-127.7946,0
tpcds_55,i_item_sk,0,0,0,124.0342,0,0,0,0,3.7549,-127.7891,0
tpcds_55,i_item_sk,0,0,0,124.0342,0,0,0,0,3.7695,-127.8037,0
tpcds_55,i_item_sk,0,0,0,124.0342,0,0,0,0,3.7735,-127.8077,0
tpcds_56,ss_sold_date_sk,0,0,0,0.6507,0,0,0,0,0.1130,-0.7637,0
tpcds_56,ss_sold_date_sk,0,0,0,0.6507,0,0,0,0,0.0938,-0.7445,0
tpcds_56,ss_sold_date_sk,0,0,0,0.6507,0,0,0,0,0.0425,-0.6932,0
tpcds_56,ss_sold_date_sk,0,0,0,0.6507,0,0,0,0,0.0466,-0.6973,0
tpcds_56,ss_sold_date_sk,0,0,0,0.6507,0,0,0,0,0.0385,-0.6891,0
tpcds_56,ss_sold_date_sk,0,0,0,0.6507,0,0,0,0,0.0365,-0.6872,0
tpcds_56,ss_sold_date_sk,0,0,0,0.6507,0,0,0,0,0.0310,-0.6817,0
tpcds_56,ss_sold_date_sk,0,0,0,0.6507,0,0,0,0,0.0333,-0.6840,0
tpcds_56,ss_sold_date_sk,0,0,0,0.6507,0,0,0,0,0.0354,-0.6861,0
tpcds_56,ss_sold_date_sk,0,0,0,0.6507,0,0,0,0,0.0318,-0.6825,0
tpcds_56,ss_sold_date_sk,0,0,0,0.6507,0,0,0,0,0.0381,-0.6887,0
tpcds_56,ss_sold_date_sk,0,0,0,0.6507,0,0,0,0,0.0328,-0.6834,0
tpcds_56,ss_sold_date_sk,0,0,0,0.6507,0,0,0,0,0.0326,-0.6833,0
tpcds_56,cs_sold_date_sk,0,0,0,0.1054,0,0,0,0,0.0532,-0.1586,0
tpcds_56,cs_sold_date_sk,0,0,0,0.1054,0,0,0,0,0.1089,-0.2143,0
tpcds_56,cs_sold_date_sk,0,0,0,0.1054,0,0,0,0,0.0519,-0.1573,0
tpcds_56,cs_sold_date_sk,0,0,0,0.1054,0,0,0,0,0.3976,-0.5030,0
tpcds_56,cs_sold_date_sk,0,0,0,0.1054,0,0,0,0,0.0393,-0.1446,0
tpcds_56,cs_sold_date_sk,0,0,0,0.1054,0,0,0,0,0.0354,-0.1408,0
tpcds_56,cs_sold_date_sk,0,0,0,0.1054,0,0,0,0,0.3785,-0.4839,0
tpcds_56,cs_sold_date_sk,0,0,0,0.1054,0,0,0,0,0.0435,-0.1489,0
tpcds_56,cs_sold_date_sk,0,0,0,0.1054,0,0,0,0,0.0341,-0.1394,0
tpcds_56,cs_sold_date_sk,0,0,0,0.1054,0,0,0,0,0.0495,-0.1549,0
tpcds_56,cs_sold_date_sk,0,0,0,0.1054,0,0,0,0,0.0393,-0.1446,0
tpcds_56,cs_sold_date_sk,0,0,0,0.1054,0,0,0,0,0.0361,-0.1415,0
tpcds_56,cs_sold_date_sk,0,0,0,0.1054,0,0,0,0,0.0360,-0.1414,0
tpcds_56,cs_sold_date_sk,0,0,0,0.1054,0,0,0,0,0.0350,-0.1403,0
tpcds_56,ws_sold_date_sk,0,0,0,0.1451,0,0,0,0,0.0870,-0.2321,0
tpcds_56,ws_sold_date_sk,0,0,0,0.1451,0,0,0,0,0.0413,-0.1864,0
tpcds_56,ws_sold_date_sk,0,0,0,0.1451,0,0,0,0,0.0339,-0.1789,0
tpcds_56,cs_sold_date_sk,0,0,0,0.1054,48,392972,391054,1918,81.2139,-79.4013,0
tpcds_56,ws_sold_date_sk,0,0,0,0.1451,88,719384,719197,187,116.4266,-116.3847,0
tpcds_56,ss_sold_date_sk,0,0,0,0.6507,96,783252,747757,35495,128.5237,-93.6794,0
tpcds_56,ss_sold_date_sk,0,0,0,0.6507,128,1048576,1001426,47150,153.0815,-106.5822,0
tpcds_56,ss_sold_date_sk,0,0,0,0.6507,128,1048576,1001584,46992,153.0716,-106.7302,0
tpcds_56,ca_address_sk,0,0,0,145.1066,0,0,0,0,0.3304,-145.4370,0
tpcds_56,ca_address_sk,0,0,0,145.1066,0,0,0,0,0.3462,-145.4528,0
tpcds_56,ca_address_sk,0,0,0,145.1066,0,0,0,0,0.3398,-145.4463,0
tpcds_56,ss_item_sk,0,0,0,5.8307,0,0,0,0,145.7171,-151.5479,0
tpcds_56,ss_item_sk,0,0,0,5.8307,0,0,0,0,145.7123,-151.5431,0
tpcds_56,ss_item_sk,0,0,0,5.8307,0,0,0,0,145.7293,-151.5601,0
tpcds_56,ca_address_sk,0,0,0,145.1066,0,0,0,0,0.4846,-145.5911,0
tpcds_56,ss_item_sk,0,0,0,5.8307,0,0,0,0,145.7703,-151.6011,0
tpcds_56,ca_address_sk,0,0,0,145.1066,0,0,0,0,0.4774,-145.5840,0
tpcds_56,ca_address_sk,0,0,0,145.1066,0,0,0,0,0.4559,-145.5625,0
tpcds_56,ss_item_sk,0,0,0,5.8307,0,0,0,0,145.7815,-151.6123,0
tpcds_56,ca_address_sk,0,0,0,145.1066,0,0,0,0,0.4881,-145.5947,0
tpcds_56,ss_item_sk,0,0,0,5.8307,0,0,0,0,145.7806,-151.6113,0
tpcds_56,ss_item_sk,0,0,0,5.8307,0,0,0,0,145.7828,-151.6136,0
tpcds_56,ca_address_sk,0,0,0,145.1066,0,0,0,0,0.4682,-145.5748,0
tpcds_56,ss_item_sk,0,0,0,5.8307,0,0,0,0,145.8100,-151.6407,0
tpcds_56,ca_address_sk,0,0,0,145.1066,0,0,0,0,0.4684,-145.5749,0
tpcds_56,ss_item_sk,0,0,0,5.8307,0,0,0,0,145.8002,-151.6309,0
tpcds_56,ca_address_sk,0,0,0,145.1066,0,0,0,0,0.5748,-145.6813,0
tpcds_56,ss_item_sk,0,0,0,5.8307,0,0,0,0,145.8101,-151.6408,0
tpcds_56,ca_address_sk,0,0,0,145.1066,0,0,0,0,0.4515,-145.5581,0
tpcds_56,ca_address_sk,0,0,0,145.1066,0,0,0,0,0.4857,-145.5923,0
tpcds_56,ss_item_sk,0,0,0,5.8307,0,0,0,0,145.8323,-151.6630,0
tpcds_56,ca_address_sk,0,0,0,145.1066,0,0,0,0,0.5462,-145.6527,0
tpcds_56,ca_address_sk,0,0,0,145.1066,0,0,0,0,0.5061,-145.6126,0
tpcds_56,ss_item_sk,0,0,0,5.8307,0,0,0,0,145.8555,-151.6862,0
tpcds_56,ss_item_sk,0,0,0,5.8307,0,0,0,0,145.8616,-151.6923,0
tpcds_56,ss_item_sk,0,0,0,5.8307,0,0,0,0,145.8629,-151.6936,0
tpcds_56,ca_address_sk,0,0,0,145.1066,0,0,0,0,0.5866,-145.6931,0
tpcds_56,ss_item_sk,0,0,0,5.8307,0,0,0,0,145.8839,-151.7147,0
tpcds_56,ca_address_sk,0,0,0,145.1066,0,0,0,0,0.4767,-145.5833,0
tpcds_56,ss_item_sk,0,0,0,5.8307,0,0,0,0,145.9097,-151.7404,0
tpcds_56,cs_sold_date_sk,0,0,0,0.1054,128,1048576,1043441,5135,165.0713,-160.0417,0
tpcds_56,ca_address_sk,0,0,0,156.6645,0,0,0,0,0.2154,-156.8799,0
tpcds_56,ca_address_sk,0,0,0,156.6645,0,0,0,0,0.2309,-156.8954,0
tpcds_56,cs_item_sk,0,0,0,5.9417,0,0,0,0,156.9400,-162.8817,0
tpcds_56,cs_item_sk,0,0,0,5.9417,0,0,0,0,156.9529,-162.8947,0
tpcds_56,ca_address_sk,0,0,0,156.6645,0,0,0,0,0.2788,-156.9433,0
tpcds_56,cs_item_sk,0,0,0,5.9417,0,0,0,0,156.9905,-162.9322,0
tpcds_56,ca_address_sk,0,0,0,156.6645,0,0,0,0,0.3206,-156.9851,0
tpcds_56,ca_address_sk,0,0,0,156.6645,0,0,0,0,0.3029,-156.9674,0
tpcds_56,ca_address_sk,0,0,0,156.6645,0,0,0,0,0.3131,-156.9776,0
tpcds_56,cs_item_sk,0,0,0,5.9417,0,0,0,0,157.0124,-162.9542,0
tpcds_56,cs_item_sk,0,0,0,5.9417,0,0,0,0,157.0220,-162.9637,0
tpcds_56,cs_item_sk,0,0,0,5.9417,0,0,0,0,157.0267,-162.9685,0
tpcds_56,ca_address_sk,0,0,0,156.6645,0,0,0,0,0.3125,-156.9770,0
tpcds_56,cs_item_sk,0,0,0,5.9417,0,0,0,0,157.0274,-162.9691,0
tpcds_56,ca_address_sk,0,0,0,156.6645,0,0,0,0,0.3515,-157.0159,0
tpcds_56,ca_address_sk,0,0,0,156.6645,0,0,0,0,0.3428,-157.0073,0
tpcds_56,cs_item_sk,0,0,0,5.9417,0,0,0,0,157.0494,-162.9911,0
tpcds_56,cs_item_sk,0,0,0,5.9417,0,0,0,0,157.0465,-162.9882,0
tpcds_56,ca_address_sk,0,0,0,156.6645,0,0,0,0,0.3617,-157.0262,0
tpcds_56,cs_item_sk,0,0,0,5.9417,0,0,0,0,157.0580,-162.9997,0
tpcds_56,ca_address_sk,0,0,0,156.6645,0,0,0,0,0.3660,-157.0305,0
tpcds_56,cs_item_sk,0,0,0,5.9417,0,0,0,0,157.0678,-163.0095,0
tpcds_56,ca_address_sk,0,0,0,156.6645,0,0,0,0,0.3665,-157.0310,0
tpcds_56,cs_item_sk,0,0,0,5.9417,0,0,0,0,157.0973,-163.0391,0
tpcds_56,ca_address_sk,0,0,0,156.6645,0,0,0,0,0.3925,-157.0570,0
tpcds_56,ca_address_sk,0,0,0,156.6645,0,0,0,0,0.3725,-157.0370,0
tpcds_56,ca_address_sk,0,0,0,156.6645,0,0,0,0,0.3794,-157.0439,0
tpcds_56,cs_item_sk,0,0,0,5.9417,0,0,0,0,157.0877,-163.0294,0
tpcds_56,cs_item_sk,0,0,0,5.9417,0,0,0,0,157.0839,-163.0257,0
tpcds_56,cs_item_sk,0,0,0,5.9417,0,0,0,0,157.1087,-163.0504,0
tpcds_56,ca_address_sk,0,0,0,156.6645,0,0,0,0,0.3940,-157.0585,0
tpcds_56,cs_item_sk,0,0,0,5.9417,0,0,0,0,157.1364,-163.0782,0
tpcds_56,ws_item_sk,0,0,0,6.5787,0,0,0,0,2004.0007,-2010.5795,0
tpcds_56,ws_item_sk,0,0,0,6.5787,0,0,0,0,2004.1423,-2010.7210,0
tpcds_56,ws_item_sk,0,0,0,6.5787,0,0,0,0,2004.1645,-2010.7432,0
tpcds_56,ws_item_sk,0,0,0,6.5787,0,0,0,0,2004.1462,-2010.7249,0
tpcds_56,ws_item_sk,0,0,0,6.5787,0,0,0,0,2004.1935,-2010.7722,0
tpcds_56,ws_item_sk,0,0,0,6.5787,0,0,0,0,2004.2327,-2010.8114,0
tpcds_56,ws_item_sk,0,0,0,6.5787,0,0,0,0,2004.2441,-2010.8228,0
tpcds_56,ws_item_sk,0,0,0,6.5787,0,0,0,0,2004.2736,-2010.8524,0
tpcds_56,ws_item_sk,0,0,0,6.5787,0,0,0,0,2004.3149,-2010.8937,0
tpcds_56,ws_item_sk,0,0,0,6.5787,0,0,0,0,2004.3072,-2010.8859,0
tpcds_56,ws_item_sk,0,0,0,6.5787,0,0,0,0,2004.3741,-2010.9528,0
tpcds_56,ws_item_sk,0,0,0,6.5787,0,0,0,0,2004.4169,-2010.9956,0
tpcds_56,ws_item_sk,0,0,0,6.5787,0,0,0,0,2004.4675,-2011.0462,0
tpcds_56,ws_item_sk,0,0,0,6.5787,0,0,0,0,2004.4797,-2011.0585,0
tpcds_56,ws_item_sk,0,0,0,6.5787,0,0,0,0,2004.5288,-2011.1075,0
tpcds_56,ws_item_sk,0,0,0,6.5787,0,0,0,0,2004.5429,-2011.1216,0
tpcds_57,cs_item_sk,0,0,0,6.7800,0,0,0,0,0.3075,-7.0875,0
tpcds_57,cs_item_sk,0,0,0,7.2434,0,0,0,0,0.3242,-7.5676,0
tpcds_57,cs_item_sk,0,0,0,7.2434,0,0,0,0,0.2888,-7.5322,0
tpcds_57,cs_item_sk,0,0,0,7.2434,0,0,0,0,0.2730,-7.5164,0
tpcds_57,cs_item_sk,0,0,0,7.2434,0,0,0,0,0.1453,-7.3887,0
tpcds_57,cs_item_sk,0,0,0,7.2434,0,0,0,0,0.1672,-7.4106,0
tpcds_57,cs_item_sk,0,0,0,7.2434,0,0,0,0,0.1025,-7.3460,0
tpcds_57,cs_item_sk,0,0,0,7.2434,0,0,0,0,0.0993,-7.3427,0
tpcds_57,cs_item_sk,0,0,0,6.7800,0,0,0,0,0.2158,-6.9958,0
tpcds_57,cs_item_sk,0,0,0,7.2434,0,0,0,0,0.5414,-7.7848,0
tpcds_57,cs_item_sk,0,0,0,7.2434,0,0,0,0,0.0984,-7.3418,0
tpcds_57,cs_item_sk,0,0,0,7.2434,0,0,0,0,0.8741,-8.1175,0
tpcds_57,cs_item_sk,0,0,0,7.2434,0,0,0,0,0.8279,-8.0713,0
tpcds_57,cs_item_sk,0,0,0,7.2434,0,0,0,0,0.1328,-7.3762,0
tpcds_57,cs_item_sk,0,0,0,7.2434,0,0,0,0,0.1126,-7.3560,0
tpcds_57,cs_item_sk,0,0,0,6.7800,0,0,0,0,1.2252,-8.0052,0
tpcds_57,cs_item_sk,0,0,0,7.2434,0,0,0,0,0.2802,-7.5236,0
tpcds_57,cs_item_sk,0,0,0,6.7800,0,0,0,0,0.3058,-7.0858,0
tpcds_57,cs_item_sk,0,0,0,6.7800,0,0,0,0,0.8338,-7.6138,0
tpcds_57,cs_item_sk,0,0,0,8.4255,0,0,0,0,0.0977,-8.5231,0
tpcds_57,cs_item_sk,0,0,0,8.4255,0,0,0,0,0.1948,-8.6202,0
tpcds_57,cs_item_sk,0,0,0,8.4255,0,0,0,0,0.1104,-8.5359,0
tpcds_57,cs_item_sk,0,0,0,6.7800,0,0,0,0,0.5025,-7.2825,0
tpcds_57,cs_item_sk,0,0,0,6.7800,0,0,0,0,0.8037,-7.5837,0
tpcds_57,cs_item_sk,0,0,0,8.4255,0,0,0,0,0.2091,-8.6346,0
tpcds_57,cs_item_sk,0,0,0,8.4255,0,0,0,0,0.1198,-8.5453,0
tpcds_57,cs_item_sk,0,0,0,6.7800,0,0,0,0,0.4998,-7.2798,0
tpcds_57,cs_item_sk,0,0,0,8.4255,0,0,0,0,0.2328,-8.6583,0
tpcds_57,cs_item_sk,0,0,0,8.4255,0,0,0,0,0.2066,-8.6321,0
tpcds_57,cs_item_sk,0,0,0,8.4255,0,0,0,0,0.2411,-8.6666,0
tpcds_57,cs_item_sk,0,0,0,8.4255,0,0,0,0,0.2126,-8.6381,0
tpcds_57,cs_item_sk,0,0,0,8.4255,0,0,0,0,0.1993,-8.6248,0
tpcds_57,cs_item_sk,0,0,0,6.7800,0,0,0,0,1.5879,-8.3679,0
tpcds_57,cs_item_sk,0,0,0,8.4255,0,0,0,0,0.3884,-8.8139,0
tpcds_57,cs_item_sk,0,0,0,8.4255,0,0,0,0,0.3887,-8.8142,0
tpcds_57,cs_item_sk,0,0,0,8.4255,0,0,0,0,0.4585,-8.8839,0
tpcds_57,cs_item_sk,0,0,0,8.4255,0,0,0,0,0.4407,-8.8662,0
tpcds_57,cs_item_sk,0,0,0,6.7800,0,0,0,0,1.3694,-8.1494,0
tpcds_57,cs_item_sk,0,0,0,6.7800,0,0,0,0,1.7342,-8.5142,0
tpcds_57,cs_item_sk,0,0,0,6.7800,0,0,0,0,1.8420,-8.6220,0
tpcds_57,cs_item_sk,0,0,0,6.7800,0,0,0,0,2.1980,-8.9779,0
tpcds_57,cs_item_sk,0,0,0,6.7800,0,0,0,0,2.3269,-9.1069,0
tpcds_57,cs_item_sk,0,0,0,7.2434,48,392972,390929,2043,103.7033,-108.9037,0
tpcds_57,cs_item_sk,0,0,0,8.4255,48,392972,390929,2043,103.2295,-109.6120,0
tpcds_57,cs_item_sk,0,0,0,6.7800,48,392972,390929,2043,104.3029,-109.0399,0
tpcds_57,cs_item_sk,0,0,0,8.4255,128,1048576,1043385,5191,179.2681,-182.5025,0
tpcds_57,d_date_sk,0,0,0,189.0846,0,0,0,0,0.1469,-189.2315,0
tpcds_57,d_date_sk,0,0,0,189.0846,0,0,0,0,0.1507,-189.2353,0
tpcds_57,d_date_sk,0,0,0,189.0846,0,0,0,0,0.2011,-189.2856,0
tpcds_57,d_date_sk,0,0,0,189.0846,0,0,0,0,0.1784,-189.2629,0
tpcds_57,d_date_sk,0,0,0,189.0846,0,0,0,0,0.2020,-189.2866,0
tpcds_57,d_date_sk,0,0,0,189.0846,0,0,0,0,0.1835,-189.2681,0
tpcds_57,d_date_sk,0,0,0,189.0846,0,0,0,0,0.1885,-189.2730,0
tpcds_57,d_date_sk,0,0,0,189.0846,0,0,0,0,0.2415,-189.3261,0
tpcds_57,d_date_sk,0,0,0,189.0846,0,0,0,0,0.2207,-189.3052,0
tpcds_57,d_date_sk,0,0,0,189.0846,0,0,0,0,0.2074,-189.2920,0
tpcds_57,d_date_sk,0,0,0,189.0846,0,0,0,0,0.2194,-189.3040,0
tpcds_57,d_date_sk,0,0,0,189.0846,0,0,0,0,0.2173,-189.3018,0
tpcds_57,d_date_sk,0,0,0,189.0846,0,0,0,0,0.2293,-189.3139,0
tpcds_57,d_date_sk,0,0,0,189.0846,0,0,0,0,0.2301,-189.3147,0
tpcds_57,d_date_sk,0,0,0,189.0846,0,0,0,0,0.2289,-189.3134,0
tpcds_57,d_date_sk,0,0,0,189.0846,0,0,0,0,0.2230,-189.3075,0
tpcds_57,cs_item_sk,0,0,0,7.2434,128,1048576,1043385,5191,180.6572,-182.7096,0
tpcds_57,d_date_sk,0,0,0,189.4322,0,0,0,0,0.0870,-189.5191,0
tpcds_57,d_date_sk,0,0,0,189.4322,0,0,0,0,0.1016,-189.5338,0
tpcds_57,d_date_sk,0,0,0,189.4322,0,0,0,0,0.1223,-189.5545,0
tpcds_57,d_date_sk,0,0,0,189.4322,0,0,0,0,0.1340,-189.5662,0
tpcds_57,d_date_sk,0,0,0,189.4322,0,0,0,0,0.1267,-189.5588,0
tpcds_57,d_date_sk,0,0,0,189.4322,0,0,0,0,0.1616,-189.5937,0
tpcds_57,d_date_sk,0,0,0,189.4322,0,0,0,0,0.1402,-189.5724,0
tpcds_57,d_date_sk,0,0,0,189.4322,0,0,0,0,0.1462,-189.5784,0
tpcds_57,d_date_sk,0,0,0,189.4322,0,0,0,0,0.1513,-189.5834,0
tpcds_57,d_date_sk,0,0,0,189.4322,0,0,0,0,0.1509,-189.5831,0
tpcds_57,d_date_sk,0,0,0,189.4322,0,0,0,0,0.1576,-189.5897,0
tpcds_57,d_date_sk,0,0,0,189.4322,0,0,0,0,0.1526,-189.5848,0
tpcds_57,d_date_sk,0,0,0,189.4322,0,0,0,0,0.1687,-189.6009,0
tpcds_57,d_date_sk,0,0,0,189.4322,0,0,0,0,0.1481,-189.5802,0
tpcds_57,d_date_sk,0,0,0,189.4322,0,0,0,0,0.1623,-189.5945,0
tpcds_57,d_date_sk,0,0,0,189.4322,0,0,0,0,0.1846,-189.6168,0
tpcds_57,cs_item_sk,0,0,0,6.7800,128,1048576,1043385,5191,182.8800,-184.4690,0
tpcds_57,d_date_sk,0,0,0,191.2559,0,0,0,0,0.0937,-191.3496,0
tpcds_57,d_date_sk,0,0,0,191.2559,0,0,0,0,0.1081,-191.3640,0
tpcds_57,d_date_sk,0,0,0,191.2559,0,0,0,0,0.1347,-191.3906,0
tpcds_57,d_date_sk,0,0,0,191.2559,0,0,0,0,0.1197,-191.3756,0
tpcds_57,d_date_sk,0,0,0,191.2559,0,0,0,0,0.1476,-191.4035,0
tpcds_57,d_date_sk,0,0,0,191.2559,0,0,0,0,0.1442,-191.4001,0
tpcds_57,d_date_sk,0,0,0,191.2559,0,0,0,0,0.1612,-191.4171,0
tpcds_57,d_date_sk,0,0,0,191.2559,0,0,0,0,0.1684,-191.4242,0
tpcds_57,d_date_sk,0,0,0,191.2559,0,0,0,0,0.1579,-191.4138,0
tpcds_57,d_date_sk,0,0,0,191.2559,0,0,0,0,0.1666,-191.4225,0
tpcds_57,d_date_sk,0,0,0,191.2559,0,0,0,0,0.1523,-191.4081,0
tpcds_57,d_date_sk,0,0,0,191.2559,0,0,0,0,0.1992,-191.4551,0
tpcds_57,d_date_sk,0,0,0,191.2559,0,0,0,0,0.1796,-191.4355,0
tpcds_57,d_date_sk,0,0,0,191.2559,0,0,0,0,0.1983,-191.4542,0
tpcds_57,d_date_sk,0,0,0,191.2559,0,0,0,0,0.1682,-191.4241,0
tpcds_57,d_date_sk,0,0,0,191.2559,0,0,0,0,0.1923,-191.4482,0
tpcds_57,cc_call_center_sk,0,0,0,190.1694,1,6,0,6,3.8790,-194.0424,0
tpcds_57,cc_call_center_sk,0,0,0,0.0043,1,6,0,6,3.8714,-3.8697,0
tpcds_57,i_category,0,0,0,194.6301,0,0,0,0,3.9384,-198.5685,0
tpcds_57,i_brand,0,0,0,194.6322,0,0,0,0,3.9463,-198.5785,0
tpcds_57,cc_name,0,0,0,194.6332,0,0,0,0,3.9504,-198.5836,0
tpcds_57,rn,0,0,0,194.6342,0,0,0,0,3.9542,-198.5884,0
tpcds_57,cc_call_center_sk,0,0,0,0.0069,1,6,0,6,18.4603,-18.4612,0
tpcds_57,i_category,0,0,0,198.6070,0,0,0,0,18.6187,-217.2258,0
tpcds_57,i_brand,0,0,0,198.6099,0,0,0,0,18.6331,-217.2430,0
tpcds_57,cc_name,0,0,0,198.6109,0,0,0,0,18.6413,-217.2522,0
tpcds_57,rn,0,0,0,198.6142,0,0,0,0,18.6504,-217.2646,0
tpcds_58,cs_item_sk,0,0,0,5.0523,0,0,0,0,0.2265,-5.2788,0
tpcds_58,cs_item_sk,0,0,0,5.0523,0,0,0,0,0.0975,-5.1498,0
tpcds_58,cs_item_sk,0,0,0,5.0523,0,0,0,0,0.0743,-5.1266,0
tpcds_58,ws_item_sk,0,0,0,3.5623,0,0,0,0,0.1123,-3.6746,0
tpcds_58,ws_item_sk,0,0,0,3.5623,0,0,0,0,0.1363,-3.6986,0
tpcds_58,ws_item_sk,0,0,0,3.5623,0,0,0,0,0.0856,-3.6479,0
tpcds_58,ws_item_sk,0,0,0,3.5623,0,0,0,0,0.1017,-3.6640,0
tpcds_58,ws_item_sk,0,0,0,3.5623,0,0,0,0,0.0702,-3.6325,0
tpcds_58,ws_item_sk,0,0,0,3.5623,0,0,0,0,0.0693,-3.6316,0
tpcds_58,ws_item_sk,0,0,0,3.5623,0,0,0,0,0.0883,-3.6506,0
tpcds_58,ws_item_sk,0,0,0,3.5623,0,0,0,0,0.0713,-3.6336,0
tpcds_58,ws_item_sk,0,0,0,3.5623,0,0,0,0,0.1029,-3.6652,0
tpcds_58,ws_item_sk,0,0,0,3.5623,0,0,0,0,0.0665,-3.6288,0
tpcds_58,ws_item_sk,0,0,0,3.5623,0,0,0,0,0.0701,-3.6324,0
tpcds_58,ws_item_sk,0,0,0,3.5623,0,0,0,0,0.0666,-3.6289,0
tpcds_58,ws_item_sk,0,0,0,3.5623,0,0,0,0,0.0691,-3.6314,0
tpcds_58,ws_item_sk,0,0,0,3.5623,0,0,0,0,0.1279,-3.6902,0
tpcds_58,ws_item_sk,0,0,0,3.5623,0,0,0,0,0.0648,-3.6271,0
tpcds_58,cs_item_sk,0,0,0,5.0523,0,0,0,0,0.1773,-5.2296,0
tpcds_58,cs_item_sk,0,0,0,5.0523,0,0,0,0,0.0734,-5.1258,0
tpcds_58,cs_item_sk,0,0,0,5.0523,0,0,0,0,0.1269,-5.1792,0
tpcds_58,cs_item_sk,0,0,0,5.0523,0,0,0,0,0.1468,-5.1991,0
tpcds_58,cs_item_sk,0,0,0,5.0523,0,0,0,0,0.1113,-5.1636,0
tpcds_58,cs_item_sk,0,0,0,5.0523,0,0,0,0,0.0821,-5.1344,0
tpcds_58,cs_item_sk,0,0,0,5.0523,0,0,0,0,0.0724,-5.1248,0
tpcds_58,cs_item_sk,0,0,0,5.0523,0,0,0,0,0.0924,-5.1447,0
tpcds_58,cs_item_sk,0,0,0,5.0523,0,0,0,0,0.0737,-5.1260,0
tpcds_58,cs_item_sk,0,0,0,5.0523,0,0,0,0,0.0712,-5.1235,0
tpcds_58,cs_item_sk,0,0,0,5.0523,0,0,0,0,0.0784,-5.1307,0
tpcds_58,ss_item_sk,0,0,0,7.1356,0,0,0,0,0.1667,-7.3023,0
tpcds_58,ss_item_sk,0,0,0,7.1356,0,0,0,0,0.1633,-7.2989,0
tpcds_58,ss_item_sk,0,0,0,7.1356,0,0,0,0,0.1294,-7.2650,0
tpcds_58,ss_item_sk,0,0,0,7.1356,0,0,0,0,0.0763,-7.2119,0
tpcds_58,ss_item_sk,0,0,0,7.1356,0,0,0,0,0.0754,-7.2110,0
tpcds_58,ss_item_sk,0,0,0,7.1356,0,0,0,0,0.0769,-7.2125,0
tpcds_58,ss_item_sk,0,0,0,7.1356,0,0,0,0,0.0652,-7.2008,0
tpcds_58,ss_item_sk,0,0,0,7.1356,0,0,0,0,0.0633,-7.1989,0
tpcds_58,ss_item_sk,0,0,0,7.1356,0,0,0,0,0.0657,-7.2013,0
tpcds_58,ss_item_sk,0,0,0,7.1356,0,0,0,0,0.0686,-7.2042,0
tpcds_58,ss_item_sk,0,0,0,7.1356,0,0,0,0,0.0651,-7.2007,0
tpcds_58,ss_item_sk,0,0,0,7.1356,0,0,0,0,0.4529,-7.5885,0
tpcds_58,ss_item_sk,0,0,0,7.1356,0,0,0,0,0.5288,-7.6644,0
tpcds_58,cs_item_sk,0,0,0,5.0523,48,392972,390929,2043,70.5617,-73.5710,0
tpcds_58,ws_item_sk,0,0,0,3.5623,88,719384,719217,167,107.6311,-111.0264,0
tpcds_58,d_date_sk,0,0,0,111.7035,0,0,0,0,3.0351,-114.7386,0
tpcds_58,d_date_sk,0,0,0,111.7035,1,8192,0,8192,3.0347,-106.5461,0
tpcds_58,d_date_sk,0,0,0,111.7035,1,8192,0,8192,3.0515,-106.5629,0
tpcds_58,d_date_sk,0,0,0,111.7035,0,0,0,0,3.1052,-114.8086,0
tpcds_58,d_date_sk,0,0,0,111.7035,1,8192,0,8192,3.1426,-106.6540,0
tpcds_58,d_date_sk,0,0,0,111.7035,1,8192,0,8192,3.1328,-106.6443,0
tpcds_58,d_date_sk,0,0,0,111.7035,1,8192,0,8192,3.1635,-106.6749,0
tpcds_58,d_date_sk,0,0,0,111.7035,0,0,0,0,3.1598,-114.8632,0
tpcds_58,d_date_sk,0,0,0,111.7035,0,0,0,0,3.1465,-114.8500,0
tpcds_58,d_date_sk,0,0,0,111.7035,1,7513,0,7513,3.1603,-107.3507,0
tpcds_58,d_date_sk,0,0,0,111.7035,1,8192,0,8192,3.1729,-106.6844,0
tpcds_58,d_date_sk,0,0,0,111.7035,0,0,0,0,3.1854,-114.8889,0
tpcds_58,d_date_sk,0,0,0,111.7035,1,8192,0,8192,3.1797,-106.6912,0
tpcds_58,d_date_sk,0,0,0,111.7035,1,8192,0,8192,3.1875,-106.6990,0
tpcds_58,d_date_sk,0,0,0,111.7035,0,0,0,0,3.1853,-114.8888,0
tpcds_58,d_date_sk,0,0,0,111.7035,0,0,0,0,3.1922,-114.8957,0
tpcds_58,d_week_seq,0,0,0,0.0084,0,0,0,0,4.5655,-4.5739,0
tpcds_58,d_week_seq,0,0,0,0.0084,1,8192,0,8192,4.6209,3.5627,1
tpcds_58,d_week_seq,0,0,0,0.0084,1,8192,0,8192,4.6490,3.5346,1
tpcds_58,d_week_seq,0,0,0,0.0084,0,0,0,0,4.6912,-4.6996,0
tpcds_58,d_week_seq,0,0,0,0.0084,1,8192,0,8192,4.7299,3.4536,1
tpcds_58,d_week_seq,0,0,0,0.0084,0,0,0,0,4.7076,-4.7160,0
tpcds_58,d_week_seq,0,0,0,0.0084,0,0,0,0,4.7461,-4.7546,0
tpcds_58,d_week_seq,0,0,0,0.0084,0,0,0,0,4.7579,-4.7663,0
tpcds_58,d_week_seq,0,0,0,0.0084,1,8192,0,8192,4.7724,3.4111,1
tpcds_58,d_week_seq,0,0,0,0.0084,0,0,0,0,4.7858,-4.7943,0
tpcds_58,d_week_seq,0,0,0,0.0084,1,8192,0,8192,4.7924,3.3912,1
tpcds_58,d_week_seq,0,0,0,0.0084,0,0,0,0,4.8077,-4.8161,0
tpcds_58,d_week_seq,0,0,0,0.0084,1,8192,0,8192,4.8748,3.3088,1
tpcds_58,d_week_seq,0,0,0,0.0084,1,7513,0,7513,4.8832,2.6214,1
tpcds_58,d_week_seq,0,0,0,0.0084,1,8192,0,8192,4.7066,3.4770,1
tpcds_58,d_week_seq,0,0,0,0.0084,1,8192,0,8192,5.1173,3.0663,1
tpcds_58,ss_item_sk,0,0,0,7.1356,96,783252,747740,35512,115.6490,-87.2726,0
tpcds_58,ss_item_sk,0,0,0,7.1356,128,1048576,1001365,47211,140.6645,-100.5891,0
tpcds_58,ss_item_sk,0,0,0,7.1356,128,1048576,1001547,47029,141.0790,-101.1856,0
tpcds_58,cs_item_sk,0,0,0,5.0523,128,1048576,1043385,5191,146.2968,-146.1581,0
tpcds_58,d_date_sk,0,0,0,148.8712,1,8192,0,8192,5.2128,-145.8920,0
tpcds_58,d_date_sk,0,0,0,148.8712,1,8192,0,8192,5.2244,-145.9036,0
tpcds_58,d_date_sk,0,0,0,148.8712,0,0,0,0,5.2285,-154.0997,0
tpcds_58,d_date_sk,0,0,0,148.8712,1,8192,0,8192,5.2768,-145.9560,0
tpcds_58,d_date_sk,0,0,0,148.8712,1,8192,0,8192,5.2585,-145.9377,0
tpcds_58,d_date_sk,0,0,0,148.8712,1,8192,0,8192,5.2436,-145.9228,0
tpcds_58,d_date_sk,0,0,0,148.8712,0,0,0,0,5.2579,-154.1291,0
tpcds_58,d_date_sk,0,0,0,148.8712,0,0,0,0,5.2625,-154.1336,0
tpcds_58,d_date_sk,0,0,0,148.8712,0,0,0,0,5.2581,-154.1293,0
tpcds_58,d_date_sk,0,0,0,148.8712,1,8192,0,8192,5.2762,-145.9554,0
tpcds_58,d_date_sk,0,0,0,148.8712,0,0,0,0,5.2729,-154.1441,0
tpcds_58,d_date_sk,0,0,0,148.8712,0,0,0,0,5.2801,-154.1513,0
tpcds_58,d_date_sk,0,0,0,148.8712,0,0,0,0,5.2733,-154.1445,0
tpcds_58,d_date_sk,0,0,0,148.8712,1,7513,0,7513,5.2758,-146.6340,0
tpcds_58,d_date_sk,0,0,0,148.8712,1,8192,0,8192,5.2868,-145.9660,0
tpcds_58,d_date_sk,0,0,0,148.8712,1,8192,0,8192,5.2746,-145.9537,0
tpcds_58,d_date_sk,0,0,0,152.4454,0,0,0,0,3.5366,-155.9819,0
tpcds_58,d_date_sk,0,0,0,152.4454,1,8192,0,8192,3.5589,-147.8123,0
tpcds_58,d_date_sk,0,0,0,152.4454,0,0,0,0,3.6062,-156.0516,0
tpcds_58,d_date_sk,0,0,0,152.4454,0,0,0,0,3.6105,-156.0559,0
tpcds_58,d_date_sk,0,0,0,152.4454,1,8192,0,8192,3.6075,-147.8608,0
tpcds_58,d_date_sk,0,0,0,152.4454,1,8192,0,8192,3.6249,-147.8783,0
tpcds_58,d_date_sk,0,0,0,152.4454,1,7513,0,7513,3.6210,-148.5534,0
tpcds_58,d_date_sk,0,0,0,152.4454,0,0,0,0,3.6267,-156.0721,0
tpcds_58,d_date_sk,0,0,0,152.4454,0,0,0,0,3.6260,-156.0714,0
tpcds_58,d_date_sk,0,0,0,152.4454,0,0,0,0,3.6278,-156.0732,0
tpcds_58,d_date_sk,0,0,0,152.4454,1,8192,0,8192,3.6349,-147.8883,0
tpcds_58,d_date_sk,0,0,0,152.4454,1,8192,0,8192,3.6600,-147.9134,0
tpcds_58,d_date_sk,0,0,0,152.4454,1,8192,0,8192,3.6351,-147.8885,0
tpcds_58,d_date_sk,0,0,0,152.4454,1,8192,0,8192,3.6194,-147.8728,0
tpcds_58,d_date_sk,0,0,0,152.4454,0,0,0,0,3.6515,-156.0969,0
tpcds_58,d_date_sk,0,0,0,152.4454,1,8192,0,8192,3.6322,-147.8856,0
tpcds_58,d_week_seq,0,0,0,0.0081,0,0,0,0,5.1078,-5.1159,0
tpcds_58,d_week_seq,0,0,0,0.0081,1,8192,0,8192,5.2238,2.9601,1
tpcds_58,d_week_seq,0,0,0,0.0081,1,8192,0,8192,5.2504,2.9335,1
tpcds_58,d_week_seq,0,0,0,0.0081,0,0,0,0,5.2774,-5.2855,0
tpcds_58,d_week_seq,0,0,0,0.0081,0,0,0,0,5.2975,-5.3056,0
tpcds_58,d_week_seq,0,0,0,0.0081,1,8192,0,8192,5.3046,2.8793,1
tpcds_58,d_week_seq,0,0,0,0.0081,0,0,0,0,5.0950,-5.1031,0
tpcds_58,d_week_seq,0,0,0,0.0081,0,0,0,0,5.3538,-5.3619,0
tpcds_58,d_week_seq,0,0,0,0.0081,1,8192,0,8192,5.3339,2.8500,1
tpcds_58,d_week_seq,0,0,0,0.0081,0,0,0,0,5.3353,-5.3433,0
tpcds_58,d_week_seq,0,0,0,0.0081,1,8192,0,8192,5.3726,2.8113,1
tpcds_58,d_week_seq,0,0,0,0.0081,0,0,0,0,5.4084,-5.4165,0
tpcds_58,d_week_seq,0,0,0,0.0081,1,8192,0,8192,5.4981,2.6858,1
tpcds_58,d_week_seq,0,0,0,0.0081,1,7513,0,7513,5.6074,1.8975,1
tpcds_58,d_week_seq,0,0,0,0.0081,1,8192,0,8192,5.5524,2.6315,1
tpcds_58,d_week_seq,0,0,0,0.0081,1,8192,0,8192,5.7892,2.3947,1
tpcds_58,d_week_seq,0,0,0,0.0073,0,0,0,0,3.9489,-3.9562,0
tpcds_58,d_week_seq,0,0,0,0.0073,1,8192,0,8192,4.0246,4.1601,1
tpcds_58,d_week_seq,0,0,0,0.0073,0,0,0,0,4.0401,-4.0474,0
tpcds_58,d_week_seq,0,0,0,0.0073,1,8192,0,8192,4.0704,4.1144,1
tpcds_58,d_week_seq,0,0,0,0.0073,1,8192,0,8192,4.0802,4.1045,1
tpcds_58,d_week_seq,0,0,0,0.0073,0,0,0,0,4.1228,-4.1301,0
tpcds_58,d_week_seq,0,0,0,0.0073,0,0,0,0,4.1251,-4.1324,0
tpcds_58,d_week_seq,0,0,0,0.0073,0,0,0,0,4.1295,-4.1368,0
tpcds_58,d_week_seq,0,0,0,0.0073,0,0,0,0,4.1589,-4.1662,0
tpcds_58,d_week_seq,0,0,0,0.0073,0,0,0,0,4.1626,-4.1699,0
tpcds_58,d_week_seq,0,0,0,0.0073,1,8192,0,8192,4.2525,3.9322,1
tpcds_58,d_week_seq,0,0,0,0.0073,1,7513,0,7513,4.3084,3.1973,1
tpcds_58,d_week_seq,0,0,0,0.0073,1,8192,0,8192,4.3230,3.8617,1
tpcds_58,d_week_seq,0,0,0,0.0073,1,8192,0,8192,4.4020,3.7827,1
tpcds_58,d_week_seq,0,0,0,0.0073,1,8192,0,8192,4.5471,3.6376,1
tpcds_58,d_week_seq,0,0,0,0.0073,1,8192,0,8192,4.6882,3.4965,1
tpcds_58,item_id,0,0,0,38.7737,0,0,0,0,4.7856,-43.5593,0
tpcds_58,item_id,0,0,0,122.2960,0,0,0,0,43.6527,-165.9488,0
tpcds_58,item_id,0,0,0,38.7737,0,0,0,0,4.8212,-43.5949,0
tpcds_58,item_id,0,0,0,38.7737,0,0,0,0,4.8321,-43.6058,0
tpcds_58,item_id,0,0,0,122.2960,0,0,0,0,43.6784,-165.9744,0
tpcds_58,item_id,0,0,0,38.7737,0,0,0,0,4.8588,-43.6325,0
tpcds_58,item_id,0,0,0,122.2960,0,0,0,0,43.6986,-165.9946,0
tpcds_58,item_id,0,0,0,122.2960,0,0,0,0,43.6942,-165.9902,0
tpcds_58,item_id,0,0,0,38.7737,0,0,0,0,4.8752,-43.6489,0
tpcds_58,item_id,0,0,0,122.2960,0,0,0,0,43.7114,-166.0074,0
tpcds_58,item_id,0,0,0,38.7737,0,0,0,0,4.8865,-43.6602,0
tpcds_58,item_id,0,0,0,38.7737,0,0,0,0,4.8500,-43.6237,0
tpcds_58,item_id,0,0,0,38.7737,0,0,0,0,4.8533,-43.6270,0
tpcds_58,item_id,0,0,0,38.7737,0,0,0,0,4.8906,-43.6643,0
tpcds_58,item_id,0,0,0,122.2960,0,0,0,0,43.7186,-166.0147,0
tpcds_58,item_id,0,0,0,38.7737,0,0,0,0,4.8401,-43.6138,0
tpcds_58,item_id,0,0,0,122.2960,0,0,0,0,43.7152,-166.0112,0
tpcds_58,item_id,0,0,0,122.2960,0,0,0,0,43.7042,-166.0002,0
tpcds_58,item_id,0,0,0,122.2960,0,0,0,0,43.7077,-166.0038,0
tpcds_58,item_id,0,0,0,38.7737,0,0,0,0,4.8695,-43.6432,0
tpcds_58,item_id,0,0,0,38.7737,0,0,0,0,4.9007,-43.6744,0
tpcds_58,item_id,0,0,0,122.2960,0,0,0,0,43.7196,-166.0157,0
tpcds_58,item_id,0,0,0,38.7737,0,0,0,0,4.8992,-43.6729,0
tpcds_58,item_id,0,0,0,38.7737,0,0,0,0,4.8732,-43.6469,0
tpcds_58,item_id,0,0,0,122.2960,0,0,0,0,43.7238,-166.0199,0
tpcds_58,item_id,0,0,0,122.2960,0,0,0,0,43.7260,-166.0221,0
tpcds_58,item_id,0,0,0,122.2960,0,0,0,0,43.7355,-166.0315,0
tpcds_58,item_id,0,0,0,122.2960,0,0,0,0,43.7638,-166.0599,0
tpcds_58,item_id,0,0,0,38.7737,0,0,0,0,4.8722,-43.6459,0
tpcds_58,item_id,0,0,0,122.2960,0,0,0,0,43.7314,-166.0275,0
tpcds_58,item_id,0,0,0,38.7737,0,0,0,0,4.9862,-43.7599,0
tpcds_58,item_id,0,0,0,122.2960,0,0,0,0,43.7684,-166.0644,0
tpcds_59,ss_sold_date_sk,0,0,0,14.1552,0,0,0,0,0.5338,-14.6890,0
tpcds_59,ss_sold_date_sk,0,0,0,14.1552,0,0,0,0,0.4416,-14.5969,0
tpcds_59,ss_sold_date_sk,0,0,0,14.1552,0,0,0,0,0.3549,-14.5101,0
tpcds_59,ss_sold_date_sk,0,0,0,14.1552,0,0,0,0,1.0151,-15.1703,0
tpcds_59,ss_sold_date_sk,0,0,0,14.1552,0,0,0,0,1.2833,-15.4385,0
tpcds_59,ss_sold_date_sk,0,0,0,14.1552,0,0,0,0,0.8220,-14.9772,0
tpcds_59,ss_sold_date_sk,0,0,0,14.1552,0,0,0,0,0.9414,-15.0966,0
tpcds_59,ss_sold_date_sk,0,0,0,14.1552,0,0,0,0,0.7228,-14.8780,0
tpcds_59,ss_sold_date_sk,0,0,0,14.1552,0,0,0,0,0.9919,-15.1472,0
tpcds_59,ss_sold_date_sk,0,0,0,14.1552,0,0,0,0,1.1365,-15.2918,0
tpcds_59,ss_sold_date_sk,0,0,0,14.1552,0,0,0,0,1.7870,-15.9422,0
tpcds_59,ss_sold_date_sk,0,0,0,14.1552,0,0,0,0,1.5859,-15.7412,0
tpcds_59,ss_sold_date_sk,0,0,0,14.1552,0,0,0,0,1.7720,-15.9272,0
tpcds_59,ss_sold_date_sk,0,0,0,20.4317,0,0,0,0,0.3045,-20.7362,0
tpcds_59,ss_sold_date_sk,0,0,0,20.4317,0,0,0,0,0.2656,-20.6973,0
tpcds_59,ss_sold_date_sk,0,0,0,20.4317,0,0,0,0,0.1482,-20.5799,0
tpcds_59,ss_sold_date_sk,0,0,0,20.4317,0,0,0,0,0.3190,-20.7507,0
tpcds_59,ss_sold_date_sk,0,0,0,20.4317,0,0,0,0,0.1648,-20.5965,0
tpcds_59,ss_sold_date_sk,0,0,0,20.4317,0,0,0,0,0.2045,-20.6362,0
tpcds_59,ss_sold_date_sk,0,0,0,20.4317,0,0,0,0,0.2893,-20.7210,0
tpcds_59,ss_sold_date_sk,0,0,0,20.4317,0,0,0,0,0.1250,-20.5567,0
tpcds_59,ss_sold_date_sk,0,0,0,20.4317,0,0,0,0,0.1968,-20.6285,0
tpcds_59,ss_sold_date_sk,0,0,0,20.4317,0,0,0,0,0.1575,-20.5892,0
tpcds_59,ss_sold_date_sk,0,0,0,20.4317,0,0,0,0,0.2367,-20.6683,0
tpcds_59,ss_sold_date_sk,0,0,0,20.4317,0,0,0,0,0.2944,-20.7261,0
tpcds_59,ss_sold_date_sk,0,0,0,20.4317,0,0,0,0,0.5357,-20.9674,0
tpcds_59,ss_sold_date_sk,0,0,0,20.4317,96,783252,747757,35495,92.3724,-77.3091,0
tpcds_59,ss_sold_date_sk,0,0,0,14.1552,96,783252,747757,35495,98.8260,-77.4862,0
tpcds_59,ss_sold_date_sk,0,0,0,14.1552,128,1048576,1001584,46992,113.4425,-80.6057,0
tpcds_59,ss_sold_date_sk,0,0,0,20.4317,128,1048576,1001584,46992,109.3017,-82.7413,0
tpcds_59,ss_sold_date_sk,0,0,0,20.4317,128,1048576,1001426,47150,112.2308,-85.5125,0
tpcds_59,ss_sold_date_sk,0,0,0,14.1552,128,1048576,1001426,47150,120.0753,-87.0805,0
tpcds_59,s_store_sk,0,0,0,136.1630,1,12,0,12,5.4101,-141.5612,0
tpcds_59,d_week_seq,0,0,0,141.6179,0,0,0,0,5.3659,-146.9838,0
tpcds_59,d_week_seq,0,0,0,141.6179,0,0,0,0,5.3695,-146.9874,0
tpcds_59,d_week_seq,0,0,0,141.6179,0,0,0,0,5.3832,-147.0011,0
tpcds_59,d_week_seq,0,0,0,141.6179,0,0,0,0,5.3809,-146.9987,0
tpcds_59,d_week_seq,0,0,0,141.6179,0,0,0,0,5.3841,-147.0020,0
tpcds_59,d_week_seq,0,0,0,141.6179,0,0,0,0,5.4032,-147.0211,0
tpcds_59,d_week_seq,0,0,0,141.6179,0,0,0,0,5.4040,-147.0219,0
tpcds_59,d_week_seq,0,0,0,141.6179,0,0,0,0,5.4214,-147.0393,0
tpcds_59,d_week_seq,0,0,0,141.6179,0,0,0,0,5.4065,-147.0244,0
tpcds_59,d_week_seq,0,0,0,141.6179,0,0,0,0,5.4081,-147.0259,0
tpcds_59,d_week_seq,0,0,0,141.6179,0,0,0,0,5.4143,-147.0322,0
tpcds_59,d_week_seq,0,0,0,141.6179,0,0,0,0,5.4320,-147.0499,0
tpcds_59,d_week_seq,0,0,0,141.6179,0,0,0,0,5.4573,-147.0752,0
tpcds_59,d_week_seq,0,0,0,141.6179,0,0,0,0,5.4234,-147.0412,0
tpcds_59,d_week_seq,0,0,0,141.6179,0,0,0,0,5.4214,-147.0392,0
tpcds_59,d_week_seq,0,0,0,141.6179,1,84,0,84,5.4561,-146.9900,0
tpcds_59,s_store_sk,0,0,0,0.0031,1,12,0,12,4.3468,-4.3378,0
tpcds_59,d_week_seq,0,0,0,4.3873,0,0,0,0,5.5584,-9.9457,0
tpcds_59,d_week_seq,0,0,0,4.3873,0,0,0,0,5.5467,-9.9341,0
tpcds_59,s_store_id2,0,0,0,145.8137,0,0,0,0,10.0120,-155.8257,0
tpcds_59,s_store_id2,0,0,0,145.8137,0,0,0,0,10.0025,-155.8162,0
tpcds_59,d_week_seq2,0,0,0,145.8166,0,0,0,0,10.0210,-155.8376,0
tpcds_59,d_week_seq2,0,0,0,145.8166,0,0,0,0,10.0101,-155.8267,0
tpcds_59,d_week_seq,0,0,0,4.3873,0,0,0,0,5.5710,-9.9583,0
tpcds_59,s_store_id2,0,0,0,145.8137,0,0,0,0,10.0926,-155.9063,0
tpcds_59,d_week_seq2,0,0,0,145.8166,0,0,0,0,10.0979,-155.9145,0
tpcds_59,d_week_seq,0,0,0,4.3873,0,0,0,0,5.6346,-10.0220,0
tpcds_59,d_week_seq,0,0,0,4.3873,0,0,0,0,5.6329,-10.0203,0
tpcds_59,s_store_id2,0,0,0,145.8137,0,0,0,0,10.0640,-155.8777,0
tpcds_59,s_store_id2,0,0,0,145.8137,0,0,0,0,10.0550,-155.8687,0
tpcds_59,d_week_seq2,0,0,0,145.8166,0,0,0,0,10.0704,-155.8870,0
tpcds_59,d_week_seq2,0,0,0,145.8166,0,0,0,0,10.0606,-155.8772,0
tpcds_59,d_week_seq,0,0,0,4.3873,0,0,0,0,5.6298,-10.0171,0
tpcds_59,d_week_seq,0,0,0,4.3873,0,0,0,0,5.6601,-10.0475,0
tpcds_59,s_store_id2,0,0,0,145.8137,0,0,0,0,10.0986,-155.9123,0
tpcds_59,s_store_id2,0,0,0,145.8137,0,0,0,0,10.0920,-155.9057,0
tpcds_59,d_week_seq2,0,0,0,145.8166,0,0,0,0,10.1044,-155.9210,0
tpcds_59,d_week_seq2,0,0,0,145.8166,0,0,0,0,10.0980,-155.9146,0
tpcds_59,d_week_seq,0,0,0,4.3873,0,0,0,0,5.6764,-10.0638,0
tpcds_59,d_week_seq,0,0,0,4.3873,0,0,0,0,5.6812,-10.0685,0
tpcds_59,d_week_seq,0,0,0,4.3873,1,84,0,84,5.6791,-9.9824,0
tpcds_59,s_store_id2,0,0,0,145.8137,0,0,0,0,10.1551,-155.9688,0
tpcds_59,s_store_id2,0,0,0,145.8137,0,0,0,0,10.1588,-155.9725,0
tpcds_59,d_week_seq2,0,0,0,145.8166,0,0,0,0,10.1619,-155.9785,0
tpcds_59,s_store_id2,0,0,0,145.8137,0,0,0,0,10.1518,-155.9656,0
tpcds_59,d_week_seq2,0,0,0,145.8166,0,0,0,0,10.1652,-155.9818,0
tpcds_59,d_week_seq,0,0,0,4.3873,0,0,0,0,5.7454,-10.1328,0
tpcds_59,d_week_seq2,0,0,0,145.8166,0,0,0,0,10.1680,-155.9846,0
tpcds_59,s_store_id2,0,0,0,145.8137,0,0,0,0,10.1733,-155.9870,0
tpcds_59,d_week_seq,0,0,0,4.3873,0,0,0,0,5.7219,-10.1092,0
tpcds_59,d_week_seq2,0,0,0,145.8166,0,0,0,0,10.1789,-155.9955,0
tpcds_59,s_store_id2,0,0,0,145.8137,0,0,0,0,10.1798,-155.9935,0
tpcds_59,d_week_seq,0,0,0,4.3873,0,0,0,0,5.8060,-10.1934,0
tpcds_59,d_week_seq2,0,0,0,145.8166,0,0,0,0,10.1861,-156.0027,0
tpcds_59,s_store_id2,0,0,0,145.8137,0,0,0,0,10.1957,-156.0094,0
tpcds_59,d_week_seq2,0,0,0,145.8166,0,0,0,0,10.2008,-156.0175,0
tpcds_59,d_week_seq,0,0,0,4.3873,0,0,0,0,5.7326,-10.1199,0
tpcds_59,s_store_id2,0,0,0,145.8137,0,0,0,0,10.2075,-156.0212,0
tpcds_59,d_week_seq2,0,0,0,145.8166,0,0,0,0,10.2125,-156.0291,0
tpcds_59,d_week_seq,0,0,0,4.3873,0,0,0,0,5.8074,-10.1947,0
tpcds_59,d_week_seq,0,0,0,4.3873,0,0,0,0,5.8031,-10.1905,0
tpcds_59,s_store_id2,0,0,0,145.8137,0,0,0,0,10.2254,-156.0391,0
tpcds_59,s_store_id2,0,0,0,145.8137,0,0,0,0,10.2260,-156.0397,0
tpcds_59,d_week_seq2,0,0,0,145.8166,0,0,0,0,10.2331,-156.0497,0
tpcds_59,d_week_seq2,0,0,0,145.8166,0,0,0,0,10.2416,-156.0582,0
tpcds_60,ss_sold_date_sk,0,0,0,1.6007,0,0,0,0,0.1408,-1.7415,0
tpcds_60,ss_sold_date_sk,0,0,0,1.6007,0,0,0,0,0.0841,-1.6848,0
tpcds_60,ss_sold_date_sk,0,0,0,1.6007,0,0,0,0,0.0344,-1.6351,0
tpcds_60,ss_sold_date_sk,0,0,0,1.6007,0,0,0,0,0.0388,-1.6395,0
tpcds_60,ss_sold_date_sk,0,0,0,1.6007,0,0,0,0,0.0499,-1.6505,0
tpcds_60,ss_sold_date_sk,0,0,0,1.6007,0,0,0,0,0.0316,-1.6323,0
tpcds_60,ss_sold_date_sk,0,0,0,1.6007,0,0,0,0,0.0739,-1.6746,0
tpcds_60,ss_sold_date_sk,0,0,0,1.6007,0,0,0,0,0.0362,-1.6369,0
tpcds_60,ss_sold_date_sk,0,0,0,1.6007,0,0,0,0,0.0342,-1.6349,0
tpcds_60,ss_sold_date_sk,0,0,0,1.6007,0,0,0,0,0.0397,-1.6404,0
tpcds_60,ss_sold_date_sk,0,0,0,1.6007,0,0,0,0,0.0885,-1.6892,0
tpcds_60,ss_sold_date_sk,0,0,0,1.6007,0,0,0,0,0.0298,-1.6305,0
tpcds_60,ss_sold_date_sk,0,0,0,1.6007,0,0,0,0,0.0978,-1.6985,0
tpcds_60,cs_sold_date_sk,0,0,0,0.7553,0,0,0,0,0.1242,-0.8795,0
tpcds_60,cs_sold_date_sk,0,0,0,0.7553,0,0,0,0,0.1177,-0.8730,0
tpcds_60,cs_sold_date_sk,0,0,0,0.7553,0,0,0,0,0.0808,-0.8362,0
tpcds_60,cs_sold_date_sk,0,0,0,0.7553,0,0,0,0,0.0384,-0.7937,0
tpcds_60,cs_sold_date_sk,0,0,0,0.7553,0,0,0,0,0.0538,-0.8091,0
tpcds_60,cs_sold_date_sk,0,0,0,0.7553,0,0,0,0,0.0355,-0.7908,0
tpcds_60,cs_sold_date_sk,0,0,0,0.7553,0,0,0,0,0.0318,-0.7872,0
tpcds_60,cs_sold_date_sk,0,0,0,0.7553,0,0,0,0,0.0472,-0.8026,0
tpcds_60,cs_sold_date_sk,0,0,0,0.7553,0,0,0,0,0.0309,-0.7863,0
tpcds_60,cs_sold_date_sk,0,0,0,0.7553,0,0,0,0,0.0667,-0.8221,0
tpcds_60,cs_sold_date_sk,0,0,0,0.7553,0,0,0,0,0.0335,-0.7889,0
tpcds_60,cs_sold_date_sk,0,0,0,0.7553,0,0,0,0,0.0316,-0.7870,0
tpcds_60,cs_sold_date_sk,0,0,0,0.7553,0,0,0,0,0.0315,-0.7869,0
tpcds_60,cs_sold_date_sk,0,0,0,0.7553,0,0,0,0,0.3368,-1.0922,0
tpcds_60,ws_sold_date_sk,0,0,0,0.1569,0,0,0,0,0.0687,-0.2257,0
tpcds_60,ws_sold_date_sk,0,0,0,0.1569,0,0,0,0,0.0868,-0.2437,0
tpcds_60,ws_sold_date_sk,0,0,0,0.1569,0,0,0,0,0.0479,-0.2049,0
tpcds_60,ws_sold_date_sk,0,0,0,0.1569,0,0,0,0,0.0481,-0.2051,0
tpcds_60,ws_sold_date_sk,0,0,0,0.1569,0,0,0,0,0.0381,-0.1950,0
tpcds_60,ws_sold_date_sk,0,0,0,0.1569,0,0,0,0,0.1205,-0.2774,0
tpcds_60,ws_sold_date_sk,0,0,0,0.1569,0,0,0,0,0.0580,-0.2149,0
tpcds_60,ws_sold_date_sk,0,0,0,0.1569,0,0,0,0,0.0400,-0.1969,0
tpcds_60,ws_sold_date_sk,0,0,0,0.1569,0,0,0,0,0.0346,-0.1915,0
tpcds_60,ws_sold_date_sk,0,0,0,0.1569,0,0,0,0,0.0441,-0.2011,0
tpcds_60,ws_sold_date_sk,0,0,0,0.1569,0,0,0,0,0.0718,-0.2287,0
tpcds_60,ws_sold_date_sk,0,0,0,0.1569,0,0,0,0,0.0355,-0.1924,0
tpcds_60,ws_sold_date_sk,0,0,0,0.1569,0,0,0,0,0.0787,-0.2356,0
tpcds_60,ws_sold_date_sk,0,0,0,0.1569,0,0,0,0,0.1088,-0.2658,0
tpcds_60,ws_sold_date_sk,0,0,0,0.1569,0,0,0,0,0.1898,-0.3468,0
tpcds_60,cs_sold_date_sk,0,0,0,0.7553,48,392972,391054,1918,75.2029,-74.0403,0
tpcds_60,ws_sold_date_sk,0,0,0,0.1569,88,719384,719197,187,107.0024,-106.9723,0
tpcds_60,ca_address_sk,0,0,0,97.4983,0,0,0,0,0.3233,-97.8216,0
tpcds_60,ca_address_sk,0,0,0,97.4983,0,0,0,0,0.3327,-97.8309,0
tpcds_60,ws_item_sk,0,0,0,6.4177,0,0,0,0,97.9663,-104.3840,0
tpcds_60,ws_item_sk,0,0,0,6.4177,0,0,0,0,97.9653,-104.3829,0
tpcds_60,ca_address_sk,0,0,0,97.4983,0,0,0,0,0.4321,-97.9304,0
tpcds_60,ca_address_sk,0,0,0,97.4983,0,0,0,0,0.4505,-97.9487,0
tpcds_60,ws_item_sk,0,0,0,6.4177,0,0,0,0,98.0320,-104.4497,0
tpcds_60,ws_item_sk,0,0,0,6.4177,0,0,0,0,98.0436,-104.4613,0
tpcds_60,ca_address_sk,0,0,0,97.4983,0,0,0,0,0.4820,-97.9803,0
tpcds_60,ca_address_sk,0,0,0,97.4983,0,0,0,0,0.5112,-98.0094,0
tpcds_60,ws_item_sk,0,0,0,6.4177,0,0,0,0,98.1122,-104.5299,0
tpcds_60,ws_item_sk,0,0,0,6.4177,0,0,0,0,98.0886,-104.5063,0
tpcds_60,ca_address_sk,0,0,0,97.4983,0,0,0,0,0.5462,-98.0445,0
tpcds_60,ws_item_sk,0,0,0,6.4177,0,0,0,0,98.1353,-104.5530,0
tpcds_60,ca_address_sk,0,0,0,97.4983,0,0,0,0,0.5635,-98.0618,0
tpcds_60,ca_address_sk,0,0,0,97.4983,0,0,0,0,0.5797,-98.0780,0
tpcds_60,ws_item_sk,0,0,0,6.4177,0,0,0,0,98.1665,-104.5841,0
tpcds_60,ws_item_sk,0,0,0,6.4177,0,0,0,0,98.1851,-104.6027,0
tpcds_60,ca_address_sk,0,0,0,97.4983,0,0,0,0,0.6262,-98.1245,0
tpcds_60,ws_item_sk,0,0,0,6.4177,0,0,0,0,98.2058,-104.6234,0
tpcds_60,ca_address_sk,0,0,0,97.4983,0,0,0,0,0.6654,-98.1637,0
tpcds_60,ca_address_sk,0,0,0,97.4983,0,0,0,0,0.6915,-98.1898,0
tpcds_60,ws_item_sk,0,0,0,6.4177,0,0,0,0,98.2444,-104.6621,0
tpcds_60,ws_item_sk,0,0,0,6.4177,0,0,0,0,98.2462,-104.6639,0
tpcds_60,ca_address_sk,0,0,0,97.4983,0,0,0,0,0.6811,-98.1794,0
tpcds_60,ws_item_sk,0,0,0,6.4177,0,0,0,0,98.2868,-104.7045,0
tpcds_60,ca_address_sk,0,0,0,97.4983,0,0,0,0,0.7080,-98.2062,0
tpcds_60,ws_item_sk,0,0,0,6.4177,0,0,0,0,98.3166,-104.7343,0
tpcds_60,ca_address_sk,0,0,0,97.4983,0,0,0,0,0.7349,-98.2331,0
tpcds_60,ws_item_sk,0,0,0,6.4177,0,0,0,0,98.3319,-104.7495,0
tpcds_60,ca_address_sk,0,0,0,97.4983,0,0,0,0,0.7696,-98.2679,0
tpcds_60,ws_item_sk,0,0,0,6.4177,0,0,0,0,98.3651,-104.7828,0
tpcds_60,ss_sold_date_sk,0,0,0,1.6007,96,783252,747757,35495,118.6751,-84.7808,0
tpcds_60,ss_sold_date_sk,0,0,0,1.6007,128,1048576,1001426,47150,137.8486,-92.2993,0
tpcds_60,ss_sold_date_sk,0,0,0,1.6007,128,1048576,1001584,46992,142.3801,-96.9888,0
tpcds_60,ca_address_sk,0,0,0,130.8108,0,0,0,0,0.4090,-131.2198,0
tpcds_60,ss_item_sk,0,0,0,5.6930,0,0,0,0,131.2991,-136.9921,0
tpcds_60,ca_address_sk,0,0,0,130.8108,0,0,0,0,0.4678,-131.2786,0
tpcds_60,ss_item_sk,0,0,0,5.6930,0,0,0,0,131.3240,-137.0170,0
tpcds_60,ca_address_sk,0,0,0,130.8108,0,0,0,0,0.5114,-131.3222,0
tpcds_60,ss_item_sk,0,0,0,5.6930,0,0,0,0,131.3762,-137.0692,0
tpcds_60,ca_address_sk,0,0,0,130.8108,0,0,0,0,0.5302,-131.3411,0
tpcds_60,ca_address_sk,0,0,0,130.8108,0,0,0,0,0.5178,-131.3287,0
tpcds_60,ss_item_sk,0,0,0,5.6930,0,0,0,0,131.3839,-137.0769,0
tpcds_60,ca_address_sk,0,0,0,130.8108,0,0,0,0,0.5455,-131.3563,0
tpcds_60,ss_item_sk,0,0,0,5.6930,0,0,0,0,131.3944,-137.0874,0
tpcds_60,ss_item_sk,0,0,0,5.6930,0,0,0,0,131.4133,-137.1063,0
tpcds_60,ca_address_sk,0,0,0,130.8108,0,0,0,0,0.5545,-131.3653,0
tpcds_60,ca_address_sk,0,0,0,130.8108,0,0,0,0,0.5656,-131.3764,0
tpcds_60,ss_item_sk,0,0,0,5.6930,0,0,0,0,131.4585,-137.1515,0
tpcds_60,ss_item_sk,0,0,0,5.6930,0,0,0,0,131.4302,-137.1232,0
tpcds_60,ca_address_sk,0,0,0,130.8108,0,0,0,0,0.5756,-131.3864,0
tpcds_60,ca_address_sk,0,0,0,130.8108,0,0,0,0,0.5832,-131.3941,0
tpcds_60,ca_address_sk,0,0,0,130.8108,0,0,0,0,0.5889,-131.3997,0
tpcds_60,ss_item_sk,0,0,0,5.6930,0,0,0,0,131.4574,-137.1504,0
tpcds_60,ss_item_sk,0,0,0,5.6930,0,0,0,0,131.4431,-137.1361,0
tpcds_60,ss_item_sk,0,0,0,5.6930,0,0,0,0,131.4542,-137.1472,0
tpcds_60,ca_address_sk,0,0,0,130.8108,0,0,0,0,0.6110,-131.4218,0
tpcds_60,ca_address_sk,0,0,0,130.8108,0,0,0,0,0.5930,-131.4039,0
tpcds_60,ca_address_sk,0,0,0,130.8108,0,0,0,0,0.6452,-131.4560,0
tpcds_60,ss_item_sk,0,0,0,5.6930,0,0,0,0,131.4809,-137.1739,0
tpcds_60,ca_address_sk,0,0,0,130.8108,0,0,0,0,0.6171,-131.4279,0
tpcds_60,ss_item_sk,0,0,0,5.6930,0,0,0,0,131.4798,-137.1728,0
tpcds_60,ss_item_sk,0,0,0,5.6930,0,0,0,0,131.5039,-137.1969,0
tpcds_60,ss_item_sk,0,0,0,5.6930,0,0,0,0,131.4875,-137.1805,0
tpcds_60,ca_address_sk,0,0,0,130.8108,0,0,0,0,0.6461,-131.4570,0
tpcds_60,ss_item_sk,0,0,0,5.6930,0,0,0,0,131.4980,-137.1910,0
tpcds_60,cs_sold_date_sk,0,0,0,0.7553,128,1048576,1043441,5135,144.7175,-140.3379,0
tpcds_60,ca_address_sk,0,0,0,134.0274,0,0,0,0,0.2425,-134.2699,0
tpcds_60,cs_item_sk,0,0,0,5.4856,0,0,0,0,134.3117,-139.7974,0
tpcds_60,ca_address_sk,0,0,0,134.0274,0,0,0,0,0.2545,-134.2819,0
tpcds_60,ca_address_sk,0,0,0,134.0274,0,0,0,0,0.2591,-134.2865,0
tpcds_60,cs_item_sk,0,0,0,5.4856,0,0,0,0,134.3521,-139.8377,0
tpcds_60,cs_item_sk,0,0,0,5.4856,0,0,0,0,134.3489,-139.8346,0
tpcds_60,ca_address_sk,0,0,0,134.0274,0,0,0,0,0.2947,-134.3221,0
tpcds_60,ca_address_sk,0,0,0,134.0274,0,0,0,0,0.2894,-134.3168,0
tpcds_60,cs_item_sk,0,0,0,5.4856,0,0,0,0,134.3501,-139.8357,0
tpcds_60,cs_item_sk,0,0,0,5.4856,0,0,0,0,134.3641,-139.8497,0
tpcds_60,ca_address_sk,0,0,0,134.0274,0,0,0,0,0.2708,-134.2982,0
tpcds_60,ca_address_sk,0,0,0,134.0274,0,0,0,0,0.2989,-134.3263,0
tpcds_60,cs_item_sk,0,0,0,5.4856,0,0,0,0,134.3670,-139.8526,0
tpcds_60,cs_item_sk,0,0,0,5.4856,0,0,0,0,134.3693,-139.8549,0
tpcds_60,ca_address_sk,0,0,0,134.0274,0,0,0,0,0.2919,-134.3194,0
tpcds_60,ca_address_sk,0,0,0,134.0274,0,0,0,0,0.3123,-134.3397,0
tpcds_60,cs_item_sk,0,0,0,5.4856,0,0,0,0,134.3786,-139.8643,0
tpcds_60,cs_item_sk,0,0,0,5.4856,0,0,0,0,134.3883,-139.8740,0
tpcds_60,ca_address_sk,0,0,0,134.0274,0,0,0,0,0.3024,-134.3298,0
tpcds_60,cs_item_sk,0,0,0,5.4856,0,0,0,0,134.3917,-139.8773,0
tpcds_60,ca_address_sk,0,0,0,134.0274,0,0,0,0,0.3391,-134.3665,0
tpcds_60,ca_address_sk,0,0,0,134.0274,0,0,0,0,0.3342,-134.3616,0
tpcds_60,ca_address_sk,0,0,0,134.0274,0,0,0,0,0.3300,-134.3574,0
tpcds_60,cs_item_sk,0,0,0,5.4856,0,0,0,0,134.4105,-139.8962,0
tpcds_60,cs_item_sk,0,0,0,5.4856,0,0,0,0,134.4312,-139.9169,0
tpcds_60,cs_item_sk,0,0,0,5.4856,0,0,0,0,134.4220,-139.9076,0
tpcds_60,ca_address_sk,0,0,0,134.0274,0,0,0,0,0.3443,-134.3717,0
tpcds_60,cs_item_sk,0,0,0,5.4856,0,0,0,0,134.4286,-139.9143,0
tpcds_60,ca_address_sk,0,0,0,134.0274,0,0,0,0,0.3765,-134.4039,0
tpcds_60,cs_item_sk,0,0,0,5.4856,0,0,0,0,134.4459,-139.9316,0
tpcds_60,ca_address_sk,0,0,0,134.0274,0,0,0,0,0.3843,-134.4117,0
tpcds_60,cs_item_sk,0,0,0,5.4856,0,0,0,0,134.4748,-139.9604,0
tpcds_61,ss_store_sk,0,0,0,0.7840,0,0,0,0,0.0461,-0.8301,0
tpcds_61,ss_store_sk,0,0,0,0.7840,0,0,0,0,0.0319,-0.8159,0
tpcds_61,ss_store_sk,0,0,0,0.7840,0,0,0,0,0.0474,-0.8314,0
tpcds_61,ss_store_sk,0,0,0,0.7840,0,0,0,0,0.0768,-0.8608,0
tpcds_61,ss_store_sk,0,0,0,0.5898,0,0,0,0,0.0542,-0.6440,0
tpcds_61,ss_store_sk,0,0,0,0.7840,0,0,0,0,0.0357,-0.8197,0
tpcds_61,ss_store_sk,0,0,0,0.7840,0,0,0,0,0.0297,-0.8137,0
tpcds_61,ss_store_sk,0,0,0,0.5898,0,0,0,0,0.0450,-0.6348,0
tpcds_61,ss_store_sk,0,0,0,0.5898,0,0,0,0,0.0712,-0.6610,0
tpcds_61,ss_store_sk,0,0,0,0.5898,0,0,0,0,0.0413,-0.6311,0
tpcds_61,ss_store_sk,0,0,0,0.5898,0,0,0,0,0.0670,-0.6568,0
tpcds_61,ss_store_sk,0,0,0,0.5898,0,0,0,0,0.0505,-0.6403,0
tpcds_61,ss_store_sk,0,0,0,0.5898,0,0,0,0,0.0357,-0.6255,0
tpcds_61,ss_store_sk,0,0,0,0.5898,0,0,0,0,0.0356,-0.6254,0
tpcds_61,ss_store_sk,0,0,0,0.5898,0,0,0,0,0.0362,-0.6260,0
tpcds_61,ss_store_sk,0,0,0,0.5898,0,0,0,0,0.0351,-0.6249,0
tpcds_61,ss_store_sk,0,0,0,0.5898,0,0,0,0,0.0328,-0.6226,0
tpcds_61,ss_store_sk,0,0,0,0.5898,0,0,0,0,0.0315,-0.6213,0
tpcds_61,ss_store_sk,0,0,0,0.5898,0,0,0,0,0.0378,-0.6276,0
tpcds_61,ss_store_sk,0,0,0,0.7840,0,0,0,0,0.0317,-0.8157,0
tpcds_61,ss_store_sk,0,0,0,0.7840,0,0,0,0,0.0316,-0.8156,0
tpcds_61,ss_store_sk,0,0,0,0.7840,0,0,0,0,0.0335,-0.8175,0
tpcds_61,ss_store_sk,0,0,0,0.7840,0,0,0,0,0.0468,-0.8308,0
tpcds_61,ss_store_sk,0,0,0,0.7840,0,0,0,0,0.0263,-0.8103,0
tpcds_61,ss_store_sk,0,0,0,0.7840,0,0,0,0,0.0253,-0.8093,0
tpcds_61,ss_store_sk,0,0,0,0.7840,96,783252,747930,35322,125.4906,-90.9526,0
tpcds_61,ss_store_sk,0,0,0,0.5898,96,783252,747930,35322,138.0307,-103.2985,0
tpcds_61,ss_store_sk,0,0,0,0.7840,128,1048576,1001426,47150,176.7085,-130.3425,0
tpcds_61,ss_store_sk,0,0,0,0.7840,128,1048576,1001564,47012,178.1836,-131.9556,0
tpcds_61,ss_store_sk,0,0,0,0.5898,128,1048576,1001564,47012,181.7189,-135.2967,0
tpcds_61,ss_store_sk,0,0,0,0.5898,128,1048576,1001426,47150,187.0778,-140.5176,0
tpcds_61,p_promo_sk,0,0,0,187.1267,0,0,0,0,0.1114,-187.2381,0
tpcds_61,ss_sold_date_sk,0,0,0,0.0041,0,0,0,0,187.2896,-187.2936,0
tpcds_61,p_promo_sk,0,0,0,187.1267,0,0,0,0,0.1394,-187.2661,0
tpcds_61,ss_sold_date_sk,0,0,0,0.0041,0,0,0,0,187.3120,-187.3161,0
tpcds_61,p_promo_sk,0,0,0,187.1267,0,0,0,0,0.1303,-187.2570,0
tpcds_61,p_promo_sk,0,0,0,187.1267,0,0,0,0,0.1505,-187.2773,0
tpcds_61,ss_sold_date_sk,0,0,0,0.0041,0,0,0,0,187.3380,-187.3420,0
tpcds_61,p_promo_sk,0,0,0,187.1267,0,0,0,0,0.1471,-187.2738,0
tpcds_61,ss_sold_date_sk,0,0,0,0.0041,0,0,0,0,187.3191,-187.3231,0
tpcds_61,ss_sold_date_sk,0,0,0,0.0041,0,0,0,0,187.3273,-187.3314,0
tpcds_61,p_promo_sk,0,0,0,187.1267,0,0,0,0,0.1756,-187.3024,0
tpcds_61,ss_sold_date_sk,0,0,0,0.0041,0,0,0,0,187.3344,-187.3384,0
tpcds_61,p_promo_sk,0,0,0,187.1267,0,0,0,0,0.1778,-187.3045,0
tpcds_61,p_promo_sk,0,0,0,187.1267,0,0,0,0,0.1681,-187.2948,0
tpcds_61,p_promo_sk,0,0,0,187.1267,0,0,0,0,0.1713,-187.2981,0
tpcds_61,p_promo_sk,0,0,0,187.1267,0,0,0,0,0.1791,-187.3058,0
tpcds_61,ss_sold_date_sk,0,0,0,0.0041,0,0,0,0,187.3420,-187.3460,0
tpcds_61,ss_sold_date_sk,0,0,0,0.0041,0,0,0,0,187.3439,-187.3479,0
tpcds_61,ss_sold_date_sk,0,0,0,0.0041,0,0,0,0,187.3498,-187.3539,0
tpcds_61,ss_sold_date_sk,0,0,0,0.0041,0,0,0,0,187.3489,-187.3530,0
tpcds_61,p_promo_sk,0,0,0,187.1267,0,0,0,0,0.1862,-187.3129,0
tpcds_61,p_promo_sk,0,0,0,187.1267,0,0,0,0,0.1778,-187.3045,0
tpcds_61,p_promo_sk,0,0,0,187.1267,0,0,0,0,0.1901,-187.3168,0
tpcds_61,ss_sold_date_sk,0,0,0,0.0041,0,0,0,0,187.3532,-187.3573,0
tpcds_61,ss_sold_date_sk,0,0,0,0.0041,0,0,0,0,187.3605,-187.3645,0
tpcds_61,p_promo_sk,0,0,0,187.1267,0,0,0,0,0.1848,-187.3115,0
tpcds_61,ss_sold_date_sk,0,0,0,0.0041,0,0,0,0,187.3549,-187.3590,0
tpcds_61,ss_sold_date_sk,0,0,0,0.0041,0,0,0,0,187.3637,-187.3678,0
tpcds_61,p_promo_sk,0,0,0,187.1267,0,0,0,0,0.2289,-187.3556,0
tpcds_61,ss_sold_date_sk,0,0,0,0.0041,0,0,0,0,187.3701,-187.3742,0
tpcds_61,p_promo_sk,0,0,0,187.1267,0,0,0,0,0.2165,-187.3433,0
tpcds_61,ss_sold_date_sk,0,0,0,0.0041,0,0,0,0,187.4051,-187.4091,0
tpcds_61,c_current_addr_sk,0,0,0,0.0033,0,0,0,0,187.6197,-187.6230,0
tpcds_61,ss_item_sk,0,0,0,1.1586,0,0,0,0,187.7280,-188.8865,0
tpcds_61,c_current_addr_sk,0,0,0,0.0033,0,0,0,0,187.6899,-187.6931,0
tpcds_61,ss_item_sk,0,0,0,1.1586,0,0,0,0,187.7937,-188.9523,0
tpcds_61,c_current_addr_sk,0,0,0,0.0033,0,0,0,0,187.7864,-187.7897,0
tpcds_61,ss_item_sk,0,0,0,1.1586,0,0,0,0,187.7997,-188.9582,0
tpcds_61,c_current_addr_sk,0,0,0,0.0033,0,0,0,0,187.7360,-187.7392,0
tpcds_61,c_current_addr_sk,0,0,0,0.0033,0,0,0,0,187.7477,-187.7510,0
tpcds_61,c_current_addr_sk,0,0,0,0.0033,0,0,0,0,187.7383,-187.7416,0
tpcds_61,c_current_addr_sk,0,0,0,0.0033,0,0,0,0,187.7660,-187.7692,0
tpcds_61,ss_item_sk,0,0,0,1.1586,0,0,0,0,187.8185,-188.9770,0
tpcds_61,ss_item_sk,0,0,0,1.1586,0,0,0,0,187.8224,-188.9809,0
tpcds_61,ss_item_sk,0,0,0,1.1586,0,0,0,0,187.8274,-188.9859,0
tpcds_61,ss_item_sk,0,0,0,1.1586,0,0,0,0,187.8141,-188.9727,0
tpcds_61,c_current_addr_sk,0,0,0,0.0033,0,0,0,0,187.7385,-187.7418,0
tpcds_61,c_current_addr_sk,0,0,0,0.0033,0,0,0,0,187.7715,-187.7748,0
tpcds_61,ss_item_sk,0,0,0,1.1586,0,0,0,0,187.8313,-188.9898,0
tpcds_61,c_current_addr_sk,0,0,0,0.0033,0,0,0,0,187.7844,-187.7877,0
tpcds_61,ss_item_sk,0,0,0,1.1586,0,0,0,0,187.8335,-188.9921,0
tpcds_61,ss_item_sk,0,0,0,1.1586,0,0,0,0,187.8420,-189.0005,0
tpcds_61,c_current_addr_sk,0,0,0,0.0033,0,0,0,0,187.7600,-187.7632,0
tpcds_61,c_current_addr_sk,0,0,0,0.0033,0,0,0,0,187.7975,-187.8008,0
tpcds_61,c_current_addr_sk,0,0,0,0.0033,0,0,0,0,187.7558,-187.7591,0
tpcds_61,ss_item_sk,0,0,0,1.1586,0,0,0,0,187.8408,-188.9994,0
tpcds_61,ss_item_sk,0,0,0,1.1586,0,0,0,0,187.8568,-189.0154,0
tpcds_61,c_current_addr_sk,0,0,0,0.0033,0,0,0,0,187.7912,-187.7945,0
tpcds_61,ss_item_sk,0,0,0,1.1586,0,0,0,0,187.8559,-189.0145,0
tpcds_61,ss_item_sk,0,0,0,1.1586,0,0,0,0,187.8622,-189.0208,0
tpcds_61,c_current_addr_sk,0,0,0,0.0033,0,0,0,0,187.7982,-187.8014,0
tpcds_61,ss_item_sk,0,0,0,1.1586,0,0,0,0,187.8810,-189.0395,0
tpcds_61,c_current_addr_sk,0,0,0,0.0033,0,0,0,0,187.8071,-187.8104,0
tpcds_61,ss_item_sk,0,0,0,1.1586,0,0,0,0,187.9108,-189.0693,0
tpcds_61,ss_item_sk,0,0,0,0.8157,0,0,0,0,2001.9813,-2002.7970,0
tpcds_61,ss_item_sk,0,0,0,0.8157,0,0,0,0,2001.9945,-2002.8102,0
tpcds_61,ss_item_sk,0,0,0,0.8157,0,0,0,0,2002.0542,-2002.8699,0
tpcds_61,ss_item_sk,0,0,0,0.8157,0,0,0,0,2002.1853,-2003.0010,0
tpcds_61,ss_item_sk,0,0,0,0.8157,0,0,0,0,2002.1849,-2003.0007,0
tpcds_61,ss_item_sk,0,0,0,0.8157,0,0,0,0,2002.2951,-2003.1109,0
tpcds_61,ss_item_sk,0,0,0,0.8157,0,0,0,0,2002.2563,-2003.0720,0
tpcds_61,ss_item_sk,0,0,0,0.8157,0,0,0,0,2002.2697,-2003.0854,0
tpcds_61,ss_item_sk,0,0,0,0.8157,0,0,0,0,2002.2923,-2003.1080,0
tpcds_61,ss_item_sk,0,0,0,0.8157,0,0,0,0,2002.3007,-2003.1164,0
tpcds_61,ss_item_sk,0,0,0,0.8157,0,0,0,0,2002.3223,-2003.1380,0
tpcds_61,ss_item_sk,0,0,0,0.8157,0,0,0,0,2002.2801,-2003.0958,0
tpcds_61,ss_item_sk,0,0,0,0.8157,0,0,0,0,2002.3291,-2003.1448,0
tpcds_61,ss_item_sk,0,0,0,0.8157,0,0,0,0,2002.3404,-2003.1562,0
tpcds_61,ss_item_sk,0,0,0,0.8157,0,0,0,0,2002.4035,-2003.2192,0
tpcds_61,ss_item_sk,0,0,0,0.8157,0,0,0,0,2002.5917,-2003.4074,0
tpcds_62,ws_warehouse_sk,0,0,0,2.3941,0,0,0,0,0.3191,-2.7132,0
tpcds_62,ws_warehouse_sk,0,0,0,2.3941,0,0,0,0,0.3309,-2.7250,0
tpcds_62,ws_warehouse_sk,0,0,0,2.3941,0,0,0,0,0.1677,-2.5618,0
tpcds_62,ws_warehouse_sk,0,0,0,2.3941,0,0,0,0,0.1702,-2.5643,0
tpcds_62,ws_warehouse_sk,0,0,0,2.3941,0,0,0,0,0.5680,-2.9621,0
tpcds_62,ws_warehouse_sk,0,0,0,2.3941,0,0,0,0,0.1458,-2.5398,0
tpcds_62,ws_warehouse_sk,0,0,0,2.3941,0,0,0,0,0.1592,-2.5533,0
tpcds_62,ws_warehouse_sk,0,0,0,2.3941,0,0,0,0,0.1356,-2.5297,0
tpcds_62,ws_warehouse_sk,0,0,0,2.3941,0,0,0,0,0.1378,-2.5319,0
tpcds_62,ws_warehouse_sk,0,0,0,2.3941,0,0,0,0,0.3860,-2.7800,0
tpcds_62,ws_warehouse_sk,0,0,0,2.3941,0,0,0,0,0.1324,-2.5265,0
tpcds_62,ws_warehouse_sk,0,0,0,2.3941,0,0,0,0,0.1348,-2.5289,0
tpcds_62,ws_warehouse_sk,0,0,0,2.3941,0,0,0,0,0.1298,-2.5239,0
tpcds_62,ws_warehouse_sk,0,0,0,2.3941,0,0,0,0,0.1301,-2.5242,0
tpcds_62,ws_warehouse_sk,0,0,0,2.3941,0,0,0,0,0.4196,-2.8137,0
tpcds_62,ws_warehouse_sk,0,0,0,2.3941,88,719384,719200,184,40.1794,-42.3895,0
tpcds_62,sm_ship_mode_sk,0,0,0,42.8263,1,20,0,20,2.3562,-45.1625,0
tpcds_62,web_site_sk,0,0,0,45.2447,1,30,0,30,2.8065,-48.0212,0
tpcds_62,d_date_sk,0,0,0,48.1213,0,0,0,0,3.4257,-51.5470,0
tpcds_62,d_date_sk,0,0,0,48.1213,0,0,0,0,3.4162,-51.5376,0
tpcds_62,d_date_sk,0,0,0,48.1213,0,0,0,0,3.4328,-51.5541,0
tpcds_62,d_date_sk,0,0,0,48.1213,0,0,0,0,3.4742,-51.5956,0
tpcds_62,d_date_sk,0,0,0,48.1213,0,0,0,0,3.4931,-51.6144,0
tpcds_62,d_date_sk,0,0,0,48.1213,0,0,0,0,3.4852,-51.6066,0
tpcds_62,d_date_sk,0,0,0,48.1213,0,0,0,0,3.4950,-51.6163,0
tpcds_62,d_date_sk,0,0,0,48.1213,0,0,0,0,3.5097,-51.6311,0
tpcds_62,d_date_sk,0,0,0,48.1213,1,84,0,84,3.5021,-51.5394,0
tpcds_62,d_date_sk,0,0,0,48.1213,0,0,0,0,3.5066,-51.6279,0
tpcds_62,d_date_sk,0,0,0,48.1213,0,0,0,0,3.5059,-51.6272,0
tpcds_62,d_date_sk,0,0,0,48.1213,0,0,0,0,3.5516,-51.6729,0
tpcds_62,d_date_sk,0,0,0,48.1213,0,0,0,0,3.5454,-51.6667,0
tpcds_62,d_date_sk,0,0,0,48.1213,0,0,0,0,3.5358,-51.6571,0
tpcds_62,d_date_sk,0,0,0,48.1213,0,0,0,0,3.5249,-51.6462,0
tpcds_62,d_date_sk,0,0,0,48.1213,0,0,0,0,3.5410,-51.6624,0
tpcds_63,ss_item_sk,0,0,0,0.4922,0,0,0,0,0.1093,-0.6015,0
tpcds_63,ss_item_sk,0,0,0,0.4922,0,0,0,0,0.0343,-0.5265,0
tpcds_63,ss_item_sk,0,0,0,0.4922,0,0,0,0,0.0422,-0.5344,0
tpcds_63,ss_item_sk,0,0,0,0.4922,0,0,0,0,0.0280,-0.5202,0
tpcds_63,ss_item_sk,0,0,0,0.4922,0,0,0,0,0.0318,-0.5240,0
tpcds_63,ss_item_sk,0,0,0,0.4922,0,0,0,0,0.0281,-0.5203,0
tpcds_63,ss_item_sk,0,0,0,0.4922,0,0,0,0,0.0308,-0.5229,0
tpcds_63,ss_item_sk,0,0,0,0.4922,0,0,0,0,0.0258,-0.5180,0
tpcds_63,ss_item_sk,0,0,0,0.4922,0,0,0,0,0.0259,-0.5180,0
tpcds_63,ss_item_sk,0,0,0,0.4922,0,0,0,0,0.0725,-0.5646,0
tpcds_63,ss_item_sk,0,0,0,0.4922,0,0,0,0,0.0686,-0.5608,0
tpcds_63,ss_item_sk,0,0,0,0.4922,0,0,0,0,0.0263,-0.5185,0
tpcds_63,ss_item_sk,0,0,0,0.4922,0,0,0,0,0.0588,-0.5509,0
tpcds_63,ss_item_sk,0,0,0,0.4922,96,783252,747740,35512,134.2590,-99.2392,0
tpcds_63,ss_item_sk,0,0,0,0.4922,128,1048576,1001365,47211,146.7638,-100.0450,0
tpcds_63,ss_item_sk,0,0,0,0.4922,128,1048576,1001547,47029,146.5983,-100.0615,0
tpcds_63,d_date_sk,0,0,0,147.4778,0,0,0,0,4.5337,-152.0114,0
tpcds_63,d_date_sk,0,0,0,147.4778,0,0,0,0,4.5445,-152.0223,0
tpcds_63,d_date_sk,0,0,0,147.4778,0,0,0,0,4.5899,-152.0677,0
tpcds_63,d_date_sk,0,0,0,147.4778,0,0,0,0,4.5558,-152.0336,0
tpcds_63,d_date_sk,0,0,0,147.4778,0,0,0,0,4.5929,-152.0706,0
tpcds_63,d_date_sk,0,0,0,147.4778,0,0,0,0,4.5799,-152.0577,0
tpcds_63,d_date_sk,0,0,0,147.4778,0,0,0,0,4.5866,-152.0644,0
tpcds_63,d_date_sk,0,0,0,147.4778,0,0,0,0,4.5913,-152.0691,0
tpcds_63,d_date_sk,0,0,0,147.4778,0,0,0,0,4.5844,-152.0621,0
tpcds_63,d_date_sk,0,0,0,147.4778,0,0,0,0,4.6079,-152.0857,0
tpcds_63,d_date_sk,0,0,0,147.4778,0,0,0,0,4.6093,-152.0871,0
tpcds_63,d_date_sk,0,0,0,147.4778,0,0,0,0,4.6056,-152.0834,0
tpcds_63,d_date_sk,0,0,0,147.4778,0,0,0,0,4.5957,-152.0734,0
tpcds_63,d_date_sk,0,0,0,147.4778,0,0,0,0,4.5980,-152.0758,0
tpcds_63,d_date_sk,0,0,0,147.4778,0,0,0,0,4.6214,-152.0992,0
tpcds_63,d_date_sk,0,0,0,147.4778,1,84,0,84,4.6461,-152.0399,0
tpcds_63,s_store_sk,0,0,0,151.9769,1,12,0,12,0.1542,-152.1191,0
tpcds_64,ss_sold_date_sk,0,0,0,0.7305,0,0,0,0,177.6266,-178.3570,0
tpcds_64,ss_sold_date_sk,0,0,0,0.7305,0,0,0,0,177.7950,-178.5254,0
tpcds_64,ss_sold_date_sk,0,0,0,0.7305,0,0,0,0,177.8979,-178.6284,0
tpcds_64,ss_sold_date_sk,0,0,0,0.7305,0,0,0,0,178.0547,-178.7852,0
tpcds_64,ss_sold_date_sk,0,0,0,0.7305,0,0,0,0,177.7508,-178.4812,0
tpcds_64,ss_sold_date_sk,0,0,0,0.7305,0,0,0,0,178.0790,-178.8095,0
tpcds_64,ss_sold_date_sk,0,0,0,0.7305,0,0,0,0,177.7543,-178.4848,0
tpcds_64,ss_sold_date_sk,0,0,0,0.7305,0,0,0,0,178.0965,-178.8270,0
tpcds_64,ss_sold_date_sk,0,0,0,0.7305,0,0,0,0,178.1450,-178.8755,0
tpcds_64,ss_sold_date_sk,0,0,0,0.7305,0,0,0,0,177.8692,-178.5997,0
tpcds_64,ss_sold_date_sk,0,0,0,0.7305,0,0,0,0,177.8137,-178.5442,0
tpcds_64,ss_sold_date_sk,0,0,0,0.7305,0,0,0,0,177.9926,-178.7231,0
tpcds_64,ss_sold_date_sk,0,0,0,0.7305,0,0,0,0,177.9237,-178.6541,0
tpcds_64,ss_sold_date_sk,0,0,0,0.7305,0,0,0,0,177.8694,-178.5999,0
tpcds_64,ss_sold_date_sk,0,0,0,0.7305,0,0,0,0,177.8179,-178.5484,0
tpcds_64,ss_sold_date_sk,0,0,0,0.7305,0,0,0,0,177.9279,-178.6584,0
tpcds_64,s_store_sk,0,0,0,179.3625,1,12,0,12,4.2646,-183.6151,0
tpcds_64,c_customer_sk,0,0,0,183.6776,1,8192,0,8192,15.7161,-191.2017,0
tpcds_64,c_customer_sk,0,0,0,183.6776,0,0,0,0,15.7565,-199.4341,0
tpcds_64,c_customer_sk,0,0,0,183.6776,1,8192,0,8192,15.7536,-191.2392,0
tpcds_64,c_customer_sk,0,0,0,183.6776,1,8192,0,8192,15.8076,-191.2932,0
tpcds_64,c_customer_sk,0,0,0,183.6776,1,8192,0,8192,15.7758,-191.2615,0
tpcds_64,c_customer_sk,0,0,0,183.6776,1,8192,0,8192,15.7542,-191.2398,0
tpcds_64,c_customer_sk,0,0,0,183.6776,0,0,0,0,15.7999,-199.4775,0
tpcds_64,c_customer_sk,0,0,0,183.6776,1,8192,0,8192,15.7899,-191.2755,0
tpcds_64,c_customer_sk,0,0,0,183.6776,1,8192,0,8192,15.7805,-191.2662,0
tpcds_64,c_customer_sk,0,0,0,183.6776,1,8192,0,8192,15.7563,-191.2419,0
tpcds_64,c_customer_sk,0,0,0,183.6776,1,8192,0,8192,15.8029,-191.2886,0
tpcds_64,c_customer_sk,0,0,0,183.6776,1,8192,0,8192,15.8222,-191.3078,0
tpcds_64,c_customer_sk,0,0,0,183.6776,0,0,0,0,15.8112,-199.4888,0
tpcds_64,c_customer_sk,0,0,0,183.6776,1,8192,0,8192,15.8250,-191.3106,0
tpcds_64,c_customer_sk,0,0,0,183.6776,1,8192,0,8192,15.7835,-191.2691,0
tpcds_64,c_customer_sk,0,0,0,183.6776,1,1696,0,1696,15.8164,-197.7980,0
tpcds_64,d_date_sk,0,0,0,1975.7191,1,8192,0,8192,2.7191,-1970.2462,0
tpcds_64,d_date_sk,0,0,0,1975.7191,1,8192,0,8192,2.7508,-1970.2779,0
tpcds_64,d_date_sk,0,0,0,1975.7191,1,8192,0,8192,2.7609,-1970.2880,0
tpcds_64,d_date_sk,0,0,0,1975.7191,1,8192,0,8192,2.8005,-1970.3276,0
tpcds_64,d_date_sk,0,0,0,1975.7191,0,0,0,0,2.7952,-1978.5143,0
tpcds_64,d_date_sk,0,0,0,1975.7191,1,8192,0,8192,2.8258,-1970.3529,0
tpcds_64,d_date_sk,0,0,0,1975.7191,1,8192,0,8192,2.8390,-1970.3661,0
tpcds_64,d_date_sk,0,0,0,1975.7191,0,0,0,0,2.8330,-1978.5520,0
tpcds_64,d_date_sk,0,0,0,1975.7191,0,0,0,0,2.8406,-1978.5597,0
tpcds_64,d_date_sk,0,0,0,1975.7191,1,8192,0,8192,2.8465,-1970.3735,0
tpcds_64,d_date_sk,0,0,0,1975.7191,0,0,0,0,2.8467,-1978.5658,0
tpcds_64,d_date_sk,0,0,0,1975.7191,1,8192,0,8192,2.8610,-1970.3881,0
tpcds_64,d_date_sk,0,0,0,1975.7191,0,0,0,0,2.8547,-1978.5738,0
tpcds_64,d_date_sk,0,0,0,1975.7191,0,0,0,0,2.8753,-1978.5944,0
tpcds_64,d_date_sk,0,0,0,1975.7191,0,0,0,0,2.9000,-1978.6191,0
tpcds_64,d_date_sk,0,0,0,1975.7191,1,7513,0,7513,2.9582,-1971.1642,0
tpcds_64,ss_promo_sk,0,0,0,0.1284,0,0,0,0,1979.9569,-1980.0853,0
tpcds_64,ss_hdemo_sk,7200,20,14400,10.5474,0,0,0,0,1980.2568,-1990.8042,0
tpcds_64,ss_promo_sk,0,0,0,0.1284,0,0,0,0,1979.9276,-1980.0560,0
tpcds_64,c_current_hdemo_sk,7200,20,14400,4.3122,0,0,0,0,1991.7148,-1996.0270,0
tpcds_64,ss_addr_sk,0,0,0,10.7323,0,0,0,0,1996.1683,-2006.9006,0
tpcds_64,ss_hdemo_sk,7200,20,14400,10.5474,0,0,0,0,1980.5789,-1991.1263,0
tpcds_64,c_current_addr_sk,0,0,0,10.0248,0,0,0,0,2008.0279,-2018.0526,0
tpcds_64,c_current_hdemo_sk,7200,20,14400,4.3122,0,0,0,0,1991.7267,-1996.0390,0
tpcds_64,hd_income_band_sk,20,20,40,2.4860,0,0,0,0,2019.3850,-2021.8710,0
tpcds_64,ss_addr_sk,0,0,0,10.7323,0,0,0,0,1996.1848,-2006.9172,0
tpcds_64,hd_income_band_sk,20,20,40,5.1529,0,0,0,0,2022.0193,-2027.1722,0
tpcds_64,c_current_addr_sk,0,0,0,10.0248,0,0,0,0,2008.0304,-2018.0552,0
tpcds_64,ss_item_sk,0,0,0,0.0109,0,0,0,0,2027.2741,-2027.2850,0
tpcds_64,hd_income_band_sk,20,20,40,2.4860,0,0,0,0,2019.4877,-2021.9737,0
tpcds_64,hd_income_band_sk,20,20,40,5.1529,0,0,0,0,2022.0418,-2027.1947,0
tpcds_64,ss_item_sk,0,0,0,0.0109,0,0,0,0,2027.2864,-2027.2972,0
tpcds_64,ss_promo_sk,0,0,0,0.1284,0,0,0,0,1980.0150,-1980.1434,0
tpcds_64,ss_hdemo_sk,7200,20,14400,10.5474,0,0,0,0,1980.5571,-1991.1045,0
tpcds_64,ss_promo_sk,0,0,0,0.1284,0,0,0,0,1980.0039,-1980.1323,0
tpcds_64,ss_promo_sk,0,0,0,0.1284,0,0,0,0,1980.0384,-1980.1667,0
tpcds_64,c_current_hdemo_sk,7200,20,14400,4.3122,0,0,0,0,1991.7976,-1996.1099,0
tpcds_64,ss_hdemo_sk,7200,20,14400,10.5474,0,0,0,0,1980.6278,-1991.1752,0
tpcds_64,ss_hdemo_sk,7200,20,14400,10.5474,0,0,0,0,1980.6409,-1991.1883,0
tpcds_64,c_current_hdemo_sk,7200,20,14400,4.3122,0,0,0,0,1991.7920,-1996.1043,0
tpcds_64,c_current_hdemo_sk,7200,20,14400,4.3122,0,0,0,0,1991.7894,-1996.1016,0
tpcds_64,ss_addr_sk,0,0,0,10.7323,0,0,0,0,1996.2500,-2006.9824,0
tpcds_64,ss_addr_sk,0,0,0,10.7323,0,0,0,0,1996.2493,-2006.9817,0
tpcds_64,c_current_addr_sk,0,0,0,10.0248,0,0,0,0,2008.1082,-2018.1330,0
tpcds_64,c_current_addr_sk,0,0,0,10.0248,0,0,0,0,2008.1176,-2018.1424,0
tpcds_64,hd_income_band_sk,20,20,40,2.4860,0,0,0,0,2019.5562,-2022.0422,0
tpcds_64,hd_income_band_sk,20,20,40,2.4860,0,0,0,0,2019.5536,-2022.0396,0
tpcds_64,hd_income_band_sk,20,20,40,5.1529,0,0,0,0,2022.1087,-2027.2616,0
tpcds_64,hd_income_band_sk,20,20,40,5.1529,0,0,0,0,2022.1160,-2027.2689,0
tpcds_64,ss_item_sk,0,0,0,0.0109,0,0,0,0,2027.3549,-2027.3658,0
tpcds_64,ss_item_sk,0,0,0,0.0109,0,0,0,0,2027.3494,-2027.3603,0
tpcds_64,ss_addr_sk,0,0,0,10.7323,0,0,0,0,1996.2475,-2006.9798,0
tpcds_64,c_current_addr_sk,0,0,0,10.0248,0,0,0,0,2008.1242,-2018.1490,0
tpcds_64,hd_income_band_sk,20,20,40,2.4860,0,0,0,0,2019.5865,-2022.0725,0
tpcds_64,ss_promo_sk,0,0,0,0.1284,0,0,0,0,1980.3478,-1980.4762,0
tpcds_64,ss_promo_sk,0,0,0,0.1284,0,0,0,0,1980.0243,-1980.1527,0
tpcds_64,hd_income_band_sk,20,20,40,5.1529,0,0,0,0,2022.1383,-2027.2912,0
tpcds_64,ss_hdemo_sk,7200,20,14400,10.5474,0,0,0,0,1980.3994,-1990.9468,0
tpcds_64,ss_hdemo_sk,7200,20,14400,10.5474,0,0,0,0,1980.7064,-1991.2538,0
tpcds_64,ss_item_sk,0,0,0,0.0109,0,0,0,0,2027.3235,-2027.3343,0
tpcds_64,c_current_hdemo_sk,7200,20,14400,4.3122,0,0,0,0,1991.8738,-1996.1860,0
tpcds_64,c_current_hdemo_sk,7200,20,14400,4.3122,0,0,0,0,1991.8676,-1996.1799,0
tpcds_64,ss_addr_sk,0,0,0,10.7323,0,0,0,0,1996.3170,-2007.0493,0
tpcds_64,ss_addr_sk,0,0,0,10.7323,0,0,0,0,1996.3551,-2007.0874,0
tpcds_64,c_current_addr_sk,0,0,0,10.0248,0,0,0,0,2008.1684,-2018.1932,0
tpcds_64,c_current_addr_sk,0,0,0,10.0248,0,0,0,0,2008.1605,-2018.1853,0
tpcds_64,hd_income_band_sk,20,20,40,2.4860,0,0,0,0,2019.6368,-2022.1227,0
tpcds_64,ss_promo_sk,0,0,0,0.1284,0,0,0,0,1980.1272,-1980.2556,0
tpcds_64,hd_income_band_sk,20,20,40,2.4860,0,0,0,0,2019.6441,-2022.1301,0
tpcds_64,hd_income_band_sk,20,20,40,5.1529,0,0,0,0,2022.1951,-2027.3480,0
tpcds_64,ss_hdemo_sk,7200,20,14400,10.5474,0,0,0,0,1980.6709,-1991.2183,0
tpcds_64,hd_income_band_sk,20,20,40,5.1529,0,0,0,0,2022.1925,-2027.3454,0
tpcds_64,ss_item_sk,0,0,0,0.0109,0,0,0,0,2027.4212,-2027.4321,0
tpcds_64,c_current_hdemo_sk,7200,20,14400,4.3122,0,0,0,0,1991.9051,-1996.2174,0
tpcds_64,ss_item_sk,0,0,0,0.0109,0,0,0,0,2027.4241,-2027.4350,0
tpcds_64,ss_addr_sk,0,0,0,10.7323,0,0,0,0,1996.3732,-2007.1055,0
tpcds_64,c_current_addr_sk,0,0,0,10.0248,0,0,0,0,2008.1961,-2018.2208,0
tpcds_64,ss_promo_sk,0,0,0,0.1284,0,0,0,0,1980.1316,-1980.2600,0
tpcds_64,hd_income_band_sk,20,20,40,2.4860,0,0,0,0,2019.6700,-2022.1560,0
tpcds_64,ss_promo_sk,0,0,0,0.1284,0,0,0,0,1980.1877,-1980.3160,0
tpcds_64,ss_hdemo_sk,7200,20,14400,10.5474,0,0,0,0,1980.7877,-1991.3351,0
tpcds_64,hd_income_band_sk,20,20,40,5.1529,0,0,0,0,2022.2086,-2027.3615,0
tpcds_64,c_current_hdemo_sk,7200,20,14400,4.3122,0,0,0,0,1991.0958,-1995.4081,0
tpcds_64,ss_hdemo_sk,7200,20,14400,10.5474,0,0,0,0,1980.7072,-1991.2546,0
tpcds_64,ss_item_sk,0,0,0,0.0109,0,0,0,0,2027.4666,-2027.4774,0
tpcds_64,ss_addr_sk,0,0,0,10.7323,0,0,0,0,1996.3909,-2007.1232,0
tpcds_64,c_current_hdemo_sk,7200,20,14400,4.3122,0,0,0,0,1991.9395,-1996.2517,0
tpcds_64,c_current_addr_sk,0,0,0,10.0248,0,0,0,0,2008.2435,-2018.2683,0
tpcds_64,ss_addr_sk,0,0,0,10.7323,0,0,0,0,1996.1599,-2006.8923,0
tpcds_64,hd_income_band_sk,20,20,40,2.4860,0,0,0,0,2019.6930,-2022.1789,0
tpcds_64,c_current_addr_sk,0,0,0,10.0248,0,0,0,0,2008.0766,-2018.1014,0
tpcds_64,ss_promo_sk,0,0,0,0.1284,0,0,0,0,1980.1475,-1980.2759,0
tpcds_64,hd_income_band_sk,20,20,40,5.1529,0,0,0,0,2022.2437,-2027.3966,0
tpcds_64,hd_income_band_sk,20,20,40,2.4860,0,0,0,0,2019.7024,-2022.1884,0
tpcds_64,ss_hdemo_sk,7200,20,14400,10.5474,0,0,0,0,1980.8126,-1991.3600,0
tpcds_64,ss_item_sk,0,0,0,0.0109,0,0,0,0,2027.4771,-2027.4880,0
tpcds_64,hd_income_band_sk,20,20,40,5.1529,0,0,0,0,2022.1489,-2027.3018,0
tpcds_64,ss_item_sk,0,0,0,0.0109,0,0,0,0,2027.5182,-2027.5291,0
tpcds_64,c_current_hdemo_sk,7200,20,14400,4.3122,0,0,0,0,1991.9561,-1996.2684,0
tpcds_64,ss_addr_sk,0,0,0,10.7323,0,0,0,0,1996.4198,-2007.1521,0
tpcds_64,ss_promo_sk,0,0,0,0.1284,0,0,0,0,1980.2287,-1980.3571,0
tpcds_64,c_current_addr_sk,0,0,0,10.0248,0,0,0,0,2008.2551,-2018.2799,0
tpcds_64,ss_hdemo_sk,7200,20,14400,10.5474,0,0,0,0,1980.8425,-1991.3899,0
tpcds_64,hd_income_band_sk,20,20,40,2.4860,0,0,0,0,2019.7226,-2022.2085,0
tpcds_64,c_current_hdemo_sk,7200,20,14400,4.3122,0,0,0,0,1992.0054,-1996.3176,0
tpcds_64,hd_income_band_sk,20,20,40,5.1529,0,0,0,0,2022.2690,-2027.4219,0
tpcds_64,ss_addr_sk,0,0,0,10.7323,0,0,0,0,1996.4513,-2007.1837,0
tpcds_64,ss_item_sk,0,0,0,0.0109,0,0,0,0,2027.5180,-2027.5289,0
tpcds_64,c_current_addr_sk,0,0,0,10.0248,0,0,0,0,2008.2914,-2018.3162,0
tpcds_64,hd_income_band_sk,20,20,40,2.4860,0,0,0,0,2019.7402,-2022.2262,0
tpcds_64,hd_income_band_sk,20,20,40,5.1529,0,0,0,0,2022.2865,-2027.4394,0
tpcds_64,ss_item_sk,0,0,0,0.0109,0,0,0,0,2027.5403,-2027.5512,0
tpcds_64,ss_promo_sk,0,0,0,0.1284,0,0,0,0,1980.1943,-1980.3227,0
tpcds_64,ss_promo_sk,0,0,0,0.1284,0,0,0,0,1980.2521,-1980.3805,0
tpcds_64,ss_hdemo_sk,7200,20,14400,10.5474,0,0,0,0,1980.8614,-1991.4088,0
tpcds_64,ss_hdemo_sk,7200,20,14400,10.5474,0,0,0,0,1980.9615,-1991.5089,0
tpcds_64,c_current_hdemo_sk,7200,20,14400,4.3122,0,0,0,0,1992.0169,-1996.3291,0
tpcds_64,ss_promo_sk,0,0,0,0.1284,0,0,0,0,1980.3240,-1980.4524,0
tpcds_64,c_current_hdemo_sk,7200,20,14400,4.3122,0,0,0,0,1991.1622,-1995.4745,0
tpcds_64,ss_addr_sk,0,0,0,10.7323,0,0,0,0,1996.4991,-2007.2315,0
tpcds_64,ss_addr_sk,0,0,0,10.7323,0,0,0,0,1996.4929,-2007.2252,0
tpcds_64,ss_hdemo_sk,7200,20,14400,10.5474,0,0,0,0,1980.8965,-1991.4439,0
tpcds_64,c_current_addr_sk,0,0,0,10.0248,0,0,0,0,2008.3234,-2018.3481,0
tpcds_64,c_current_addr_sk,0,0,0,10.0248,0,0,0,0,2008.3298,-2018.3545,0
tpcds_64,c_current_hdemo_sk,7200,20,14400,4.3122,0,0,0,0,1992.0274,-1996.3396,0
tpcds_64,hd_income_band_sk,20,20,40,2.4860,0,0,0,0,2019.7942,-2022.2801,0
tpcds_64,hd_income_band_sk,20,20,40,2.4860,0,0,0,0,2019.7919,-2022.2779,0
tpcds_64,ss_addr_sk,0,0,0,10.7323,0,0,0,0,1996.5086,-2007.2409,0
tpcds_64,hd_income_band_sk,20,20,40,5.1529,0,0,0,0,2022.3400,-2027.4929,0
tpcds_64,c_current_addr_sk,0,0,0,10.0248,0,0,0,0,2008.3305,-2018.3553,0
tpcds_64,hd_income_band_sk,20,20,40,5.1529,0,0,0,0,2022.3321,-2027.4850,0
tpcds_64,ss_item_sk,0,0,0,0.0109,0,0,0,0,2027.5896,-2027.6005,0
tpcds_64,ss_item_sk,0,0,0,0.0109,0,0,0,0,2027.5813,-2027.5922,0
tpcds_64,hd_income_band_sk,20,20,40,2.4860,0,0,0,0,2019.7934,-2022.2793,0
tpcds_64,hd_income_band_sk,20,20,40,5.1529,0,0,0,0,2022.3579,-2027.5108,0
tpcds_64,ss_item_sk,0,0,0,0.0109,0,0,0,0,2027.5909,-2027.6018,0
tpcds_64,ss_promo_sk,0,0,0,0.1284,0,0,0,0,1980.3159,-1980.4443,0
tpcds_64,ss_hdemo_sk,7200,20,14400,10.5474,0,0,0,0,1980.9443,-1991.4918,0
tpcds_64,c_current_hdemo_sk,7200,20,14400,4.3122,0,0,0,0,1992.0968,-1996.4090,0
tpcds_64,ss_addr_sk,0,0,0,10.7323,0,0,0,0,1996.5581,-2007.2904,0
tpcds_64,c_current_addr_sk,0,0,0,10.0248,0,0,0,0,2008.4080,-2018.4328,0
tpcds_64,hd_income_band_sk,20,20,40,2.4860,0,0,0,0,2019.8696,-2022.3556,0
tpcds_64,hd_income_band_sk,20,20,40,5.1529,0,0,0,0,2022.4016,-2027.5545,0
tpcds_64,ss_item_sk,0,0,0,0.0109,0,0,0,0,2027.6534,-2027.6643,0
tpcds_64,d_date_sk,0,0,0,0.0098,1,8192,0,8192,3.1542,5.0280,1
tpcds_64,d_date_sk,0,0,0,0.0098,0,0,0,0,3.1437,-3.1534,0
tpcds_64,d_date_sk,0,0,0,0.0098,1,8192,0,8192,3.1587,5.0235,1
tpcds_64,d_date_sk,0,0,0,0.0098,0,0,0,0,3.2226,-3.2324,0
tpcds_64,d_date_sk,0,0,0,0.0098,1,8192,0,8192,3.1662,5.0160,1
tpcds_64,d_date_sk,0,0,0,0.0098,1,8192,0,8192,3.2178,4.9645,1
tpcds_64,d_date_sk,0,0,0,0.0098,0,0,0,0,3.1942,-3.2039,0
tpcds_64,d_date_sk,0,0,0,0.0098,0,0,0,0,3.2478,-3.2576,0
tpcds_64,d_date_sk,0,0,0,0.0098,1,7513,0,7513,3.1714,4.3319,1
tpcds_64,d_date_sk,0,0,0,0.0098,1,8192,0,8192,3.1915,4.9908,1
tpcds_64,d_date_sk,0,0,0,0.0098,0,0,0,0,3.1815,-3.1912,0
tpcds_64,d_date_sk,0,0,0,0.0098,1,8192,0,8192,3.2344,4.9479,1
tpcds_64,d_date_sk,0,0,0,0.0098,0,0,0,0,3.2078,-3.2176,0
tpcds_64,d_date_sk,0,0,0,0.0098,0,0,0,0,3.2441,-3.2538,0
tpcds_64,d_date_sk,0,0,0,0.0098,1,8192,0,8192,3.2311,4.9511,1
tpcds_64,d_date_sk,0,0,0,0.0098,1,8192,0,8192,3.2899,4.8923,1
tpcds_64,ss_promo_sk,0,0,0,0.1263,0,0,0,0,4.4894,-4.6157,0
tpcds_64,ss_promo_sk,0,0,0,0.1263,0,0,0,0,4.3028,-4.4291,0
tpcds_64,ss_hdemo_sk,7200,20,14400,3.4316,0,0,0,0,4.5729,-8.0045,0
tpcds_64,c_current_hdemo_sk,7200,20,14400,2.9870,0,0,0,0,8.9885,-11.9755,0
tpcds_64,ss_hdemo_sk,7200,20,14400,3.4316,0,0,0,0,5.3842,-8.8158,0
tpcds_64,ss_addr_sk,0,0,0,7.3298,0,0,0,0,12.2160,-19.5459,0
tpcds_64,ss_promo_sk,0,0,0,0.1263,0,0,0,0,4.3390,-4.4654,0
tpcds_64,c_current_hdemo_sk,7200,20,14400,2.9870,0,0,0,0,8.9985,-11.9855,0
tpcds_64,ss_promo_sk,0,0,0,0.1263,0,0,0,0,4.4189,-4.5452,0
tpcds_64,c_current_addr_sk,0,0,0,7.8794,0,0,0,0,22.0560,-29.9354,0
tpcds_64,ss_addr_sk,0,0,0,7.3298,0,0,0,0,12.2338,-19.5637,0
tpcds_64,ss_hdemo_sk,7200,20,14400,3.4316,0,0,0,0,5.3893,-8.8209,0
tpcds_64,hd_income_band_sk,20,20,40,5.4340,0,0,0,0,32.6640,-38.0980,0
tpcds_64,c_current_addr_sk,0,0,0,7.8794,0,0,0,0,22.0677,-29.9471,0
tpcds_64,ss_hdemo_sk,7200,20,14400,3.4316,0,0,0,0,5.3783,-8.8099,0
tpcds_64,c_current_hdemo_sk,7200,20,14400,2.9870,0,0,0,0,8.9992,-11.9862,0
tpcds_64,hd_income_band_sk,20,20,40,6.1868,0,0,0,0,38.2001,-44.3869,0
tpcds_64,hd_income_band_sk,20,20,40,5.4340,0,0,0,0,32.6613,-38.0952,0
tpcds_64,c_current_hdemo_sk,7200,20,14400,2.9870,0,0,0,0,8.9986,-11.9856,0
tpcds_64,ss_addr_sk,0,0,0,7.3298,0,0,0,0,12.2813,-19.6111,0
tpcds_64,ss_item_sk,0,0,0,0.0184,0,0,0,0,44.4165,-44.4349,0
tpcds_64,hd_income_band_sk,20,20,40,6.1868,0,0,0,0,37.9781,-44.1649,0
tpcds_64,ss_addr_sk,0,0,0,7.3298,0,0,0,0,12.2565,-19.5863,0
tpcds_64,c_current_addr_sk,0,0,0,7.8794,0,0,0,0,22.0768,-29.9563,0
tpcds_64,ss_item_sk,0,0,0,0.0184,0,0,0,0,44.4241,-44.4426,0
tpcds_64,hd_income_band_sk,20,20,40,5.4340,0,0,0,0,32.5546,-37.9885,0
tpcds_64,c_current_addr_sk,0,0,0,7.8794,0,0,0,0,22.1270,-30.0064,0
tpcds_64,hd_income_band_sk,20,20,40,6.1868,0,0,0,0,38.2266,-44.4134,0
tpcds_64,hd_income_band_sk,20,20,40,5.4340,0,0,0,0,32.6994,-38.1333,0
tpcds_64,ss_item_sk,0,0,0,0.0184,0,0,0,0,44.4506,-44.4690,0
tpcds_64,hd_income_band_sk,20,20,40,6.1868,0,0,0,0,38.2228,-44.4096,0
tpcds_64,ss_promo_sk,0,0,0,0.1263,0,0,0,0,4.3909,-4.5172,0
tpcds_64,ss_item_sk,0,0,0,0.0184,0,0,0,0,44.4500,-44.4684,0
tpcds_64,ss_hdemo_sk,7200,20,14400,3.4316,0,0,0,0,5.4262,-8.8578,0
tpcds_64,ss_promo_sk,0,0,0,0.1263,0,0,0,0,4.4074,-4.5337,0
tpcds_64,c_current_hdemo_sk,7200,20,14400,2.9870,0,0,0,0,8.5813,-11.5683,0
tpcds_64,ss_hdemo_sk,7200,20,14400,3.4316,0,0,0,0,5.4385,-8.8701,0
tpcds_64,ss_promo_sk,0,0,0,0.1263,0,0,0,0,4.5484,-4.6747,0
tpcds_64,ss_addr_sk,0,0,0,7.3298,0,0,0,0,12.3088,-19.6387,0
tpcds_64,c_current_hdemo_sk,7200,20,14400,2.9870,0,0,0,0,9.0854,-12.0724,0
tpcds_64,c_current_addr_sk,0,0,0,7.8794,0,0,0,0,22.1632,-30.0426,0
tpcds_64,ss_promo_sk,0,0,0,0.1263,0,0,0,0,4.5728,-4.6992,0
tpcds_64,ss_hdemo_sk,7200,20,14400,3.4316,0,0,0,0,5.4634,-8.8950,0
tpcds_64,ss_addr_sk,0,0,0,7.3298,0,0,0,0,12.3178,-19.6476,0
tpcds_64,hd_income_band_sk,20,20,40,5.4340,0,0,0,0,32.7210,-38.1549,0
tpcds_64,c_current_hdemo_sk,7200,20,14400,2.9870,0,0,0,0,9.0672,-12.0542,0
tpcds_64,ss_hdemo_sk,7200,20,14400,3.4316,0,0,0,0,4.7015,-8.1331,0
tpcds_64,c_current_addr_sk,0,0,0,7.8794,0,0,0,0,22.1647,-30.0441,0
tpcds_64,hd_income_band_sk,20,20,40,6.1868,0,0,0,0,38.2849,-44.4717,0
tpcds_64,c_current_hdemo_sk,7200,20,14400,2.9870,0,0,0,0,9.1015,-12.0884,0
tpcds_64,ss_addr_sk,0,0,0,7.3298,0,0,0,0,12.3199,-19.6498,0
tpcds_64,hd_income_band_sk,20,20,40,5.4340,0,0,0,0,32.7294,-38.1634,0
tpcds_64,ss_item_sk,0,0,0,0.0184,0,0,0,0,44.4724,-44.4908,0
tpcds_64,ss_addr_sk,0,0,0,7.3298,0,0,0,0,12.3174,-19.6472,0
tpcds_64,c_current_addr_sk,0,0,0,7.8794,0,0,0,0,22.1654,-30.0448,0
tpcds_64,hd_income_band_sk,20,20,40,6.1868,0,0,0,0,38.2661,-44.4529,0
tpcds_64,c_current_addr_sk,0,0,0,7.8794,0,0,0,0,22.1899,-30.0693,0
tpcds_64,hd_income_band_sk,20,20,40,5.4340,0,0,0,0,32.7514,-38.1854,0
tpcds_64,ss_item_sk,0,0,0,0.0184,0,0,0,0,44.5120,-44.5304,0
tpcds_64,ss_promo_sk,0,0,0,0.1263,0,0,0,0,4.4545,-4.5808,0
tpcds_64,hd_income_band_sk,20,20,40,6.1868,0,0,0,0,38.2936,-44.4805,0
tpcds_64,hd_income_band_sk,20,20,40,5.4340,0,0,0,0,32.7554,-38.1893,0
tpcds_64,ss_item_sk,0,0,0,0.0184,0,0,0,0,44.6730,-44.6914,0
tpcds_64,ss_hdemo_sk,7200,20,14400,3.4316,0,0,0,0,5.5079,-8.9395,0
tpcds_64,hd_income_band_sk,20,20,40,6.1868,0,0,0,0,38.2822,-44.4690,0
tpcds_64,ss_promo_sk,0,0,0,0.1263,0,0,0,0,4.5557,-4.6821,0
tpcds_64,c_current_hdemo_sk,7200,20,14400,2.9870,0,0,0,0,9.1195,-12.1065,0
tpcds_64,ss_item_sk,0,0,0,0.0184,0,0,0,0,44.5214,-44.5398,0
tpcds_64,ss_addr_sk,0,0,0,7.3298,0,0,0,0,12.3759,-19.7058,0
tpcds_64,ss_hdemo_sk,7200,20,14400,3.4316,0,0,0,0,5.5049,-8.9365,0
tpcds_64,c_current_addr_sk,0,0,0,7.8794,0,0,0,0,22.2102,-30.0897,0
tpcds_64,ss_promo_sk,0,0,0,0.1263,0,0,0,0,4.4669,-4.5933,0
tpcds_64,c_current_hdemo_sk,7200,20,14400,2.9870,0,0,0,0,9.1199,-12.1069,0
tpcds_64,hd_income_band_sk,20,20,40,5.4340,0,0,0,0,32.8074,-38.2414,0
tpcds_64,ss_promo_sk,0,0,0,0.1263,0,0,0,0,4.4695,-4.5958,0
tpcds_64,ss_addr_sk,0,0,0,7.3298,0,0,0,0,12.3835,-19.7133,0
tpcds_64,ss_hdemo_sk,7200,20,14400,3.4316,0,0,0,0,5.5123,-8.9439,0
tpcds_64,hd_income_band_sk,20,20,40,6.1868,0,0,0,0,38.3277,-44.5145,0
tpcds_64,c_current_hdemo_sk,7200,20,14400,2.9870,0,0,0,0,9.2321,-12.2191,0
tpcds_64,c_current_addr_sk,0,0,0,7.8794,0,0,0,0,22.2609,-30.1403,0
tpcds_64,ss_hdemo_sk,7200,20,14400,3.4316,0,0,0,0,5.5275,-8.9591,0
tpcds_64,ss_item_sk,0,0,0,0.0184,0,0,0,0,44.5509,-44.5693,0
tpcds_64,ss_addr_sk,0,0,0,7.3298,0,0,0,0,12.3929,-19.7228,0
tpcds_64,hd_income_band_sk,20,20,40,5.4340,0,0,0,0,32.8067,-38.2407,0
tpcds_64,c_current_hdemo_sk,7200,20,14400,2.9870,0,0,0,0,9.1575,-12.1445,0
tpcds_64,c_current_addr_sk,0,0,0,7.8794,0,0,0,0,22.2399,-30.1194,0
tpcds_64,hd_income_band_sk,20,20,40,6.1868,0,0,0,0,38.3496,-44.5364,0
tpcds_64,ss_addr_sk,0,0,0,7.3298,0,0,0,0,12.3867,-19.7165,0
tpcds_64,hd_income_band_sk,20,20,40,5.4340,0,0,0,0,32.8246,-38.2586,0
tpcds_64,ss_item_sk,0,0,0,0.0184,0,0,0,0,44.5431,-44.5616,0
tpcds_64,ss_promo_sk,0,0,0,0.1263,0,0,0,0,4.6937,-4.8200,0
tpcds_64,c_current_addr_sk,0,0,0,7.8794,0,0,0,0,22.2344,-30.1139,0
tpcds_64,hd_income_band_sk,20,20,40,6.1868,0,0,0,0,38.3936,-44.5805,0
tpcds_64,hd_income_band_sk,20,20,40,5.4340,0,0,0,0,32.8289,-38.2629,0
tpcds_64,ss_hdemo_sk,7200,20,14400,3.4316,0,0,0,0,5.5394,-8.9710,0
tpcds_64,ss_item_sk,0,0,0,0.0184,0,0,0,0,44.5632,-44.5816,0
tpcds_64,hd_income_band_sk,20,20,40,6.1868,0,0,0,0,38.3687,-44.5555,0
tpcds_64,c_current_hdemo_sk,7200,20,14400,2.9870,0,0,0,0,9.1851,-12.1721,0
tpcds_64,ss_promo_sk,0,0,0,0.1263,0,0,0,0,4.5199,-4.6463,0
tpcds_64,ss_item_sk,0,0,0,0.0184,0,0,0,0,44.5669,-44.5853,0
tpcds_64,ss_addr_sk,0,0,0,7.3298,0,0,0,0,12.4028,-19.7327,0
tpcds_64,c_current_addr_sk,0,0,0,7.8794,0,0,0,0,22.1535,-30.0329,0
tpcds_64,ss_promo_sk,0,0,0,0.1263,0,0,0,0,4.6412,-4.7675,0
tpcds_64,ss_hdemo_sk,7200,20,14400,3.4316,0,0,0,0,5.5649,-8.9965,0
tpcds_64,hd_income_band_sk,20,20,40,5.4340,0,0,0,0,32.8321,-38.2660,0
tpcds_64,c_current_hdemo_sk,7200,20,14400,2.9870,0,0,0,0,9.1836,-12.1706,0
tpcds_64,ss_hdemo_sk,7200,20,14400,3.4316,0,0,0,0,5.5765,-9.0081,0
tpcds_64,ss_promo_sk,0,0,0,0.1263,0,0,0,0,4.7114,-4.8377,0
tpcds_64,hd_income_band_sk,20,20,40,6.1868,0,0,0,0,38.3652,-44.5520,0
tpcds_64,ss_addr_sk,0,0,0,7.3298,0,0,0,0,12.1413,-19.4712,0
tpcds_64,c_current_hdemo_sk,7200,20,14400,2.9870,0,0,0,0,9.2138,-12.2008,0
tpcds_64,ss_item_sk,0,0,0,0.0184,0,0,0,0,44.5909,-44.6093,0
tpcds_64,ss_hdemo_sk,7200,20,14400,3.4316,0,0,0,0,5.5837,-9.0153,0
tpcds_64,ss_addr_sk,0,0,0,7.3298,0,0,0,0,12.4136,-19.7434,0
tpcds_64,c_current_addr_sk,0,0,0,7.8794,0,0,0,0,22.2606,-30.1401,0
tpcds_64,c_current_hdemo_sk,7200,20,14400,2.9870,0,0,0,0,8.7513,-11.7382,0
tpcds_64,c_current_addr_sk,0,0,0,7.8794,0,0,0,0,22.2908,-30.1702,0
tpcds_64,hd_income_band_sk,20,20,40,5.4340,0,0,0,0,32.8756,-38.3095,0
tpcds_64,ss_addr_sk,0,0,0,7.3298,0,0,0,0,12.4395,-19.7693,0
tpcds_64,hd_income_band_sk,20,20,40,5.4340,0,0,0,0,32.8955,-38.3294,0
tpcds_64,hd_income_band_sk,20,20,40,6.1868,0,0,0,0,38.3891,-44.5760,0
tpcds_64,ss_item_sk,0,0,0,0.0184,0,0,0,0,44.6145,-44.6329,0
tpcds_64,hd_income_band_sk,20,20,40,6.1868,0,0,0,0,38.3980,-44.5848,0
tpcds_64,c_current_addr_sk,0,0,0,7.8794,0,0,0,0,22.2867,-30.1661,0
tpcds_64,ss_item_sk,0,0,0,0.0184,0,0,0,0,44.6080,-44.6265,0
tpcds_64,hd_income_band_sk,20,20,40,5.4340,0,0,0,0,32.8729,-38.3069,0
tpcds_64,hd_income_band_sk,20,20,40,6.1868,0,0,0,0,38.4040,-44.5908,0
tpcds_64,ss_item_sk,0,0,0,0.0184,0,0,0,0,44.6217,-44.6401,0
tpcds_64,store_name,0,0,0,2001.2716,0,0,0,0,45.8243,-2047.0959,0
tpcds_64,store_zip,0,0,0,2001.2749,0,0,0,0,45.8324,-2047.1073,0
tpcds_65,ss_sold_date_sk,0,0,0,1.2158,0,0,0,0,0.5782,-1.7940,0
tpcds_65,ss_sold_date_sk,0,0,0,1.2158,0,0,0,0,0.8783,-2.0941,0
tpcds_65,ss_sold_date_sk,0,0,0,1.2158,0,0,0,0,0.3814,-1.5972,0
tpcds_65,ss_sold_date_sk,0,0,0,1.2158,0,0,0,0,0.3936,-1.6094,0
tpcds_65,ss_sold_date_sk,0,0,0,1.2158,0,0,0,0,0.4543,-1.6701,0
tpcds_65,ss_sold_date_sk,0,0,0,1.2158,0,0,0,0,0.3702,-1.5860,0
tpcds_65,ss_sold_date_sk,0,0,0,1.2158,0,0,0,0,0.4423,-1.6581,0
tpcds_65,ss_sold_date_sk,0,0,0,1.2158,0,0,0,0,0.4319,-1.6477,0
tpcds_65,ss_sold_date_sk,0,0,0,1.2158,0,0,0,0,0.4192,-1.6350,0
tpcds_65,ss_sold_date_sk,0,0,0,1.2158,0,0,0,0,0.4336,-1.6494,0
tpcds_65,ss_sold_date_sk,0,0,0,1.2158,0,0,0,0,0.3563,-1.5721,0
tpcds_65,ss_sold_date_sk,0,0,0,1.2158,0,0,0,0,0.3438,-1.5596,0
tpcds_65,ss_sold_date_sk,0,0,0,1.2158,0,0,0,0,0.3378,-1.5536,0
tpcds_65,ss_sold_date_sk,0,0,0,1.2158,96,783252,747757,35495,87.5478,-53.2686,0
tpcds_65,ss_sold_date_sk,0,0,0,1.2158,128,1048576,1001426,47150,103.7952,-57.8610,0
tpcds_65,ss_sold_date_sk,0,0,0,1.2158,128,1048576,1001584,46992,102.5212,-56.7450,0
tpcds_65,ss_store_sk,0,0,0,5.2070,0,0,0,0,105.3945,-110.6015,0
tpcds_65,ss_store_sk,0,0,0,5.2070,0,0,0,0,105.4155,-110.6225,0
tpcds_65,ss_store_sk,0,0,0,5.2070,0,0,0,0,105.4129,-110.6200,0
tpcds_65,ss_store_sk,0,0,0,5.2070,0,0,0,0,105.4338,-110.6408,0
tpcds_65,ss_store_sk,0,0,0,5.2070,0,0,0,0,105.4396,-110.6466,0
tpcds_65,ss_store_sk,0,0,0,5.2070,0,0,0,0,105.4312,-110.6382,0
tpcds_65,ss_store_sk,0,0,0,5.2070,0,0,0,0,105.4466,-110.6537,0
tpcds_65,ss_store_sk,0,0,0,5.2070,0,0,0,0,105.5308,-110.7378,0
tpcds_65,ss_store_sk,0,0,0,5.2070,0,0,0,0,105.4792,-110.6862,0
tpcds_65,ss_store_sk,0,0,0,5.2070,0,0,0,0,105.4586,-110.6656,0
tpcds_65,ss_store_sk,0,0,0,5.2070,0,0,0,0,105.4712,-110.6783,0
tpcds_65,ss_store_sk,0,0,0,5.2070,0,0,0,0,105.4694,-110.6764,0
tpcds_65,ss_store_sk,0,0,0,5.2070,0,0,0,0,105.4561,-110.6631,0
tpcds_65,ss_store_sk,0,0,0,5.2070,0,0,0,0,105.4890,-110.6960,0
tpcds_65,ss_store_sk,0,0,0,5.2070,0,0,0,0,105.5089,-110.7159,0
tpcds_65,ss_store_sk,0,0,0,5.2070,0,0,0,0,105.5230,-110.7300,0
tpcds_65,i_item_sk,0,0,0,111.2676,0,0,0,0,4.0472,-115.3148,0
tpcds_65,i_item_sk,0,0,0,111.2676,0,0,0,0,4.0580,-115.3255,0
tpcds_65,i_item_sk,0,0,0,111.2676,0,0,0,0,4.0788,-115.3464,0
tpcds_65,i_item_sk,0,0,0,111.2676,1,8192,0,8192,4.0628,-107.1384,0
tpcds_65,i_item_sk,0,0,0,111.2676,0,0,0,0,4.1018,-115.3694,0
tpcds_65,i_item_sk,0,0,0,111.2676,1,8192,0,8192,4.0972,-107.1728,0
tpcds_65,i_item_sk,0,0,0,111.2676,0,0,0,0,4.1055,-115.3731,0
tpcds_65,i_item_sk,0,0,0,111.2676,0,0,0,0,4.1107,-115.3782,0
tpcds_65,i_item_sk,0,0,0,111.2676,0,0,0,0,4.1346,-115.4022,0
tpcds_65,i_item_sk,0,0,0,111.2676,0,0,0,0,4.1391,-115.4067,0
tpcds_65,i_item_sk,0,0,0,111.2676,0,0,0,0,4.1303,-115.3979,0
tpcds_65,i_item_sk,0,0,0,111.2676,0,0,0,0,4.1477,-115.4153,0
tpcds_65,i_item_sk,0,0,0,111.2676,0,0,0,0,4.1307,-115.3983,0
tpcds_65,i_item_sk,0,0,0,111.2676,0,0,0,0,4.1322,-115.3998,0
tpcds_65,i_item_sk,0,0,0,111.2676,0,0,0,0,4.1520,-115.4196,0
tpcds_65,i_item_sk,0,0,0,111.2676,1,1616,0,1616,4.1755,-113.8270,0
tpcds_65,ss_sold_date_sk,0,0,0,0.0110,0,0,0,0,0.2489,-0.2599,0
tpcds_65,ss_sold_date_sk,0,0,0,0.0110,0,0,0,0,0.1104,-0.1214,0
tpcds_65,ss_sold_date_sk,0,0,0,0.0110,0,0,0,0,0.1265,-0.1375,0
tpcds_65,ss_sold_date_sk,0,0,0,0.0110,0,0,0,0,0.1679,-0.1789,0
tpcds_65,ss_sold_date_sk,0,0,0,0.0110,0,0,0,0,0.1078,-0.1188,0
tpcds_65,ss_sold_date_sk,0,0,0,0.0110,0,0,0,0,0.1671,-0.1781,0
tpcds_65,ss_sold_date_sk,0,0,0,0.0110,0,0,0,0,0.1174,-0.1284,0
tpcds_65,ss_sold_date_sk,0,0,0,0.0110,0,0,0,0,0.1443,-0.1553,0
tpcds_65,ss_sold_date_sk,0,0,0,0.0110,0,0,0,0,0.1227,-0.1337,0
tpcds_65,ss_sold_date_sk,0,0,0,0.0110,0,0,0,0,0.1325,-0.1435,0
tpcds_65,ss_sold_date_sk,0,0,0,0.0110,0,0,0,0,0.1099,-0.1209,0
tpcds_65,ss_sold_date_sk,0,0,0,0.0110,0,0,0,0,0.1042,-0.1152,0
tpcds_65,ss_sold_date_sk,0,0,0,0.0110,0,0,0,0,0.1350,-0.1460,0
tpcds_65,ss_sold_date_sk,0,0,0,0.0110,96,783252,747757,35495,51.9649,-16.4809,0
tpcds_65,ss_sold_date_sk,0,0,0,0.0110,128,1048576,1001426,47150,64.1353,-16.9963,0
tpcds_65,ss_sold_date_sk,0,0,0,0.0110,128,1048576,1001584,46992,64.3346,-17.3536,0
tpcds_65,ss_store_sk,0,0,0,114.6105,0,0,0,0,65.2540,-179.8645,0
tpcds_65,ss_store_sk,0,0,0,114.6105,0,0,0,0,65.2318,-179.8423,0
tpcds_65,ss_store_sk,0,0,0,114.6105,0,0,0,0,65.3452,-179.9557,0
tpcds_65,ss_store_sk,0,0,0,114.6105,0,0,0,0,65.2229,-179.8334,0
tpcds_65,ss_store_sk,0,0,0,114.6105,0,0,0,0,65.3180,-179.9285,0
tpcds_65,ss_store_sk,0,0,0,114.6105,0,0,0,0,65.3603,-179.9708,0
tpcds_65,ss_store_sk,0,0,0,114.6105,0,0,0,0,65.2914,-179.9018,0
tpcds_65,ss_store_sk,0,0,0,114.6105,0,0,0,0,65.2309,-179.8414,0
tpcds_65,ss_store_sk,0,0,0,114.6105,0,0,0,0,65.2984,-179.9088,0
tpcds_65,ss_store_sk,0,0,0,114.6105,0,0,0,0,65.2973,-179.9078,0
tpcds_65,ss_store_sk,0,0,0,114.6105,0,0,0,0,65.2954,-179.9058,0
tpcds_65,ss_store_sk,0,0,0,114.6105,0,0,0,0,65.2463,-179.8568,0
tpcds_65,ss_store_sk,0,0,0,114.6105,0,0,0,0,65.3134,-179.9239,0
tpcds_65,ss_store_sk,0,0,0,114.6105,0,0,0,0,65.3425,-179.9530,0
tpcds_65,ss_store_sk,0,0,0,114.6105,0,0,0,0,65.3738,-179.9842,0
tpcds_65,ss_store_sk,0,0,0,114.6105,0,0,0,0,65.2378,-179.8482,0
tpcds_66,ws_warehouse_sk,0,0,0,3.0373,0,0,0,0,0.2347,-3.2721,0
tpcds_66,ws_warehouse_sk,0,0,0,3.0373,0,0,0,0,0.5402,-3.5775,0
tpcds_66,ws_warehouse_sk,0,0,0,3.0373,0,0,0,0,0.5882,-3.6255,0
tpcds_66,ws_warehouse_sk,0,0,0,3.0373,0,0,0,0,0.1473,-3.1846,0
tpcds_66,ws_warehouse_sk,0,0,0,3.0373,0,0,0,0,0.1477,-3.1850,0
tpcds_66,ws_warehouse_sk,0,0,0,3.0373,0,0,0,0,0.1495,-3.1869,0
tpcds_66,ws_warehouse_sk,0,0,0,3.0373,0,0,0,0,0.1338,-3.1711,0
tpcds_66,ws_warehouse_sk,0,0,0,3.0373,0,0,0,0,0.1309,-3.1682,0
tpcds_66,ws_warehouse_sk,0,0,0,3.0373,0,0,0,0,0.1287,-3.1661,0
tpcds_66,ws_warehouse_sk,0,0,0,3.0373,0,0,0,0,0.1246,-3.1619,0
tpcds_66,ws_warehouse_sk,0,0,0,3.0373,0,0,0,0,0.1643,-3.2016,0
tpcds_66,ws_warehouse_sk,0,0,0,3.0373,0,0,0,0,0.1213,-3.1587,0
tpcds_66,ws_warehouse_sk,0,0,0,3.0373,0,0,0,0,0.1365,-3.1738,0
tpcds_66,ws_warehouse_sk,0,0,0,3.0373,0,0,0,0,0.1221,-3.1594,0
tpcds_66,ws_warehouse_sk,0,0,0,3.0373,0,0,0,0,0.5379,-3.5752,0
tpcds_66,ws_warehouse_sk,0,0,0,3.0373,88,719384,719200,184,76.9995,-79.8528,0
tpcds_66,d_date_sk,0,0,0,81.1613,0,0,0,0,0.0044,-81.1657,0
tpcds_66,d_date_sk,0,0,0,81.1613,0,0,0,0,0.1379,-81.2992,0
tpcds_66,d_date_sk,0,0,0,81.1613,0,0,0,0,0.0414,-81.2027,0
tpcds_66,d_date_sk,0,0,0,81.1613,0,0,0,0,0.0939,-81.2552,0
tpcds_66,d_date_sk,0,0,0,81.1613,0,0,0,0,0.1346,-81.2959,0
tpcds_66,d_date_sk,0,0,0,81.1613,0,0,0,0,0.0401,-81.2014,0
tpcds_66,d_date_sk,0,0,0,81.1613,0,0,0,0,0.1178,-81.2791,0
tpcds_66,d_date_sk,0,0,0,81.1613,0,0,0,0,0.1460,-81.3073,0
tpcds_66,d_date_sk,0,0,0,81.1613,0,0,0,0,0.0456,-81.2069,0
tpcds_66,d_date_sk,0,0,0,81.1613,0,0,0,0,0.1510,-81.3123,0
tpcds_66,d_date_sk,0,0,0,81.1613,0,0,0,0,0.1486,-81.3099,0
tpcds_66,d_date_sk,0,0,0,81.1613,0,0,0,0,0.1610,-81.3223,0
tpcds_66,d_date_sk,0,0,0,81.1613,0,0,0,0,0.1541,-81.3154,0
tpcds_66,d_date_sk,0,0,0,81.1613,0,0,0,0,0.1368,-81.2981,0
tpcds_66,d_date_sk,0,0,0,81.1613,0,0,0,0,0.1489,-81.3102,0
tpcds_66,d_date_sk,0,0,0,81.1613,0,0,0,0,0.1249,-81.2862,0
tpcds_66,t_time_sk,0,0,0,81.5017,0,0,0,0,0.0667,-81.5684,0
tpcds_66,t_time_sk,0,0,0,81.5017,0,0,0,0,0.0818,-81.5834,0
tpcds_66,t_time_sk,0,0,0,81.5017,0,0,0,0,0.0858,-81.5875,0
tpcds_66,t_time_sk,0,0,0,81.5017,0,0,0,0,0.0880,-81.5896,0
tpcds_66,t_time_sk,0,0,0,81.5017,0,0,0,0,0.0833,-81.5850,0
tpcds_66,t_time_sk,0,0,0,81.5017,0,0,0,0,0.1015,-81.6031,0
tpcds_66,t_time_sk,0,0,0,81.5017,0,0,0,0,0.0976,-81.5993,0
tpcds_66,t_time_sk,0,0,0,81.5017,0,0,0,0,0.1105,-81.6122,0
tpcds_66,t_time_sk,0,0,0,81.5017,0,0,0,0,0.1071,-81.6087,0
tpcds_66,t_time_sk,0,0,0,81.5017,0,0,0,0,0.1127,-81.6143,0
tpcds_66,t_time_sk,0,0,0,81.5017,0,0,0,0,0.1196,-81.6213,0
tpcds_66,t_time_sk,0,0,0,81.5017,0,0,0,0,0.1278,-81.6295,0
tpcds_66,t_time_sk,0,0,0,81.5017,0,0,0,0,0.1594,-81.6611,0
tpcds_66,t_time_sk,0,0,0,81.5017,0,0,0,0,0.1299,-81.6316,0
tpcds_66,t_time_sk,0,0,0,81.5017,0,0,0,0,0.0886,-81.5903,0
tpcds_66,t_time_sk,0,0,0,81.5017,0,0,0,0,0.1509,-81.6526,0
tpcds_66,sm_ship_mode_sk,0,0,0,80.4717,0,0,0,0,2.8361,-83.3079,0
tpcds_66,sm_ship_mode_sk,0,0,0,80.4717,0,0,0,0,2.8554,-83.3271,0
tpcds_66,sm_ship_mode_sk,0,0,0,80.4717,0,0,0,0,2.8968,-83.3685,0
tpcds_66,sm_ship_mode_sk,0,0,0,80.4717,0,0,0,0,2.9621,-83.4338,0
tpcds_66,sm_ship_mode_sk,0,0,0,80.4717,0,0,0,0,2.9682,-83.4399,0
tpcds_66,sm_ship_mode_sk,0,0,0,80.4717,0,0,0,0,2.9767,-83.4484,0
tpcds_66,sm_ship_mode_sk,0,0,0,80.4717,0,0,0,0,2.9793,-83.4510,0
tpcds_66,sm_ship_mode_sk,0,0,0,80.4717,0,0,0,0,2.9931,-83.4648,0
tpcds_66,sm_ship_mode_sk,0,0,0,80.4717,0,0,0,0,2.9995,-83.4712,0
tpcds_66,sm_ship_mode_sk,0,0,0,80.4717,0,0,0,0,3.0034,-83.4751,0
tpcds_66,sm_ship_mode_sk,0,0,0,80.4717,0,0,0,0,3.0125,-83.4842,0
tpcds_66,sm_ship_mode_sk,0,0,0,80.4717,0,0,0,0,3.0211,-83.4928,0
tpcds_66,sm_ship_mode_sk,0,0,0,80.4717,0,0,0,0,3.0404,-83.5121,0
tpcds_66,sm_ship_mode_sk,0,0,0,80.4717,0,0,0,0,3.0364,-83.5081,0
tpcds_66,sm_ship_mode_sk,0,0,0,80.4717,0,0,0,0,3.0737,-83.5454,0
tpcds_66,sm_ship_mode_sk,0,0,0,80.4717,0,0,0,0,3.0482,-83.5199,0
tpcds_67,ss_sold_date_sk,0,0,0,2.0713,0,0,0,0,0.4146,-2.4859,0
tpcds_67,ss_sold_date_sk,0,0,0,2.0713,0,0,0,0,0.3908,-2.4621,0
tpcds_67,ss_store_sk,0,0,0,2.6321,0,0,0,0,2.5761,-5.2082,0
tpcds_67,ss_store_sk,0,0,0,2.6321,0,0,0,0,2.5888,-5.2209,0
tpcds_67,ss_sold_date_sk,0,0,0,2.0713,0,0,0,0,0.3139,-2.3852,0
tpcds_67,ss_store_sk,0,0,0,2.6321,0,0,0,0,2.9384,-5.5705,0
tpcds_67,ss_sold_date_sk,0,0,0,2.0713,0,0,0,0,0.5193,-2.5905,0
tpcds_67,ss_store_sk,0,0,0,2.6321,0,0,0,0,3.1258,-5.7580,0
tpcds_67,ss_sold_date_sk,0,0,0,2.0713,0,0,0,0,0.2580,-2.3292,0
tpcds_67,ss_store_sk,0,0,0,2.6321,0,0,0,0,3.2040,-5.8361,0
tpcds_67,ss_sold_date_sk,0,0,0,2.0713,0,0,0,0,0.2818,-2.3531,0
tpcds_67,ss_store_sk,0,0,0,2.6321,0,0,0,0,3.2378,-5.8699,0
tpcds_67,ss_sold_date_sk,0,0,0,2.0713,0,0,0,0,0.2563,-2.3276,0
tpcds_67,ss_store_sk,0,0,0,2.6321,0,0,0,0,3.4010,-6.0332,0
tpcds_67,ss_sold_date_sk,0,0,0,2.0713,0,0,0,0,0.2513,-2.3226,0
tpcds_67,ss_store_sk,0,0,0,2.6321,0,0,0,0,3.4625,-6.0947,0
tpcds_67,ss_sold_date_sk,0,0,0,2.0713,0,0,0,0,0.2574,-2.3286,0
tpcds_67,ss_store_sk,0,0,0,2.6321,0,0,0,0,3.5137,-6.1458,0
tpcds_67,ss_sold_date_sk,0,0,0,2.0713,0,0,0,0,0.2505,-2.3218,0
tpcds_67,ss_store_sk,0,0,0,2.6321,0,0,0,0,3.6593,-6.2915,0
tpcds_67,ss_sold_date_sk,0,0,0,2.0713,0,0,0,0,0.2751,-2.3464,0
tpcds_67,ss_store_sk,0,0,0,2.6321,0,0,0,0,3.8034,-6.4355,0
tpcds_67,ss_sold_date_sk,0,0,0,2.0713,0,0,0,0,0.2828,-2.3540,0
tpcds_67,ss_store_sk,0,0,0,2.6321,0,0,0,0,3.9819,-6.6140,0
tpcds_67,ss_sold_date_sk,0,0,0,2.0713,0,0,0,0,0.2498,-2.3210,0
tpcds_67,ss_store_sk,0,0,0,2.6321,0,0,0,0,4.0927,-6.7248,0
tpcds_67,ss_sold_date_sk,0,0,0,2.0713,96,783252,747757,35495,56.1785,-22.7547,0
tpcds_67,ss_store_sk,0,0,0,2.6321,0,0,0,0,60.1659,-62.7980,0
tpcds_67,ss_sold_date_sk,0,0,0,2.0713,128,1048576,1001426,47150,71.7917,-26.7129,0
tpcds_67,ss_store_sk,0,0,0,2.6321,0,0,0,0,73.9671,-76.5993,0
tpcds_67,ss_sold_date_sk,0,0,0,2.0713,128,1048576,1001584,46992,71.8771,-26.9564,0
tpcds_67,ss_store_sk,0,0,0,2.6321,0,0,0,0,75.3729,-78.0050,0
tpcds_67,i_item_sk,0,0,0,77.5889,0,0,0,0,4.7063,-82.2951,0
tpcds_67,i_item_sk,0,0,0,77.5889,1,8192,0,8192,4.7734,-74.1703,0
tpcds_67,i_item_sk,0,0,0,77.5889,0,0,0,0,4.7847,-82.3735,0
tpcds_67,i_item_sk,0,0,0,77.5889,0,0,0,0,4.7694,-82.3583,0
tpcds_67,i_item_sk,0,0,0,77.5889,0,0,0,0,4.7686,-82.3575,0
tpcds_67,i_item_sk,0,0,0,77.5889,0,0,0,0,4.8008,-82.3896,0
tpcds_67,i_item_sk,0,0,0,77.5889,0,0,0,0,4.7901,-82.3790,0
tpcds_67,i_item_sk,0,0,0,77.5889,0,0,0,0,4.7882,-82.3771,0
tpcds_67,i_item_sk,0,0,0,77.5889,0,0,0,0,4.8183,-82.4071,0
tpcds_67,i_item_sk,0,0,0,77.5889,0,0,0,0,4.8197,-82.4085,0
tpcds_67,i_item_sk,0,0,0,77.5889,0,0,0,0,4.8326,-82.4214,0
tpcds_67,i_item_sk,0,0,0,77.5889,0,0,0,0,4.8395,-82.4284,0
tpcds_67,i_item_sk,0,0,0,77.5889,0,0,0,0,4.8108,-82.3996,0
tpcds_67,i_item_sk,0,0,0,77.5889,0,0,0,0,4.8457,-82.4345,0
tpcds_67,i_item_sk,0,0,0,77.5889,1,8192,0,8192,4.8995,-74.2964,0
tpcds_67,i_item_sk,0,0,0,77.5889,1,1616,0,1616,4.9658,-80.9386,0
tpcds_68,ss_sold_date_sk,0,0,0,0.5987,0,0,0,0,0.0835,-0.6823,0
tpcds_68,ss_sold_date_sk,0,0,0,0.5987,0,0,0,0,0.1082,-0.7069,0
tpcds_68,ss_sold_date_sk,0,0,0,0.5987,0,0,0,0,0.0376,-0.6363,0
tpcds_68,ss_sold_date_sk,0,0,0,0.5987,0,0,0,0,0.1030,-0.7018,0
tpcds_68,ss_sold_date_sk,0,0,0,0.5987,0,0,0,0,0.0747,-0.6735,0
tpcds_68,ss_sold_date_sk,0,0,0,0.5987,0,0,0,0,0.0376,-0.6364,0
tpcds_68,ss_sold_date_sk,0,0,0,0.5987,0,0,0,0,0.0318,-0.6305,0
tpcds_68,ss_sold_date_sk,0,0,0,0.5987,0,0,0,0,0.0362,-0.6350,0
tpcds_68,ss_sold_date_sk,0,0,0,0.5987,0,0,0,0,0.0318,-0.6305,0
tpcds_68,ss_sold_date_sk,0,0,0,0.5987,0,0,0,0,0.0312,-0.6300,0
tpcds_68,ss_sold_date_sk,0,0,0,0.5987,0,0,0,0,0.0796,-0.6783,0
tpcds_68,ss_sold_date_sk,0,0,0,0.5987,0,0,0,0,0.0312,-0.6299,0
tpcds_68,ss_sold_date_sk,0,0,0,0.5987,0,0,0,0,0.0307,-0.6294,0
tpcds_68,ss_sold_date_sk,0,0,0,0.5987,96,783252,747757,35495,125.7626,-90.8663,0
tpcds_68,ss_sold_date_sk,0,0,0,0.5987,128,1048576,1001426,47150,159.6824,-113.1312,0
tpcds_68,ss_sold_date_sk,0,0,0,0.5987,128,1048576,1001584,46992,160.0538,-113.6605,0
tpcds_68,s_store_sk,0,0,0,160.9295,0,0,0,0,0.0861,-161.0156,0
tpcds_68,s_store_sk,0,0,0,160.9295,0,0,0,0,0.1185,-161.0480,0
tpcds_68,s_store_sk,0,0,0,160.9295,0,0,0,0,0.1074,-161.0369,0
tpcds_68,s_store_sk,0,0,0,160.9295,0,0,0,0,0.1408,-161.0703,0
tpcds_68,s_store_sk,0,0,0,160.9295,0,0,0,0,0.1346,-161.0641,0
tpcds_68,s_store_sk,0,0,0,160.9295,0,0,0,0,0.1642,-161.0937,0
tpcds_68,s_store_sk,0,0,0,160.9295,0,0,0,0,0.1706,-161.1000,0
tpcds_68,s_store_sk,0,0,0,160.9295,0,0,0,0,0.1579,-161.0874,0
tpcds_68,s_store_sk,0,0,0,160.9295,0,0,0,0,0.1617,-161.0912,0
tpcds_68,s_store_sk,0,0,0,160.9295,0,0,0,0,0.1709,-161.1004,0
tpcds_68,s_store_sk,0,0,0,160.9295,0,0,0,0,0.2151,-161.1446,0
tpcds_68,s_store_sk,0,0,0,160.9295,0,0,0,0,0.2017,-161.1312,0
tpcds_68,s_store_sk,0,0,0,160.9295,0,0,0,0,0.2122,-161.1417,0
tpcds_68,s_store_sk,0,0,0,160.9295,0,0,0,0,0.1967,-161.1262,0
tpcds_68,s_store_sk,0,0,0,160.9295,0,0,0,0,0.2122,-161.1417,0
tpcds_68,s_store_sk,0,0,0,160.9295,0,0,0,0,0.2201,-161.1495,0
tpcds_68,hd_demo_sk,0,0,0,161.2270,0,0,0,0,9.6729,-170.9000,0
tpcds_68,hd_demo_sk,0,0,0,161.2270,0,0,0,0,9.6577,-170.8847,0
tpcds_68,hd_demo_sk,0,0,0,161.2270,0,0,0,0,9.7113,-170.9383,0
tpcds_68,hd_demo_sk,0,0,0,161.2270,0,0,0,0,9.7168,-170.9438,0
tpcds_68,hd_demo_sk,0,0,0,161.2270,0,0,0,0,9.7204,-170.9474,0
tpcds_68,hd_demo_sk,0,0,0,161.2270,0,0,0,0,9.7484,-170.9754,0
tpcds_68,hd_demo_sk,0,0,0,161.2270,0,0,0,0,9.7495,-170.9765,0
tpcds_68,hd_demo_sk,0,0,0,161.2270,0,0,0,0,9.7504,-170.9774,0
tpcds_68,hd_demo_sk,0,0,0,161.2270,0,0,0,0,9.7354,-170.9624,0
tpcds_68,hd_demo_sk,0,0,0,161.2270,0,0,0,0,9.7458,-170.9728,0
tpcds_68,hd_demo_sk,0,0,0,161.2270,0,0,0,0,9.7622,-170.9892,0
tpcds_68,hd_demo_sk,0,0,0,161.2270,0,0,0,0,9.7639,-170.9909,0
tpcds_68,hd_demo_sk,0,0,0,161.2270,0,0,0,0,9.7758,-171.0028,0
tpcds_68,hd_demo_sk,0,0,0,161.2270,0,0,0,0,9.7968,-171.0238,0
tpcds_68,hd_demo_sk,0,0,0,161.2270,0,0,0,0,9.7768,-171.0038,0
tpcds_68,hd_demo_sk,0,0,0,161.2270,0,0,0,0,9.7869,-171.0139,0
tpcds_68,ca_address_sk,0,0,0,171.0956,1,8192,0,8192,5.8940,-168.7976,0
tpcds_68,ca_address_sk,0,0,0,171.0956,0,0,0,0,5.8949,-176.9906,0
tpcds_68,ca_address_sk,0,0,0,171.0956,0,0,0,0,5.9491,-177.0447,0
tpcds_68,ca_address_sk,0,0,0,171.0956,0,0,0,0,5.9454,-177.0410,0
tpcds_68,ca_address_sk,0,0,0,171.0956,0,0,0,0,5.9764,-177.0720,0
tpcds_68,ca_address_sk,0,0,0,171.0956,0,0,0,0,5.9711,-177.0667,0
tpcds_68,ca_address_sk,0,0,0,171.0956,0,0,0,0,5.9819,-177.0775,0
tpcds_68,ca_address_sk,0,0,0,171.0956,0,0,0,0,6.0013,-177.0969,0
tpcds_68,ca_address_sk,0,0,0,171.0956,1,8192,0,8192,5.9787,-168.8824,0
tpcds_68,ca_address_sk,0,0,0,171.0956,1,8192,0,8192,6.0120,-168.9156,0
tpcds_68,ca_address_sk,0,0,0,171.0956,1,8192,0,8192,6.0563,-168.9599,0
tpcds_68,ca_address_sk,0,0,0,171.0956,1,8192,0,8192,5.9771,-168.8807,0
tpcds_68,ca_address_sk,0,0,0,171.0956,0,0,0,0,6.0313,-177.1269,0
tpcds_68,ca_address_sk,0,0,0,171.0956,1,8192,0,8192,6.0457,-168.9494,0
tpcds_68,ca_address_sk,0,0,0,171.0956,1,848,0,848,6.0584,-176.3061,0
tpcds_68,ca_address_sk,0,0,0,171.0956,0,0,0,0,6.0813,-177.1770,0
tpcds_68,c_customer_sk,0,0,0,177.7243,1,8192,0,8192,10.2184,-179.7508,0
tpcds_68,c_customer_sk,0,0,0,177.7243,1,8192,0,8192,10.2992,-179.8315,0
tpcds_68,c_customer_sk,0,0,0,177.7243,1,8192,0,8192,10.2708,-179.8031,0
tpcds_68,c_customer_sk,0,0,0,177.7243,1,8192,0,8192,10.2873,-179.8196,0
tpcds_68,c_customer_sk,0,0,0,177.7243,0,0,0,0,10.3196,-188.0439,0
tpcds_68,c_customer_sk,0,0,0,177.7243,1,8192,0,8192,10.3221,-179.8544,0
tpcds_68,c_customer_sk,0,0,0,177.7243,0,0,0,0,10.3672,-188.0916,0
tpcds_68,c_customer_sk,0,0,0,177.7243,0,0,0,0,10.3360,-188.0604,0
tpcds_68,c_customer_sk,0,0,0,177.7243,1,8192,0,8192,10.3477,-179.8801,0
tpcds_68,c_customer_sk,0,0,0,177.7243,1,8192,0,8192,10.3446,-179.8769,0
tpcds_68,c_customer_sk,0,0,0,177.7243,1,8192,0,8192,10.3406,-179.8730,0
tpcds_68,c_customer_sk,0,0,0,177.7243,1,8192,0,8192,10.3518,-179.8842,0
tpcds_68,c_customer_sk,0,0,0,177.7243,1,8192,0,8192,10.3362,-179.8685,0
tpcds_68,c_customer_sk,0,0,0,177.7243,1,8192,0,8192,10.3742,-179.9065,0
tpcds_68,c_customer_sk,0,0,0,177.7243,1,1696,0,1696,10.3805,-186.4088,0
tpcds_68,c_customer_sk,0,0,0,177.7243,1,8192,0,8192,10.3911,-179.9235,0
tpcds_68,ca_address_sk,0,0,0,188.1950,0,0,0,0,7.3240,-195.5190,0
tpcds_68,ca_address_sk,0,0,0,188.1950,1,848,0,848,7.3509,-194.6979,0
tpcds_68,ca_address_sk,0,0,0,188.1950,1,8192,0,8192,7.3778,-187.3809,0
tpcds_68,ca_address_sk,0,0,0,188.1950,0,0,0,0,7.4677,-195.6627,0
tpcds_68,ca_address_sk,0,0,0,188.1950,1,8192,0,8192,7.4041,-187.4072,0
tpcds_68,ca_address_sk,0,0,0,188.1950,0,0,0,0,7.4400,-195.6350,0
tpcds_68,ca_address_sk,0,0,0,188.1950,1,8192,0,8192,7.4132,-187.4162,0
tpcds_68,ca_address_sk,0,0,0,188.1950,0,0,0,0,7.4284,-195.6234,0
tpcds_68,ca_address_sk,0,0,0,188.1950,0,0,0,0,7.4971,-195.6921,0
tpcds_68,ca_address_sk,0,0,0,188.1950,0,0,0,0,7.5745,-195.7695,0
tpcds_68,ca_address_sk,0,0,0,188.1950,1,8192,0,8192,7.4393,-187.4423,0
tpcds_68,ca_address_sk,0,0,0,188.1950,0,0,0,0,7.4367,-195.6318,0
tpcds_68,ca_address_sk,0,0,0,188.1950,0,0,0,0,7.4448,-195.6398,0
tpcds_68,ca_address_sk,0,0,0,188.1950,0,0,0,0,7.5472,-195.7422,0
tpcds_68,ca_address_sk,0,0,0,188.1950,1,8192,0,8192,7.4626,-187.4656,0
tpcds_68,ca_address_sk,0,0,0,188.1950,1,8192,0,8192,7.4571,-187.4601,0
tpcds_69,c_current_addr_sk,0,0,0,1.1629,1,8192,7909,283,4.8108,-5.6907,0
tpcds_69,c_current_addr_sk,0,0,0,1.1629,1,8192,7894,298,4.8494,-5.7142,0
tpcds_69,c_current_addr_sk,0,0,0,1.1629,1,8192,7904,288,5.0145,-5.8894,0
tpcds_69,c_current_addr_sk,0,0,0,1.1629,1,8192,7898,294,5.0224,-5.8913,0
tpcds_69,c_current_addr_sk,0,0,0,1.1629,0,0,0,0,5.0512,-6.2141,0
tpcds_69,c_current_addr_sk,0,0,0,1.1629,1,8192,7900,292,5.1540,-6.0249,0
tpcds_69,c_current_addr_sk,0,0,0,1.1629,1,8192,7920,272,5.1544,-6.0453,0
tpcds_69,c_current_addr_sk,0,0,0,1.1629,1,8192,7901,291,5.1672,-6.0390,0
tpcds_69,c_current_addr_sk,0,0,0,1.1629,0,0,0,0,5.1670,-6.3299,0
tpcds_69,c_current_addr_sk,0,0,0,1.1629,1,8192,7934,258,5.1812,-6.0860,0
tpcds_69,c_current_addr_sk,0,0,0,1.1629,1,8192,7914,278,5.1852,-6.0700,0
tpcds_69,c_current_addr_sk,0,0,0,1.1629,1,8192,7917,275,5.1929,-6.0808,0
tpcds_69,c_current_addr_sk,0,0,0,1.1629,1,1696,1636,60,5.2330,-6.3358,0
tpcds_69,c_current_addr_sk,0,0,0,1.1629,1,8192,7930,262,5.2453,-6.1462,0
tpcds_69,c_current_addr_sk,0,0,0,1.1629,0,0,0,0,5.2692,-6.4321,0
tpcds_69,c_current_addr_sk,0,0,0,1.1629,1,8192,7900,292,5.3126,-6.1835,0
tpcds_69,cd_demo_sk,0,0,0,6.6084,15,122880,0,122880,25.6902,90.5814,1
tpcds_69,cd_demo_sk,0,0,0,6.6084,15,122880,0,122880,25.6032,90.6684,1
tpcds_69,cd_demo_sk,0,0,0,6.6084,15,122880,0,122880,25.6409,90.6307,1
tpcds_69,cd_demo_sk,0,0,0,6.6084,15,122880,0,122880,25.7802,90.4914,1
tpcds_69,cd_demo_sk,0,0,0,6.6084,14,114688,0,114688,25.7862,82.2934,1
tpcds_69,cd_demo_sk,0,0,0,6.6084,15,122880,0,122880,25.6540,90.6176,1
tpcds_69,cd_demo_sk,0,0,0,6.6084,14,114688,0,114688,25.6682,82.4115,1
tpcds_69,cd_demo_sk,0,0,0,6.6084,14,114688,0,114688,25.6654,82.4143,1
tpcds_69,cd_demo_sk,0,0,0,6.6084,15,122880,0,122880,25.6811,90.5905,1
tpcds_69,cd_demo_sk,0,0,0,6.6084,15,122880,0,122880,25.7756,90.4960,1
tpcds_69,cd_demo_sk,0,0,0,6.6084,15,122880,0,122880,25.6864,90.5852,1
tpcds_69,cd_demo_sk,0,0,0,6.6084,14,114688,0,114688,25.6871,82.3926,1
tpcds_69,cd_demo_sk,0,0,0,6.6084,15,118560,0,118560,25.6697,86.2820,1
tpcds_69,cd_demo_sk,0,0,0,6.6084,15,122880,0,122880,25.6790,90.5926,1
tpcds_69,cd_demo_sk,0,0,0,6.6084,14,114688,0,114688,25.7115,82.3682,1
tpcds_69,cd_demo_sk,0,0,0,6.6084,15,122880,0,122880,25.6873,90.5843,1
tpcds_69,ss_sold_date_sk,0,0,0,0.0108,0,0,0,0,0.1083,-0.1191,0
tpcds_69,ss_sold_date_sk,0,0,0,0.0108,0,0,0,0,0.1234,-0.1342,0
tpcds_69,ss_sold_date_sk,0,0,0,0.0108,0,0,0,0,0.0939,-0.1047,0
tpcds_69,ss_sold_date_sk,0,0,0,0.0108,0,0,0,0,0.0435,-0.0542,0
tpcds_69,ss_sold_date_sk,0,0,0,0.0108,0,0,0,0,0.0429,-0.0537,0
tpcds_69,ss_sold_date_sk,0,0,0,0.0108,0,0,0,0,0.0345,-0.0453,0
tpcds_69,ss_sold_date_sk,0,0,0,0.0108,0,0,0,0,0.0501,-0.0609,0
tpcds_69,ss_sold_date_sk,0,0,0,0.0108,0,0,0,0,0.0630,-0.0738,0
tpcds_69,ss_sold_date_sk,0,0,0,0.0108,0,0,0,0,0.0318,-0.0426,0
tpcds_69,ss_sold_date_sk,0,0,0,0.0108,0,0,0,0,0.0401,-0.0509,0
tpcds_69,ss_sold_date_sk,0,0,0,0.0108,0,0,0,0,0.0292,-0.0400,0
tpcds_69,ss_sold_date_sk,0,0,0,0.0108,0,0,0,0,0.0301,-0.0408,0
tpcds_69,ss_sold_date_sk,0,0,0,0.0108,0,0,0,0,0.0290,-0.0398,0
tpcds_69,ss_sold_date_sk,0,0,0,0.0108,96,783252,747757,35495,29.2412,6.2430,1
tpcds_69,ss_sold_date_sk,0,0,0,0.0108,128,1048576,1001426,47150,37.8756,9.2636,1
tpcds_69,ss_sold_date_sk,0,0,0,0.0108,128,1048576,1001584,46992,38.7747,8.2065,1
tpcds_69,ws_sold_date_sk,0,0,0,0.0307,0,0,0,0,0.1080,-0.1387,0
tpcds_69,ws_sold_date_sk,0,0,0,0.0307,0,0,0,0,0.0588,-0.0895,0
tpcds_69,ws_sold_date_sk,0,0,0,0.0307,0,0,0,0,0.0818,-0.1125,0
tpcds_69,ws_sold_date_sk,0,0,0,0.0307,0,0,0,0,0.0402,-0.0709,0
tpcds_69,ws_sold_date_sk,0,0,0,0.0307,0,0,0,0,0.1876,-0.2182,0
tpcds_69,ws_sold_date_sk,0,0,0,0.0307,0,0,0,0,0.0368,-0.0674,0
tpcds_69,ws_sold_date_sk,0,0,0,0.0307,0,0,0,0,0.0402,-0.0709,0
tpcds_69,ws_sold_date_sk,0,0,0,0.0307,0,0,0,0,0.0728,-0.1034,0
tpcds_69,ws_sold_date_sk,0,0,0,0.0307,0,0,0,0,0.0466,-0.0773,0
tpcds_69,ws_sold_date_sk,0,0,0,0.0307,0,0,0,0,0.0355,-0.0662,0
tpcds_69,ws_sold_date_sk,0,0,0,0.0307,0,0,0,0,0.0362,-0.0668,0
tpcds_69,ws_sold_date_sk,0,0,0,0.0307,0,0,0,0,0.0403,-0.0710,0
tpcds_69,ws_sold_date_sk,0,0,0,0.0307,0,0,0,0,0.0352,-0.0659,0
tpcds_69,ws_sold_date_sk,0,0,0,0.0307,0,0,0,0,0.0561,-0.0868,0
tpcds_69,ws_sold_date_sk,0,0,0,0.0307,0,0,0,0,0.0341,-0.0648,0
tpcds_69,ws_sold_date_sk,0,0,0,0.0307,88,719384,719197,187,25.0513,-24.8950,0
tpcds_69,cs_sold_date_sk,0,0,0,0.0139,0,0,0,0,0.1577,-0.1716,0
tpcds_69,cs_sold_date_sk,0,0,0,0.0139,0,0,0,0,0.1314,-0.1452,0
tpcds_69,cs_sold_date_sk,0,0,0,0.0139,0,0,0,0,0.1013,-0.1152,0
tpcds_69,cs_sold_date_sk,0,0,0,0.0139,0,0,0,0,0.0577,-0.0716,0
tpcds_69,cs_sold_date_sk,0,0,0,0.0139,0,0,0,0,0.0538,-0.0677,0
tpcds_69,cs_sold_date_sk,0,0,0,0.0139,0,0,0,0,0.0583,-0.0722,0
tpcds_69,cs_sold_date_sk,0,0,0,0.0139,0,0,0,0,0.0588,-0.0727,0
tpcds_69,cs_sold_date_sk,0,0,0,0.0139,0,0,0,0,0.0394,-0.0533,0
tpcds_69,cs_sold_date_sk,0,0,0,0.0139,0,0,0,0,0.0435,-0.0574,0
tpcds_69,cs_sold_date_sk,0,0,0,0.0139,0,0,0,0,0.0449,-0.0588,0
tpcds_69,cs_sold_date_sk,0,0,0,0.0139,0,0,0,0,0.0597,-0.0736,0
tpcds_69,cs_sold_date_sk,0,0,0,0.0139,0,0,0,0,0.0629,-0.0768,0
tpcds_69,cs_sold_date_sk,0,0,0,0.0139,0,0,0,0,0.2282,-0.2421,0
tpcds_69,cs_sold_date_sk,0,0,0,0.0139,0,0,0,0,0.0545,-0.0684,0
tpcds_69,cs_sold_date_sk,0,0,0,0.0139,48,392972,391054,1918,20.7756,-18.8714,0
tpcds_69,cs_sold_date_sk,0,0,0,0.0139,128,1048576,1043441,5135,42.7717,-37.6505,0
tpcds_70,ss_store_sk,0,0,0,6.5261,0,0,0,0,0.4066,-6.9327,0
tpcds_70,ss_store_sk,0,0,0,6.5261,0,0,0,0,0.4208,-6.9469,0
tpcds_70,ss_store_sk,0,0,0,6.5261,0,0,0,0,0.2387,-6.7648,0
tpcds_70,ss_store_sk,0,0,0,6.5261,0,0,0,0,0.2400,-6.7661,0
tpcds_70,ss_store_sk,0,0,0,6.5261,0,0,0,0,0.2237,-6.7498,0
tpcds_70,ss_store_sk,0,0,0,6.5261,0,0,0,0,0.2286,-6.7547,0
tpcds_70,ss_store_sk,0,0,0,6.5261,0,0,0,0,0.2932,-6.8193,0
tpcds_70,ss_store_sk,0,0,0,6.5261,0,0,0,0,0.2353,-6.7614,0
tpcds_70,ss_store_sk,0,0,0,6.5261,0,0,0,0,0.2858,-6.8120,0
tpcds_70,ss_store_sk,0,0,0,6.5261,0,0,0,0,0.2292,-6.7553,0
tpcds_70,ss_store_sk,0,0,0,6.5261,0,0,0,0,0.2147,-6.7408,0
tpcds_70,ss_store_sk,0,0,0,6.5261,0,0,0,0,0.2770,-6.8031,0
tpcds_70,ss_store_sk,0,0,0,6.5261,0,0,0,0,0.2180,-6.7441,0
tpcds_70,ss_sold_date_sk,0,0,0,1.9854,0,0,0,0,0.4520,-2.4374,0
tpcds_70,ss_sold_date_sk,0,0,0,1.9854,0,0,0,0,0.4639,-2.4493,0
tpcds_70,ss_sold_date_sk,0,0,0,1.9854,0,0,0,0,0.3809,-2.3663,0
tpcds_70,ss_store_sk,0,0,0,7.2599,0,0,0,0,2.5489,-9.8087,0
tpcds_70,ss_store_sk,0,0,0,7.2599,0,0,0,0,2.5416,-9.8015,0
tpcds_70,ss_store_sk,0,0,0,7.2599,0,0,0,0,2.5404,-9.8003,0
tpcds_70,ss_sold_date_sk,0,0,0,1.9854,0,0,0,0,0.3576,-2.3431,0
tpcds_70,ss_store_sk,0,0,0,7.2599,0,0,0,0,2.6464,-9.9063,0
tpcds_70,ss_sold_date_sk,0,0,0,1.9854,0,0,0,0,0.2988,-2.2842,0
tpcds_70,ss_store_sk,0,0,0,7.2599,0,0,0,0,2.8635,-10.1233,0
tpcds_70,ss_sold_date_sk,0,0,0,1.9854,0,0,0,0,0.3054,-2.2908,0
tpcds_70,ss_store_sk,0,0,0,7.2599,0,0,0,0,2.8775,-10.1374,0
tpcds_70,ss_sold_date_sk,0,0,0,1.9854,0,0,0,0,0.3494,-2.3348,0
tpcds_70,ss_store_sk,0,0,0,7.2599,0,0,0,0,2.9239,-10.1837,0
tpcds_70,ss_sold_date_sk,0,0,0,1.9854,0,0,0,0,0.2838,-2.2692,0
tpcds_70,ss_store_sk,0,0,0,7.2599,0,0,0,0,3.1615,-10.4214,0
tpcds_70,ss_sold_date_sk,0,0,0,1.9854,0,0,0,0,0.3139,-2.2993,0
tpcds_70,ss_store_sk,0,0,0,7.2599,0,0,0,0,3.2186,-10.4785,0
tpcds_70,ss_sold_date_sk,0,0,0,1.9854,0,0,0,0,0.2860,-2.2714,0
tpcds_70,ss_store_sk,0,0,0,7.2599,0,0,0,0,3.2406,-10.5004,0
tpcds_70,ss_sold_date_sk,0,0,0,1.9854,0,0,0,0,0.2740,-2.2595,0
tpcds_70,ss_store_sk,0,0,0,7.2599,0,0,0,0,3.4507,-10.7106,0
tpcds_70,ss_sold_date_sk,0,0,0,1.9854,0,0,0,0,0.2857,-2.2711,0
tpcds_70,ss_store_sk,0,0,0,7.2599,0,0,0,0,3.5361,-10.7959,0
tpcds_70,ss_sold_date_sk,0,0,0,1.9854,0,0,0,0,0.3066,-2.2920,0
tpcds_70,ss_store_sk,0,0,0,7.2599,0,0,0,0,3.5514,-10.8112,0
tpcds_70,ss_sold_date_sk,0,0,0,1.9854,96,783252,747757,35495,49.5421,-16.0325,0
tpcds_70,ss_store_sk,0,0,0,7.2599,0,0,0,0,52.2607,-59.5205,0
tpcds_70,ss_store_sk,0,0,0,6.5261,96,783252,747930,35322,56.8282,-28.0323,0
tpcds_70,ss_sold_date_sk,0,0,0,1.9854,128,1048576,1001584,46992,60.3598,-15.3532,0
tpcds_70,ss_store_sk,0,0,0,7.2599,0,0,0,0,63.8844,-71.1442,0
tpcds_70,ss_store_sk,0,0,0,6.5261,128,1048576,1001426,47150,66.2356,-25.6117,0
tpcds_70,ss_store_sk,0,0,0,6.5261,128,1048576,1001564,47012,68.7135,-28.2276,0
tpcds_70,ss_sold_date_sk,0,0,0,1.9854,128,1048576,1001426,47150,70.5040,-25.3394,0
tpcds_70,ss_store_sk,0,0,0,7.2599,0,0,0,0,73.6751,-80.9349,0
tpcds_70,d_date_sk,0,0,0,0.0089,0,0,0,0,9.0512,-9.0600,0
tpcds_70,d_date_sk,0,0,0,0.0089,0,0,0,0,9.0956,-9.1044,0
tpcds_70,d_date_sk,0,0,0,0.0089,0,0,0,0,9.0769,-9.0857,0
tpcds_70,d_date_sk,0,0,0,0.0089,0,0,0,0,9.0993,-9.1082,0
tpcds_70,d_date_sk,0,0,0,0.0089,0,0,0,0,9.1163,-9.1252,0
tpcds_70,d_date_sk,0,0,0,0.0089,0,0,0,0,9.1048,-9.1137,0
tpcds_70,d_date_sk,0,0,0,0.0089,0,0,0,0,9.1292,-9.1380,0
tpcds_70,d_date_sk,0,0,0,0.0089,0,0,0,0,9.1177,-9.1265,0
tpcds_70,d_date_sk,0,0,0,0.0089,0,0,0,0,9.1377,-9.1466,0
tpcds_70,d_date_sk,0,0,0,0.0089,0,0,0,0,9.1416,-9.1505,0
tpcds_70,d_date_sk,0,0,0,0.0089,0,0,0,0,9.1408,-9.1497,0
tpcds_70,d_date_sk,0,0,0,0.0089,0,0,0,0,9.1955,-9.2043,0
tpcds_70,d_date_sk,0,0,0,0.0089,0,0,0,0,9.1468,-9.1557,0
tpcds_70,d_date_sk,0,0,0,0.0089,0,0,0,0,9.1363,-9.1452,0
tpcds_70,d_date_sk,0,0,0,0.0089,0,0,0,0,9.2135,-9.2224,0
tpcds_70,d_date_sk,0,0,0,0.0089,1,84,0,84,9.1930,-9.1179,0
tpcds_71,ss_sold_date_sk,0,0,0,0.1224,0,0,0,0,0.1040,-0.2264,0
tpcds_71,ss_sold_date_sk,0,0,0,0.1224,0,0,0,0,0.0389,-0.1613,0
tpcds_71,ss_sold_date_sk,0,0,0,0.1224,0,0,0,0,0.0291,-0.1515,0
tpcds_71,ss_sold_date_sk,0,0,0,0.1224,0,0,0,0,0.0266,-0.1490,0
tpcds_71,ss_sold_date_sk,0,0,0,0.1224,0,0,0,0,0.0244,-0.1469,0
tpcds_71,ss_sold_date_sk,0,0,0,0.1224,0,0,0,0,0.0248,-0.1472,0
tpcds_71,ss_sold_date_sk,0,0,0,0.1224,0,0,0,0,0.0251,-0.1475,0
tpcds_71,cs_sold_date_sk,0,0,0,0.1294,0,0,0,0,0.0501,-0.1796,0
tpcds_71,cs_sold_date_sk,0,0,0,0.1294,0,0,0,0,0.0382,-0.1676,0
tpcds_71,cs_sold_date_sk,0,0,0,0.1294,0,0,0,0,0.0336,-0.1631,0
tpcds_71,cs_sold_date_sk,0,0,0,0.1294,0,0,0,0,0.0328,-0.1623,0
tpcds_71,cs_sold_date_sk,0,0,0,0.1294,0,0,0,0,0.0310,-0.1605,0
tpcds_71,cs_sold_date_sk,0,0,0,0.1294,0,0,0,0,0.0298,-0.1593,0
tpcds_71,cs_sold_date_sk,0,0,0,0.1294,0,0,0,0,0.0309,-0.1604,0
tpcds_71,cs_sold_date_sk,0,0,0,0.1294,0,0,0,0,0.3410,-0.4704,0
tpcds_71,cs_sold_date_sk,0,0,0,0.1294,0,0,0,0,0.0426,-0.1720,0
tpcds_71,ss_sold_date_sk,0,0,0,0.1224,0,0,0,0,0.0585,-0.1809,0
tpcds_71,cs_sold_date_sk,0,0,0,0.1294,0,0,0,0,0.0324,-0.1618,0
tpcds_71,ss_sold_date_sk,0,0,0,0.1224,0,0,0,0,0.0326,-0.1550,0
tpcds_71,cs_sold_date_sk,0,0,0,0.1294,0,0,0,0,0.0333,-0.1627,0
tpcds_71,cs_sold_date_sk,0,0,0,0.1294,0,0,0,0,0.0314,-0.1609,0
tpcds_71,cs_sold_date_sk,0,0,0,0.1294,0,0,0,0,0.0319,-0.1613,0
tpcds_71,ss_sold_date_sk,0,0,0,0.1224,0,0,0,0,0.0616,-0.1840,0
tpcds_71,ss_sold_date_sk,0,0,0,0.1224,0,0,0,0,0.0530,-0.1754,0
tpcds_71,ss_sold_date_sk,0,0,0,0.1224,0,0,0,0,0.0655,-0.1880,0
tpcds_71,ws_sold_date_sk,0,0,0,0.2157,0,0,0,0,0.0791,-0.2947,0
tpcds_71,ws_sold_date_sk,0,0,0,0.2157,0,0,0,0,0.4302,-0.6459,0
tpcds_71,ws_sold_date_sk,0,0,0,0.2157,0,0,0,0,0.4479,-0.6636,0
tpcds_71,cs_sold_date_sk,0,0,0,0.1294,48,392972,391054,1918,57.1517,-55.3632,0
tpcds_71,ws_sold_date_sk,0,0,0,0.2157,88,719384,719197,187,78.0131,-78.0418,0
tpcds_71,ss_sold_date_sk,0,0,0,0.1224,96,783252,747757,35495,87.6176,-52.2450,0
tpcds_71,ss_sold_date_sk,0,0,0,0.1224,128,1048576,1001426,47150,106.1195,-59.0919,0
tpcds_71,ss_sold_date_sk,0,0,0,0.1224,128,1048576,1001584,46992,106.0973,-59.2278,0
tpcds_71,time_sk,0,0,0,6.5566,0,0,0,0,2014.3218,-2020.8784,0
tpcds_71,time_sk,0,0,0,6.5566,0,0,0,0,2014.3867,-2020.9433,0
tpcds_71,time_sk,0,0,0,6.5566,0,0,0,0,2014.4776,-2021.0342,0
tpcds_71,time_sk,0,0,0,6.5566,0,0,0,0,2014.5403,-2021.0969,0
tpcds_71,time_sk,0,0,0,6.5566,0,0,0,0,2014.5508,-2021.1074,0
tpcds_71,time_sk,0,0,0,6.5566,0,0,0,0,2014.5745,-2021.1311,0
tpcds_71,time_sk,0,0,0,6.5566,0,0,0,0,2014.6308,-2021.1874,0
tpcds_71,time_sk,0,0,0,6.5566,0,0,0,0,2014.6083,-2021.1649,0
tpcds_71,time_sk,0,0,0,6.5566,0,0,0,0,2014.6513,-2021.2079,0
tpcds_71,time_sk,0,0,0,6.5566,0,0,0,0,2014.6613,-2021.2179,0
tpcds_71,time_sk,0,0,0,6.5566,0,0,0,0,2014.7393,-2021.2959,0
tpcds_71,time_sk,0,0,0,6.5566,0,0,0,0,2014.7622,-2021.3188,0
tpcds_71,time_sk,0,0,0,6.5566,0,0,0,0,2014.7650,-2021.3216,0
tpcds_71,time_sk,0,0,0,6.5566,0,0,0,0,2014.7968,-2021.3534,0
tpcds_71,time_sk,0,0,0,6.5566,0,0,0,0,2014.7963,-2021.3529,0
tpcds_71,time_sk,0,0,0,6.5566,0,0,0,0,2014.8376,-2021.3942,0
tpcds_73,ss_sold_date_sk,0,0,0,0.4499,0,0,0,0,0.2146,-0.6645,0
tpcds_73,ss_sold_date_sk,0,0,0,0.4499,0,0,0,0,0.2063,-0.6562,0
tpcds_73,ss_sold_date_sk,0,0,0,0.4499,0,0,0,0,0.1701,-0.6200,0
tpcds_73,ss_sold_date_sk,0,0,0,0.4499,0,0,0,0,0.1474,-0.5973,0
tpcds_73,ss_sold_date_sk,0,0,0,0.4499,0,0,0,0,0.0493,-0.4992,0
tpcds_73,ss_sold_date_sk,0,0,0,0.4499,0,0,0,0,0.0555,-0.5054,0
tpcds_73,ss_sold_date_sk,0,0,0,0.4499,128,1048576,1001584,46992,86.8211,-40.2790,0
tpcds_73,ss_sold_date_sk,0,0,0,0.4499,128,1048576,1001426,47150,86.9785,-40.2784,0
tpcds_74,ws_bill_customer_sk,0,0,0,37.3242,0,0,0,0,0.7577,-38.0819,0
tpcds_74,ws_bill_customer_sk,0,0,0,37.3242,0,0,0,0,0.4187,-37.7429,0
tpcds_74,ws_bill_customer_sk,0,0,0,37.3242,0,0,0,0,0.7246,-38.0488,0
tpcds_74,ws_bill_customer_sk,0,0,0,37.3242,0,0,0,0,0.2189,-37.5431,0
tpcds_74,ws_bill_customer_sk,0,0,0,37.3242,0,0,0,0,0.3106,-37.6347,0
tpcds_74,ws_bill_customer_sk,0,0,0,37.3242,0,0,0,0,0.5378,-37.8620,0
tpcds_74,ws_bill_customer_sk,0,0,0,37.3242,0,0,0,0,0.2079,-37.5320,0
tpcds_74,ws_bill_customer_sk,0,0,0,37.3242,0,0,0,0,0.5353,-37.8595,0
tpcds_74,ws_bill_customer_sk,0,0,0,37.3242,0,0,0,0,0.8405,-38.1647,0
tpcds_74,ws_bill_customer_sk,0,0,0,37.3242,0,0,0,0,3.6950,-41.0192,0
tpcds_74,ws_bill_customer_sk,0,0,0,37.3242,0,0,0,0,3.4975,-40.8217,0
tpcds_74,ws_bill_customer_sk,0,0,0,37.3242,0,0,0,0,4.1356,-41.4598,0
tpcds_74,ws_bill_customer_sk,0,0,0,37.3242,0,0,0,0,3.3403,-40.6645,0
tpcds_74,ws_bill_customer_sk,0,0,0,37.3242,0,0,0,0,3.4678,-40.7920,0
tpcds_74,ws_bill_customer_sk,0,0,0,38.8535,0,0,0,0,0.3498,-39.2033,0
tpcds_74,ss_customer_sk,0,0,0,38.2426,0,0,0,0,0.3221,-38.5648,0
tpcds_74,ws_bill_customer_sk,0,0,0,38.8535,0,0,0,0,0.4537,-39.3072,0
tpcds_74,ss_customer_sk,0,0,0,38.2426,0,0,0,0,0.4496,-38.6922,0
tpcds_74,ss_customer_sk,0,0,0,38.0241,0,0,0,0,0.3635,-38.3876,0
tpcds_74,ws_bill_customer_sk,0,0,0,38.8535,0,0,0,0,0.2103,-39.0638,0
tpcds_74,ss_customer_sk,0,0,0,38.2426,0,0,0,0,0.3258,-38.5685,0
tpcds_74,ws_bill_customer_sk,0,0,0,38.8535,0,0,0,0,0.1860,-39.0395,0
tpcds_74,ss_customer_sk,0,0,0,38.2426,0,0,0,0,0.3519,-38.5946,0
tpcds_74,ws_bill_customer_sk,0,0,0,38.8535,0,0,0,0,0.3673,-39.2207,0
tpcds_74,ss_customer_sk,0,0,0,38.0241,0,0,0,0,0.3684,-38.3924,0
tpcds_74,ws_bill_customer_sk,0,0,0,37.3242,0,0,0,0,3.9366,-41.2608,0
tpcds_74,ss_customer_sk,0,0,0,38.2426,0,0,0,0,0.3612,-38.6038,0
tpcds_74,ss_customer_sk,0,0,0,38.0241,0,0,0,0,0.2903,-38.3144,0
tpcds_74,ws_bill_customer_sk,0,0,0,38.8535,0,0,0,0,0.4621,-39.3155,0
tpcds_74,ws_bill_customer_sk,0,0,0,38.8535,0,0,0,0,0.2282,-39.0817,0
tpcds_74,ws_bill_customer_sk,0,0,0,38.8535,0,0,0,0,0.3322,-39.1857,0
tpcds_74,ss_customer_sk,0,0,0,38.2426,0,0,0,0,0.3442,-38.5868,0
tpcds_74,ss_customer_sk,0,0,0,38.0241,0,0,0,0,0.2605,-38.2846,0
tpcds_74,ws_bill_customer_sk,0,0,0,38.8535,0,0,0,0,0.5120,-39.3655,0
tpcds_74,ws_bill_customer_sk,0,0,0,38.8535,0,0,0,0,0.2197,-39.0732,0
tpcds_74,ss_customer_sk,0,0,0,38.2426,0,0,0,0,0.4176,-38.6602,0
tpcds_74,ss_customer_sk,0,0,0,38.0241,0,0,0,0,0.4048,-38.4289,0
tpcds_74,ss_customer_sk,0,0,0,38.0241,0,0,0,0,0.3286,-38.3527,0
tpcds_74,ss_customer_sk,0,0,0,38.2426,0,0,0,0,0.3498,-38.5924,0
tpcds_74,ss_customer_sk,0,0,0,38.2426,0,0,0,0,0.2337,-38.4764,0
tpcds_74,ss_customer_sk,0,0,0,38.2426,0,0,0,0,0.3139,-38.5565,0
tpcds_74,ss_customer_sk,0,0,0,38.2426,0,0,0,0,0.1923,-38.4350,0
tpcds_74,ws_bill_customer_sk,0,0,0,38.8535,0,0,0,0,1.1698,-40.0233,0
tpcds_74,ss_customer_sk,0,0,0,38.0241,0,0,0,0,0.2185,-38.2426,0
tpcds_74,ss_customer_sk,0,0,0,38.2426,0,0,0,0,0.1858,-38.4284,0
tpcds_74,ss_customer_sk,0,0,0,38.0241,0,0,0,0,0.2532,-38.2773,0
tpcds_74,ws_bill_customer_sk,0,0,0,38.8535,0,0,0,0,0.1762,-39.0297,0
tpcds_74,ss_customer_sk,0,0,0,38.2426,0,0,0,0,0.1504,-38.3930,0
tpcds_74,ws_bill_customer_sk,0,0,0,38.8535,0,0,0,0,0.1468,-39.0003,0
tpcds_74,ss_customer_sk,0,0,0,38.0241,0,0,0,0,1.0252,-39.0492,0
tpcds_74,ss_customer_sk,0,0,0,38.0241,0,0,0,0,0.1836,-38.2077,0
tpcds_74,ws_bill_customer_sk,0,0,0,38.8535,0,0,0,0,0.1969,-39.0504,0
tpcds_74,ss_customer_sk,0,0,0,38.0241,0,0,0,0,2.3608,-40.3849,0
tpcds_74,ss_customer_sk,0,0,0,38.0241,0,0,0,0,0.1510,-38.1751,0
tpcds_74,ws_bill_customer_sk,0,0,0,38.8535,0,0,0,0,1.8925,-40.7460,0
tpcds_74,ss_customer_sk,0,0,0,38.0241,0,0,0,0,3.3179,-41.3420,0
tpcds_74,ws_bill_customer_sk,0,0,0,38.8535,88,719384,719219,165,148.1160,-186.8045,0
tpcds_74,d_date_sk,0,0,0,195.3266,0,0,0,0,0.1618,-195.4884,0
tpcds_74,d_date_sk,0,0,0,195.3266,0,0,0,0,0.3239,-195.6505,0
tpcds_74,d_date_sk,0,0,0,195.3266,0,0,0,0,0.2977,-195.6243,0
tpcds_74,d_date_sk,0,0,0,195.3266,0,0,0,0,0.2162,-195.5428,0
tpcds_74,d_date_sk,0,0,0,195.3266,0,0,0,0,0.3477,-195.6743,0
tpcds_74,d_date_sk,0,0,0,195.3266,0,0,0,0,0.2522,-195.5788,0
tpcds_74,d_date_sk,0,0,0,195.3266,0,0,0,0,0.2582,-195.5848,0
tpcds_74,d_date_sk,0,0,0,195.3266,0,0,0,0,0.2458,-195.5724,0
tpcds_74,d_date_sk,0,0,0,195.3266,0,0,0,0,0.3881,-195.7147,0
tpcds_74,d_date_sk,0,0,0,195.3266,0,0,0,0,0.3733,-195.6999,0
tpcds_74,d_date_sk,0,0,0,195.3266,0,0,0,0,0.4042,-195.7309,0
tpcds_74,d_date_sk,0,0,0,195.3266,0,0,0,0,0.2941,-195.6207,0
tpcds_74,d_date_sk,0,0,0,195.3266,0,0,0,0,0.3295,-195.6561,0
tpcds_74,d_date_sk,0,0,0,195.3266,0,0,0,0,0.4330,-195.7597,0
tpcds_74,d_date_sk,0,0,0,195.3266,0,0,0,0,0.4607,-195.7873,0
tpcds_74,d_date_sk,0,0,0,195.3266,0,0,0,0,0.4382,-195.7648,0
tpcds_74,ws_bill_customer_sk,0,0,0,37.3242,88,719384,719219,165,154.5171,-191.6763,0
tpcds_74,d_date_sk,0,0,0,199.1765,0,0,0,0,0.2887,-199.4652,0
tpcds_74,d_date_sk,0,0,0,199.1765,0,0,0,0,0.4443,-199.6208,0
tpcds_74,d_date_sk,0,0,0,199.1765,0,0,0,0,0.4038,-199.5803,0
tpcds_74,d_date_sk,0,0,0,199.1765,0,0,0,0,0.4314,-199.6079,0
tpcds_74,d_date_sk,0,0,0,199.1765,0,0,0,0,0.3872,-199.5637,0
tpcds_74,d_date_sk,0,0,0,199.1765,0,0,0,0,0.4263,-199.6028,0
tpcds_74,d_date_sk,0,0,0,199.1765,0,0,0,0,0.4582,-199.6347,0
tpcds_74,d_date_sk,0,0,0,199.1765,0,0,0,0,0.4657,-199.6422,0
tpcds_74,d_date_sk,0,0,0,199.1765,0,0,0,0,0.5150,-199.6915,0
tpcds_74,d_date_sk,0,0,0,199.1765,0,0,0,0,0.4358,-199.6123,0
tpcds_74,d_date_sk,0,0,0,199.1765,0,0,0,0,0.4662,-199.6427,0
tpcds_74,d_date_sk,0,0,0,199.1765,0,0,0,0,0.5420,-199.7185,0
tpcds_74,d_date_sk,0,0,0,199.1765,0,0,0,0,0.5048,-199.6813,0
tpcds_74,d_date_sk,0,0,0,199.1765,0,0,0,0,0.5665,-199.7430,0
tpcds_74,d_date_sk,0,0,0,199.1765,0,0,0,0,0.6833,-199.8598,0
tpcds_74,d_date_sk,0,0,0,199.1765,0,0,0,0,0.6301,-199.8066,0
tpcds_74,ss_customer_sk,0,0,0,38.0241,96,783252,747657,35595,167.5959,-170.0250,0
tpcds_74,ss_customer_sk,0,0,0,38.2426,96,783252,747657,35595,168.9177,-171.5653,0
tpcds_74,ss_customer_sk,0,0,0,38.2426,128,1048576,1001377,47199,189.5465,-180.5902,0
tpcds_74,ss_customer_sk,0,0,0,38.2426,128,1048576,1001670,46906,190.1125,-181.4492,0
tpcds_74,ss_customer_sk,0,0,0,38.0241,128,1048576,1001377,47199,190.6235,-181.4486,0
tpcds_74,ss_customer_sk,0,0,0,38.0241,128,1048576,1001670,46906,189.8944,-181.0125,0
tpcds_74,d_date_sk,0,0,0,238.1543,0,0,0,0,0.1257,-238.2800,0
tpcds_74,d_date_sk,0,0,0,238.1543,0,0,0,0,0.1678,-238.3221,0
tpcds_74,d_date_sk,0,0,0,238.1543,0,0,0,0,0.1750,-238.3293,0
tpcds_74,d_date_sk,0,0,0,238.1543,0,0,0,0,0.1699,-238.3242,0
tpcds_74,d_date_sk,0,0,0,238.1543,0,0,0,0,0.1934,-238.3477,0
tpcds_74,d_date_sk,0,0,0,238.1543,0,0,0,0,0.2002,-238.3545,0
tpcds_74,d_date_sk,0,0,0,238.1543,0,0,0,0,0.2114,-238.3657,0
tpcds_74,d_date_sk,0,0,0,238.1543,0,0,0,0,0.2252,-238.3795,0
tpcds_74,d_date_sk,0,0,0,238.1543,0,0,0,0,0.2244,-238.3787,0
tpcds_74,d_date_sk,0,0,0,238.1543,0,0,0,0,0.2260,-238.3803,0
tpcds_74,d_date_sk,0,0,0,238.1543,0,0,0,0,0.2321,-238.3864,0
tpcds_74,d_date_sk,0,0,0,238.1543,0,0,0,0,0.2404,-238.3947,0
tpcds_74,d_date_sk,0,0,0,238.1543,0,0,0,0,0.2487,-238.4030,0
tpcds_74,d_date_sk,0,0,0,238.1543,0,0,0,0,0.2603,-238.4146,0
tpcds_74,d_date_sk,0,0,0,238.1543,0,0,0,0,0.2696,-238.4238,0
tpcds_74,d_date_sk,0,0,0,238.1543,0,0,0,0,0.3059,-238.4602,0
tpcds_74,d_date_sk,0,0,0,0.0064,0,0,0,0,0.0285,-0.0349,0
tpcds_74,d_date_sk,0,0,0,0.0064,0,0,0,0,0.0576,-0.0639,0
tpcds_74,d_date_sk,0,0,0,0.0064,0,0,0,0,0.1060,-0.1124,0
tpcds_74,d_date_sk,0,0,0,0.0064,0,0,0,0,0.1195,-0.1258,0
tpcds_74,d_date_sk,0,0,0,0.0064,0,0,0,0,0.1209,-0.1272,0
tpcds_74,d_date_sk,0,0,0,0.0064,0,0,0,0,0.1314,-0.1377,0
tpcds_74,d_date_sk,0,0,0,0.0064,0,0,0,0,0.1110,-0.1174,0
tpcds_74,d_date_sk,0,0,0,0.0064,0,0,0,0,0.1147,-0.1210,0
tpcds_74,d_date_sk,0,0,0,0.0064,0,0,0,0,0.1509,-0.1573,0
tpcds_74,d_date_sk,0,0,0,0.0064,0,0,0,0,0.1594,-0.1657,0
tpcds_74,d_date_sk,0,0,0,0.0064,0,0,0,0,0.1233,-0.1296,0
tpcds_74,d_date_sk,0,0,0,0.0064,0,0,0,0,0.1925,-0.1989,0
tpcds_74,d_date_sk,0,0,0,0.0064,0,0,0,0,0.1562,-0.1626,0
tpcds_74,d_date_sk,0,0,0,0.0064,0,0,0,0,0.1487,-0.1550,0
tpcds_74,d_date_sk,0,0,0,0.0064,0,0,0,0,0.1503,-0.1566,0
tpcds_74,d_date_sk,0,0,0,0.0064,0,0,0,0,0.1921,-0.1985,0
tpcds_74,customer_id,0,0,0,39.2298,0,0,0,0,0.2851,-39.5149,0
tpcds_74,customer_id,0,0,0,0.0127,0,0,0,0,39.5688,-39.5815,0
tpcds_74,customer_id,0,0,0,199.4348,0,0,0,0,39.6227,-239.0575,0
tpcds_74,customer_id,0,0,0,39.2298,0,0,0,0,0.3285,-39.5583,0
tpcds_74,customer_id,0,0,0,0.0127,0,0,0,0,39.6298,-39.6425,0
tpcds_74,customer_id,0,0,0,199.4348,0,0,0,0,39.7003,-239.1351,0
tpcds_74,customer_id,0,0,0,39.2298,0,0,0,0,0.3253,-39.5551,0
tpcds_74,customer_id,0,0,0,0.0127,0,0,0,0,39.6599,-39.6726,0
tpcds_74,customer_id,0,0,0,199.4348,0,0,0,0,39.7230,-239.1578,0
tpcds_74,customer_id,0,0,0,39.2298,0,0,0,0,0.3532,-39.5830,0
tpcds_74,customer_id,0,0,0,0.0127,0,0,0,0,39.6640,-39.6766,0
tpcds_74,customer_id,0,0,0,199.4348,0,0,0,0,39.7191,-239.1539,0
tpcds_74,customer_id,0,0,0,39.2298,0,0,0,0,0.4115,-39.6413,0
tpcds_74,customer_id,0,0,0,0.0127,0,0,0,0,39.6821,-39.6948,0
tpcds_74,customer_id,0,0,0,199.4348,0,0,0,0,39.7583,-239.1931,0
tpcds_74,customer_id,0,0,0,39.2298,0,0,0,0,0.3797,-39.6095,0
tpcds_74,customer_id,0,0,0,39.2298,0,0,0,0,0.4113,-39.6411,0
tpcds_74,customer_id,0,0,0,39.2298,0,0,0,0,0.4400,-39.6698,0
tpcds_74,customer_id,0,0,0,0.0127,0,0,0,0,39.7334,-39.7460,0
tpcds_74,customer_id,0,0,0,0.0127,0,0,0,0,39.7025,-39.7152,0
tpcds_74,customer_id,0,0,0,199.4348,0,0,0,0,39.7728,-239.2076,0
tpcds_74,customer_id,0,0,0,199.4348,0,0,0,0,39.7779,-239.2127,0
tpcds_74,customer_id,0,0,0,0.0127,0,0,0,0,39.7336,-39.7463,0
tpcds_74,customer_id,0,0,0,39.2298,0,0,0,0,0.4956,-39.7254,0
tpcds_74,customer_id,0,0,0,39.2298,0,0,0,0,0.4423,-39.6721,0
tpcds_74,customer_id,0,0,0,0.0127,0,0,0,0,39.7486,-39.7612,0
tpcds_74,customer_id,0,0,0,0.0127,0,0,0,0,39.7334,-39.7460,0
tpcds_74,customer_id,0,0,0,199.4348,0,0,0,0,39.7897,-239.2245,0
tpcds_74,customer_id,0,0,0,199.4348,0,0,0,0,39.7937,-239.2285,0
tpcds_74,customer_id,0,0,0,199.4348,0,0,0,0,39.8071,-239.2419,0
tpcds_74,customer_id,0,0,0,39.2298,0,0,0,0,0.4888,-39.7186,0
tpcds_74,customer_id,0,0,0,0.0127,0,0,0,0,39.7463,-39.7590,0
tpcds_74,customer_id,0,0,0,39.2298,0,0,0,0,0.4459,-39.6757,0
tpcds_74,customer_id,0,0,0,199.4348,0,0,0,0,39.8702,-239.3050,0
tpcds_74,customer_id,0,0,0,39.2298,0,0,0,0,0.4834,-39.7132,0
tpcds_74,customer_id,0,0,0,0.0127,0,0,0,0,39.8102,-39.8229,0
tpcds_74,customer_id,0,0,0,39.2298,0,0,0,0,0.5040,-39.7338,0
tpcds_74,customer_id,0,0,0,199.4348,0,0,0,0,39.8290,-239.2638,0
tpcds_74,customer_id,0,0,0,0.0127,0,0,0,0,39.7980,-39.8107,0
tpcds_74,customer_id,0,0,0,0.0127,0,0,0,0,39.8018,-39.8145,0
tpcds_74,customer_id,0,0,0,39.2298,0,0,0,0,0.4819,-39.7117,0
tpcds_74,customer_id,0,0,0,199.4348,0,0,0,0,39.8663,-239.3011,0
tpcds_74,customer_id,0,0,0,199.4348,0,0,0,0,39.8577,-239.2926,0
tpcds_74,customer_id,0,0,0,0.0127,0,0,0,0,39.8132,-39.8259,0
tpcds_74,customer_id,0,0,0,199.4348,0,0,0,0,39.8613,-239.2961,0
tpcds_74,customer_id,0,0,0,39.2298,0,0,0,0,0.4894,-39.7193,0
tpcds_74,customer_id,0,0,0,0.0127,0,0,0,0,39.8015,-39.8142,0
tpcds_74,customer_id,0,0,0,199.4348,0,0,0,0,39.8937,-239.3285,0
tpcds_75,ss_item_sk,0,0,0,0.7155,0,0,0,0,0.0878,-0.8033,0
tpcds_75,cs_item_sk,0,0,0,0.7191,0,0,0,0,0.0841,-0.8032,0
tpcds_75,ss_item_sk,0,0,0,0.7155,0,0,0,0,0.0359,-0.7514,0
tpcds_75,cs_item_sk,0,0,0,0.7191,0,0,0,0,0.0582,-0.7774,0
tpcds_75,ss_item_sk,0,0,0,0.7155,0,0,0,0,0.0273,-0.7427,0
tpcds_75,cs_item_sk,0,0,0,0.7191,0,0,0,0,0.0538,-0.7729,0
tpcds_75,ss_item_sk,0,0,0,0.7155,0,0,0,0,0.0495,-0.7649,0
tpcds_75,cs_item_sk,0,0,0,0.7191,0,0,0,0,0.0656,-0.7847,0
tpcds_75,ss_item_sk,0,0,0,0.7155,0,0,0,0,0.0370,-0.7525,0
tpcds_75,cs_item_sk,0,0,0,0.7191,0,0,0,0,0.0564,-0.7756,0
tpcds_75,ss_item_sk,0,0,0,0.7155,0,0,0,0,0.1264,-0.8419,0
tpcds_75,ss_item_sk,0,0,0,0.7155,0,0,0,0,0.0360,-0.7514,0
tpcds_75,ss_item_sk,0,0,0,0.7155,0,0,0,0,0.0435,-0.7590,0
tpcds_75,ss_item_sk,0,0,0,0.7155,0,0,0,0,0.0277,-0.7432,0
tpcds_75,ss_item_sk,0,0,0,0.7155,0,0,0,0,0.0301,-0.7456,0
tpcds_75,ss_item_sk,0,0,0,0.7155,0,0,0,0,0.0285,-0.7440,0
tpcds_75,ss_item_sk,0,0,0,0.7155,0,0,0,0,0.0334,-0.7489,0
tpcds_75,ss_item_sk,0,0,0,0.7155,0,0,0,0,0.0289,-0.7444,0
tpcds_75,ws_item_sk,0,0,0,0.6074,0,0,0,0,0.3857,-0.9931,0
tpcds_75,ws_item_sk,0,0,0,0.6074,0,0,0,0,0.0504,-0.6578,0
tpcds_75,ws_item_sk,0,0,0,0.6074,0,0,0,0,0.0360,-0.6434,0
tpcds_75,cs_item_sk,0,0,0,0.7191,0,0,0,0,0.5796,-1.2988,0
tpcds_75,ws_item_sk,0,0,0,0.6074,0,0,0,0,0.1078,-0.7152,0
tpcds_75,cs_item_sk,0,0,0,0.7191,0,0,0,0,0.0679,-0.7870,0
tpcds_75,ws_item_sk,0,0,0,0.6074,0,0,0,0,0.0446,-0.6520,0
tpcds_75,ws_item_sk,0,0,0,0.6074,0,0,0,0,0.0322,-0.6396,0
tpcds_75,cs_item_sk,0,0,0,0.7191,0,0,0,0,0.0567,-0.7759,0
tpcds_75,ws_item_sk,0,0,0,0.6074,0,0,0,0,0.0338,-0.6412,0
tpcds_75,ws_item_sk,0,0,0,0.6074,0,0,0,0,0.0320,-0.6394,0
tpcds_75,cs_item_sk,0,0,0,0.7191,0,0,0,0,0.0571,-0.7762,0
tpcds_75,ws_item_sk,0,0,0,0.6074,0,0,0,0,0.0483,-0.6557,0
tpcds_75,cs_item_sk,0,0,0,0.7191,0,0,0,0,0.0553,-0.7745,0
tpcds_75,ws_item_sk,0,0,0,0.6074,0,0,0,0,0.0348,-0.6422,0
tpcds_75,ws_item_sk,0,0,0,0.7841,0,0,0,0,0.0553,-0.8394,0
tpcds_75,ws_item_sk,0,0,0,0.6074,0,0,0,0,0.0303,-0.6377,0
tpcds_75,ws_item_sk,0,0,0,0.7841,0,0,0,0,0.0371,-0.8212,0
tpcds_75,cs_item_sk,0,0,0,0.7191,0,0,0,0,0.0620,-0.7811,0
tpcds_75,ws_item_sk,0,0,0,0.6074,0,0,0,0,0.0329,-0.6403,0
tpcds_75,cs_item_sk,0,0,0,0.7191,0,0,0,0,0.0927,-0.8119,0
tpcds_75,ws_item_sk,0,0,0,0.6074,0,0,0,0,0.0309,-0.6383,0
tpcds_75,ws_item_sk,0,0,0,0.6074,0,0,0,0,0.0334,-0.6408,0
tpcds_75,ws_item_sk,0,0,0,0.6074,0,0,0,0,0.0321,-0.6396,0
tpcds_75,cs_item_sk,0,0,0,0.7191,0,0,0,0,0.0754,-0.7946,0
tpcds_75,cs_item_sk,0,0,0,0.7191,0,0,0,0,0.1678,-0.8870,0
tpcds_75,ss_item_sk,0,0,0,1.3679,0,0,0,0,0.0677,-1.4356,0
tpcds_75,ss_item_sk,0,0,0,1.3679,0,0,0,0,0.0342,-1.4021,0
tpcds_75,ss_item_sk,0,0,0,1.3679,0,0,0,0,0.0851,-1.4530,0
tpcds_75,ss_item_sk,0,0,0,1.3679,0,0,0,0,0.0467,-1.4146,0
tpcds_75,ss_item_sk,0,0,0,1.3679,0,0,0,0,0.0680,-1.4359,0
tpcds_75,ss_item_sk,0,0,0,1.3679,0,0,0,0,0.0397,-1.4076,0
tpcds_75,ss_item_sk,0,0,0,1.3679,0,0,0,0,0.0653,-1.4332,0
tpcds_75,ss_item_sk,0,0,0,1.3679,0,0,0,0,0.0664,-1.4343,0
tpcds_75,ss_item_sk,0,0,0,1.3679,0,0,0,0,0.0638,-1.4317,0
tpcds_75,ss_item_sk,0,0,0,1.3679,0,0,0,0,0.0984,-1.4663,0
tpcds_75,ss_item_sk,0,0,0,1.3679,0,0,0,0,0.1285,-1.4964,0
tpcds_75,ss_item_sk,0,0,0,1.3679,0,0,0,0,0.1540,-1.5219,0
tpcds_75,ss_item_sk,0,0,0,1.3679,0,0,0,0,0.0932,-1.4611,0
tpcds_75,cs_item_sk,0,0,0,1.7442,0,0,0,0,0.0827,-1.8269,0
tpcds_75,cs_item_sk,0,0,0,1.7442,0,0,0,0,0.1453,-1.8895,0
tpcds_75,cs_item_sk,0,0,0,1.7442,0,0,0,0,0.0473,-1.7916,0
tpcds_75,cs_item_sk,0,0,0,1.7442,0,0,0,0,0.0468,-1.7910,0
tpcds_75,cs_item_sk,0,0,0,1.7442,0,0,0,0,0.4664,-2.2107,0
tpcds_75,cs_item_sk,0,0,0,1.7442,0,0,0,0,0.0472,-1.7914,0
tpcds_75,cs_item_sk,0,0,0,1.7442,0,0,0,0,0.1077,-1.8519,0
tpcds_75,cs_item_sk,0,0,0,1.7442,0,0,0,0,0.4909,-2.2351,0
tpcds_75,cs_item_sk,0,0,0,1.7442,0,0,0,0,0.0532,-1.7974,0
tpcds_75,cs_item_sk,0,0,0,1.7442,0,0,0,0,0.0606,-1.8048,0
tpcds_75,cs_item_sk,0,0,0,1.7442,0,0,0,0,0.1302,-1.8744,0
tpcds_75,cs_item_sk,0,0,0,1.7442,0,0,0,0,0.0479,-1.7921,0
tpcds_75,cs_item_sk,0,0,0,1.7442,0,0,0,0,0.0470,-1.7913,0
tpcds_75,cs_item_sk,0,0,0,1.7442,0,0,0,0,0.0933,-1.8376,0
tpcds_75,cs_item_sk,0,0,0,0.7191,48,392972,390929,2043,140.4326,-139.1088,0
tpcds_75,cs_item_sk,0,0,0,1.7442,48,392972,390929,2043,147.3027,-147.0040,0
tpcds_75,ws_item_sk,0,0,0,0.7841,88,719384,719217,167,208.0507,-208.6678,0
tpcds_75,ws_item_sk,0,0,0,0.6074,88,719384,719217,167,215.9309,-216.3713,0
tpcds_75,d_date_sk,0,0,0,217.5410,0,0,0,0,0.1364,-217.6775,0
tpcds_75,d_date_sk,0,0,0,217.5410,0,0,0,0,0.1872,-217.7283,0
tpcds_75,d_date_sk,0,0,0,217.5410,0,0,0,0,0.0885,-217.6295,0
tpcds_75,d_date_sk,0,0,0,217.5410,0,0,0,0,0.1814,-217.7225,0
tpcds_75,d_date_sk,0,0,0,217.5410,0,0,0,0,0.1067,-217.6477,0
tpcds_75,d_date_sk,0,0,0,217.5410,0,0,0,0,0.1040,-217.6450,0
tpcds_75,d_date_sk,0,0,0,217.5410,0,0,0,0,0.2022,-217.7432,0
tpcds_75,d_date_sk,0,0,0,217.5410,0,0,0,0,0.1138,-217.6548,0
tpcds_75,d_date_sk,0,0,0,217.5410,0,0,0,0,0.1813,-217.7224,0
tpcds_75,d_date_sk,0,0,0,217.5410,0,0,0,0,0.2027,-217.7438,0
tpcds_75,d_date_sk,0,0,0,217.5410,0,0,0,0,0.1485,-217.6896,0
tpcds_75,d_date_sk,0,0,0,217.5410,0,0,0,0,0.2214,-217.7625,0
tpcds_75,d_date_sk,0,0,0,217.5410,0,0,0,0,0.1270,-217.6681,0
tpcds_75,d_date_sk,0,0,0,217.5410,0,0,0,0,0.2260,-217.7670,0
tpcds_75,d_date_sk,0,0,0,217.5410,0,0,0,0,0.1506,-217.6916,0
tpcds_75,d_date_sk,0,0,0,217.5410,0,0,0,0,0.1553,-217.6963,0
tpcds_75,ss_item_sk,0,0,0,0.7155,96,783252,747740,35512,239.5532,-204.7566,0
tpcds_75,ss_item_sk,0,0,0,1.3679,96,783252,747740,35512,238.1228,-203.9787,0
tpcds_75,cs_item_sk,0,0,0,0.7191,128,1048576,1043385,5191,290.7091,-286.2373,0
tpcds_75,d_date_sk,0,0,0,292.1424,0,0,0,0,0.3609,-292.5033,0
tpcds_75,d_date_sk,0,0,0,292.1424,0,0,0,0,0.3986,-292.5411,0
tpcds_75,d_date_sk,0,0,0,292.1424,0,0,0,0,0.2078,-292.3502,0
tpcds_75,d_date_sk,0,0,0,292.1424,0,0,0,0,0.0856,-292.2280,0
tpcds_75,d_date_sk,0,0,0,292.1424,0,0,0,0,0.3274,-292.4698,0
tpcds_75,d_date_sk,0,0,0,292.1424,0,0,0,0,0.1513,-292.2937,0
tpcds_75,d_date_sk,0,0,0,292.1424,0,0,0,0,0.0882,-292.2306,0
tpcds_75,d_date_sk,0,0,0,292.1424,0,0,0,0,0.5969,-292.7393,0
tpcds_75,d_date_sk,0,0,0,292.1424,0,0,0,0,0.9314,-293.0738,0
tpcds_75,d_date_sk,0,0,0,292.1424,0,0,0,0,0.0862,-292.2286,0
tpcds_75,d_date_sk,0,0,0,292.1424,0,0,0,0,0.0984,-292.2408,0
tpcds_75,d_date_sk,0,0,0,292.1424,0,0,0,0,0.6847,-292.8271,0
tpcds_75,d_date_sk,0,0,0,292.1424,0,0,0,0,0.1545,-292.2969,0
tpcds_75,d_date_sk,0,0,0,292.1424,0,0,0,0,0.1269,-292.2693,0
tpcds_75,d_date_sk,0,0,0,292.1424,0,0,0,0,0.7503,-292.8927,0
tpcds_75,d_date_sk,0,0,0,292.1424,0,0,0,0,0.8064,-292.9488,0
tpcds_75,ss_item_sk,0,0,0,0.7155,128,1048576,1001547,47029,295.9037,-249.5902,0
tpcds_75,cs_item_sk,0,0,0,1.7442,128,1048576,1043385,5191,292.6567,-289.2099,0
tpcds_75,d_date_sk,0,0,0,295.0106,0,0,0,0,0.1750,-295.1856,0
tpcds_75,d_date_sk,0,0,0,295.0106,0,0,0,0,0.1516,-295.1622,0
tpcds_75,d_date_sk,0,0,0,295.0106,0,0,0,0,0.1894,-295.2000,0
tpcds_75,d_date_sk,0,0,0,295.0106,0,0,0,0,0.2059,-295.2166,0
tpcds_75,d_date_sk,0,0,0,295.0106,0,0,0,0,0.2918,-295.3024,0
tpcds_75,d_date_sk,0,0,0,295.0106,0,0,0,0,0.2517,-295.2624,0
tpcds_75,d_date_sk,0,0,0,295.0106,0,0,0,0,0.2605,-295.2711,0
tpcds_75,d_date_sk,0,0,0,295.0106,0,0,0,0,0.2604,-295.2710,0
tpcds_75,d_date_sk,0,0,0,295.0106,0,0,0,0,0.2302,-295.2408,0
tpcds_75,d_date_sk,0,0,0,295.0106,0,0,0,0,0.2653,-295.2760,0
tpcds_75,d_date_sk,0,0,0,295.0106,0,0,0,0,0.2499,-295.2605,0
tpcds_75,d_date_sk,0,0,0,295.0106,0,0,0,0,0.2684,-295.2790,0
tpcds_75,d_date_sk,0,0,0,295.0106,0,0,0,0,0.2492,-295.2599,0
tpcds_75,d_date_sk,0,0,0,295.0106,0,0,0,0,0.3002,-295.3108,0
tpcds_75,d_date_sk,0,0,0,295.0106,0,0,0,0,0.2839,-295.2945,0
tpcds_75,d_date_sk,0,0,0,295.0106,0,0,0,0,0.2820,-295.2926,0
tpcds_75,ss_item_sk,0,0,0,1.3679,128,1048576,1001547,47029,295.1840,-249.5229,0
tpcds_75,ss_item_sk,0,0,0,1.3679,128,1048576,1001365,47211,296.8325,-250.9894,0
tpcds_75,ss_item_sk,0,0,0,0.7155,128,1048576,1001365,47211,299.6767,-253.1812,0
tpcds_75,d_date_sk,0,0,0,300.7205,0,0,0,0,0.1001,-300.8206,0
tpcds_75,d_date_sk,0,0,0,298.7007,0,0,0,0,0.1041,-298.8048,0
tpcds_75,d_date_sk,0,0,0,300.7205,0,0,0,0,0.1381,-300.8586,0
tpcds_75,d_date_sk,0,0,0,300.7205,0,0,0,0,0.1360,-300.8565,0
tpcds_75,d_date_sk,0,0,0,300.7205,0,0,0,0,0.1397,-300.8602,0
tpcds_75,d_date_sk,0,0,0,300.7205,0,0,0,0,0.1411,-300.8616,0
tpcds_75,d_date_sk,0,0,0,300.7205,0,0,0,0,0.1585,-300.8789,0
tpcds_75,d_date_sk,0,0,0,300.7205,0,0,0,0,0.1340,-300.8545,0
tpcds_75,d_date_sk,0,0,0,300.7205,0,0,0,0,0.1855,-300.9060,0
tpcds_75,d_date_sk,0,0,0,298.7007,0,0,0,0,0.1919,-298.8925,0
tpcds_75,d_date_sk,0,0,0,300.7205,0,0,0,0,0.1476,-300.8681,0
tpcds_75,d_date_sk,0,0,0,300.7205,0,0,0,0,0.1566,-300.8771,0
tpcds_75,d_date_sk,0,0,0,300.7205,0,0,0,0,0.1710,-300.8915,0
tpcds_75,d_date_sk,0,0,0,298.7007,0,0,0,0,0.1722,-298.8729,0
tpcds_75,d_date_sk,0,0,0,300.7205,0,0,0,0,0.1632,-300.8837,0
tpcds_75,d_date_sk,0,0,0,300.7205,0,0,0,0,0.1542,-300.8747,0
tpcds_75,d_date_sk,0,0,0,298.7007,0,0,0,0,0.1761,-298.8767,0
tpcds_75,d_date_sk,0,0,0,300.7205,0,0,0,0,0.1689,-300.8894,0
tpcds_75,d_date_sk,0,0,0,300.7205,0,0,0,0,0.1759,-300.8964,0
tpcds_75,d_date_sk,0,0,0,300.7205,0,0,0,0,0.1673,-300.8878,0
tpcds_75,d_date_sk,0,0,0,298.7007,0,0,0,0,0.1905,-298.8912,0
tpcds_75,d_date_sk,0,0,0,298.7007,0,0,0,0,0.1711,-298.8717,0
tpcds_75,d_date_sk,0,0,0,298.7007,0,0,0,0,0.1868,-298.8875,0
tpcds_75,d_date_sk,0,0,0,298.7007,0,0,0,0,0.1839,-298.8845,0
tpcds_75,d_date_sk,0,0,0,298.7007,0,0,0,0,0.1891,-298.8898,0
tpcds_75,d_date_sk,0,0,0,298.7007,0,0,0,0,0.2277,-298.9284,0
tpcds_75,d_date_sk,0,0,0,298.7007,0,0,0,0,0.1932,-298.8939,0
tpcds_75,d_date_sk,0,0,0,298.7007,0,0,0,0,0.2074,-298.9081,0
tpcds_75,d_date_sk,0,0,0,298.7007,0,0,0,0,0.2351,-298.9358,0
tpcds_75,d_date_sk,0,0,0,298.7007,0,0,0,0,0.2066,-298.9073,0
tpcds_75,d_date_sk,0,0,0,298.7007,0,0,0,0,0.1948,-298.8954,0
tpcds_75,d_date_sk,0,0,0,298.7007,0,0,0,0,0.1939,-298.8945,0
tpcds_75,i_class_id,0,0,0,2002.1882,0,0,0,0,39.5743,-2041.7625,0
tpcds_75,i_class_id,0,0,0,2002.1882,0,0,0,0,39.5781,-2041.7663,0
tpcds_75,i_class_id,0,0,0,2002.1882,0,0,0,0,39.5256,-2041.7138,0
tpcds_75,i_category_id,0,0,0,2002.1909,0,0,0,0,39.6255,-2041.8163,0
tpcds_75,i_category_id,0,0,0,2002.1909,0,0,0,0,39.6337,-2041.8246,0
tpcds_75,i_class_id,0,0,0,2002.1882,0,0,0,0,39.5813,-2041.7695,0
tpcds_75,i_category_id,0,0,0,2002.1909,0,0,0,0,39.5838,-2041.7747,0
tpcds_75,i_manufact_id,0,0,0,2002.1946,0,0,0,0,39.6317,-2041.8264,0
tpcds_75,i_manufact_id,0,0,0,2002.1946,0,0,0,0,39.6397,-2041.8343,0
tpcds_75,i_manufact_id,0,0,0,2002.1946,0,0,0,0,39.5903,-2041.7850,0
tpcds_75,i_category_id,0,0,0,2002.1909,0,0,0,0,39.6009,-2041.7918,0
tpcds_75,i_manufact_id,0,0,0,2002.1946,0,0,0,0,39.6060,-2041.8006,0
tpcds_75,i_class_id,0,0,0,2002.1882,0,0,0,0,39.6128,-2041.8010,0
tpcds_75,i_class_id,0,0,0,2002.1882,0,0,0,0,39.6345,-2041.8227,0
tpcds_75,i_class_id,0,0,0,2002.1882,0,0,0,0,39.6593,-2041.8475,0
tpcds_75,i_category_id,0,0,0,2002.1909,0,0,0,0,39.6173,-2041.8082,0
tpcds_75,i_category_id,0,0,0,2002.1909,0,0,0,0,39.6392,-2041.8300,0
tpcds_75,i_category_id,0,0,0,2002.1909,0,0,0,0,39.6643,-2041.8552,0
tpcds_75,i_manufact_id,0,0,0,2002.1946,0,0,0,0,39.6218,-2041.8164,0
tpcds_75,i_manufact_id,0,0,0,2002.1946,0,0,0,0,39.6438,-2041.8385,0
tpcds_75,i_manufact_id,0,0,0,2002.1946,0,0,0,0,39.6696,-2041.8643,0
tpcds_75,i_class_id,0,0,0,2002.1882,0,0,0,0,39.6287,-2041.8169,0
tpcds_75,i_class_id,0,0,0,2002.1882,0,0,0,0,39.6255,-2041.8137,0
tpcds_75,i_class_id,0,0,0,2002.1882,0,0,0,0,39.6463,-2041.8345,0
tpcds_75,i_category_id,0,0,0,2002.1909,0,0,0,0,39.6331,-2041.8240,0
tpcds_75,i_class_id,0,0,0,2002.1882,0,0,0,0,39.6668,-2041.8550,0
tpcds_75,i_category_id,0,0,0,2002.1909,0,0,0,0,39.6318,-2041.8227,0
tpcds_75,i_category_id,0,0,0,2002.1909,0,0,0,0,39.6507,-2041.8416,0
tpcds_75,i_manufact_id,0,0,0,2002.1946,0,0,0,0,39.6478,-2041.8424,0
tpcds_75,i_category_id,0,0,0,2002.1909,0,0,0,0,39.6812,-2041.8721,0
tpcds_75,i_manufact_id,0,0,0,2002.1946,0,0,0,0,39.6443,-2041.8389,0
tpcds_75,i_manufact_id,0,0,0,2002.1946,0,0,0,0,39.6633,-2041.8580,0
tpcds_75,i_manufact_id,0,0,0,2002.1946,0,0,0,0,39.6858,-2041.8805,0
tpcds_75,i_class_id,0,0,0,2002.1882,0,0,0,0,39.6974,-2041.8856,0
tpcds_75,i_class_id,0,0,0,2002.1882,0,0,0,0,39.6902,-2041.8784,0
tpcds_75,i_class_id,0,0,0,2002.1882,0,0,0,0,39.7072,-2041.8954,0
tpcds_75,i_category_id,0,0,0,2002.1909,0,0,0,0,39.7029,-2041.8938,0
tpcds_75,i_class_id,0,0,0,2002.1882,0,0,0,0,40.0487,-2042.2369,0
tpcds_75,i_category_id,0,0,0,2002.1909,0,0,0,0,39.6947,-2041.8855,0
tpcds_75,i_category_id,0,0,0,2002.1909,0,0,0,0,39.7118,-2041.9027,0
tpcds_75,i_manufact_id,0,0,0,2002.1946,0,0,0,0,39.7074,-2041.9021,0
tpcds_75,i_category_id,0,0,0,2002.1909,0,0,0,0,40.0536,-2042.2445,0
tpcds_75,i_manufact_id,0,0,0,2002.1946,0,0,0,0,39.6992,-2041.8938,0
tpcds_75,i_manufact_id,0,0,0,2002.1946,0,0,0,0,39.7164,-2041.9111,0
tpcds_75,i_manufact_id,0,0,0,2002.1946,0,0,0,0,40.0587,-2042.2533,0
tpcds_75,i_class_id,0,0,0,2002.1882,0,0,0,0,39.7086,-2041.8968,0
tpcds_75,i_category_id,0,0,0,2002.1909,0,0,0,0,39.7180,-2041.9089,0
tpcds_75,i_manufact_id,0,0,0,2002.1946,0,0,0,0,39.7221,-2041.9167,0
tpcds_76,cs_item_sk,0,0,0,4.3078,0,0,0,0,0.1383,-4.4460,0
tpcds_76,cs_item_sk,0,0,0,4.3078,0,0,0,0,0.0317,-4.3395,0
tpcds_76,cs_item_sk,0,0,0,4.3078,0,0,0,0,0.0204,-4.3282,0
tpcds_76,ss_item_sk,0,0,0,4.9633,0,0,0,0,0.2542,-5.2175,0
tpcds_76,ss_item_sk,0,0,0,4.9633,0,0,0,0,0.2674,-5.2307,0
tpcds_76,cs_item_sk,0,0,0,4.3078,0,0,0,0,0.0189,-4.3267,0
tpcds_76,ws_item_sk,0,0,0,5.1020,0,0,0,0,0.2596,-5.3616,0
tpcds_76,cs_item_sk,0,0,0,4.3078,0,0,0,0,0.0196,-4.3274,0
tpcds_76,cs_item_sk,0,0,0,4.3078,0,0,0,0,0.0170,-4.3248,0
tpcds_76,cs_item_sk,0,0,0,4.3078,0,0,0,0,0.0184,-4.3261,0
tpcds_76,ss_item_sk,0,0,0,4.9633,0,0,0,0,0.0932,-5.0565,0
tpcds_76,cs_item_sk,0,0,0,4.3078,0,0,0,0,0.0156,-4.3234,0
tpcds_76,ss_item_sk,0,0,0,4.9633,0,0,0,0,0.0950,-5.0583,0
tpcds_76,cs_item_sk,0,0,0,4.3078,0,0,0,0,0.0165,-4.3243,0
tpcds_76,cs_item_sk,0,0,0,4.3078,0,0,0,0,0.0156,-4.3234,0
tpcds_76,cs_item_sk,0,0,0,4.3078,0,0,0,0,0.0169,-4.3246,0
tpcds_76,cs_item_sk,0,0,0,4.3078,0,0,0,0,0.0164,-4.3242,0
tpcds_76,ss_item_sk,0,0,0,4.9633,0,0,0,0,0.0831,-5.0464,0
tpcds_76,cs_item_sk,0,0,0,4.3078,0,0,0,0,0.0171,-4.3248,0
tpcds_76,cs_item_sk,0,0,0,4.3078,0,0,0,0,0.0153,-4.3231,0
tpcds_76,cs_item_sk,0,0,0,4.3078,0,0,0,0,0.0172,-4.3250,0
tpcds_76,cs_item_sk,0,0,0,4.3078,0,0,0,0,0.0154,-4.3232,0
tpcds_76,ws_item_sk,0,0,0,5.1020,0,0,0,0,0.1049,-5.2069,0
tpcds_76,ws_item_sk,0,0,0,5.1020,0,0,0,0,0.0863,-5.1883,0
tpcds_76,ws_item_sk,0,0,0,5.1020,0,0,0,0,0.1091,-5.2111,0
tpcds_76,ws_item_sk,0,0,0,5.1020,0,0,0,0,0.0939,-5.1959,0
tpcds_76,ss_item_sk,0,0,0,4.9633,0,0,0,0,0.4455,-5.4088,0
tpcds_76,ws_item_sk,0,0,0,5.1020,0,0,0,0,0.0850,-5.1870,0
tpcds_76,ws_item_sk,0,0,0,5.1020,0,0,0,0,0.0814,-5.1834,0
tpcds_76,ss_item_sk,0,0,0,4.9633,0,0,0,0,0.0987,-5.0619,0
tpcds_76,ss_item_sk,0,0,0,4.9633,0,0,0,0,0.4515,-5.4148,0
tpcds_76,ws_item_sk,0,0,0,5.1020,0,0,0,0,0.0794,-5.1814,0
tpcds_76,ss_item_sk,0,0,0,4.9633,0,0,0,0,0.0778,-5.0411,0
tpcds_76,ss_item_sk,0,0,0,4.9633,0,0,0,0,0.1320,-5.0952,0
tpcds_76,ss_item_sk,0,0,0,4.9633,0,0,0,0,0.0805,-5.0438,0
tpcds_76,ws_item_sk,0,0,0,5.1020,0,0,0,0,0.1178,-5.2198,0
tpcds_76,ws_item_sk,0,0,0,5.1020,0,0,0,0,0.1017,-5.2036,0
tpcds_76,ws_item_sk,0,0,0,5.1020,0,0,0,0,0.0917,-5.1936,0
tpcds_76,ws_item_sk,0,0,0,5.1020,0,0,0,0,0.1015,-5.2035,0
tpcds_76,ws_item_sk,0,0,0,5.1020,0,0,0,0,0.1311,-5.2331,0
tpcds_76,ws_item_sk,0,0,0,5.1020,0,0,0,0,0.1829,-5.2848,0
tpcds_76,ws_item_sk,0,0,0,5.1020,0,0,0,0,0.0841,-5.1861,0
tpcds_76,ss_item_sk,0,0,0,4.9633,0,0,0,0,0.3927,-5.3559,0
tpcds_76,ss_item_sk,0,0,0,4.9633,0,0,0,0,0.0908,-5.0541,0
tpcds_76,d_date_sk,0,0,0,4.6693,0,0,0,0,5.0997,-9.7690,0
tpcds_76,d_date_sk,0,0,0,4.6693,0,0,0,0,5.1646,-9.8338,0
tpcds_76,d_date_sk,0,0,0,4.6693,0,0,0,0,5.1819,-9.8512,0
tpcds_76,d_date_sk,0,0,0,4.6693,0,0,0,0,5.1836,-9.8529,0
tpcds_76,d_date_sk,0,0,0,4.6693,0,0,0,0,5.2393,-9.9086,0
tpcds_76,d_date_sk,0,0,0,4.6693,1,7513,0,7513,5.2510,-2.4073,0
tpcds_76,d_date_sk,0,0,0,4.6693,1,8192,0,8192,5.2470,-1.7243,0
tpcds_76,d_date_sk,0,0,0,4.6693,0,0,0,0,5.2736,-9.9429,0
tpcds_76,d_date_sk,0,0,0,4.6693,0,0,0,0,5.3107,-9.9800,0
tpcds_76,d_date_sk,0,0,0,4.6693,1,8192,0,8192,5.2798,-1.7571,0
tpcds_76,d_date_sk,0,0,0,4.6693,1,8192,0,8192,5.2889,-1.7662,0
tpcds_76,d_date_sk,0,0,0,4.6693,1,8192,0,8192,5.3190,-1.7963,0
tpcds_76,d_date_sk,0,0,0,4.6693,1,8192,0,8192,5.3311,-1.8084,0
tpcds_76,d_date_sk,0,0,0,4.6693,1,8192,0,8192,5.3293,-1.8066,0
tpcds_76,d_date_sk,0,0,0,4.6693,1,8192,0,8192,5.3488,-1.8260,0
tpcds_76,d_date_sk,0,0,0,4.6693,1,8192,0,8192,5.4589,-1.9362,0
tpcds_76,ws_item_sk,0,0,0,5.1020,1,186,101,85,52.5168,-57.5337,0
tpcds_76,d_date_sk,0,0,0,57.1731,0,0,0,0,4.0948,-61.2678,0
tpcds_76,d_date_sk,0,0,0,57.1731,1,8192,0,8192,4.2357,-53.2168,0
tpcds_76,d_date_sk,0,0,0,57.1731,1,8192,0,8192,4.2869,-53.2679,0
tpcds_76,d_date_sk,0,0,0,57.1731,1,8192,0,8192,4.3175,-53.2985,0
tpcds_76,d_date_sk,0,0,0,57.1731,1,8192,0,8192,4.3324,-53.3135,0
tpcds_76,d_date_sk,0,0,0,57.1731,1,8192,0,8192,4.3757,-53.3568,0
tpcds_76,d_date_sk,0,0,0,57.1731,1,8192,0,8192,4.3996,-53.3807,0
tpcds_76,d_date_sk,0,0,0,57.1731,1,8192,0,8192,4.4355,-53.4165,0
tpcds_76,d_date_sk,0,0,0,57.1731,1,8192,0,8192,4.4568,-53.4378,0
tpcds_76,d_date_sk,0,0,0,57.1731,1,7513,0,7513,4.4785,-54.1386,0
tpcds_76,d_date_sk,0,0,0,57.1731,0,0,0,0,4.5026,-61.6757,0
tpcds_76,d_date_sk,0,0,0,57.1731,0,0,0,0,4.5113,-61.6844,0
tpcds_76,d_date_sk,0,0,0,57.1731,0,0,0,0,4.5127,-61.6857,0
tpcds_76,d_date_sk,0,0,0,57.1731,0,0,0,0,4.5572,-61.7302,0
tpcds_76,d_date_sk,0,0,0,57.1731,0,0,0,0,4.5335,-61.7065,0
tpcds_76,d_date_sk,0,0,0,57.1731,0,0,0,0,4.5577,-61.7308,0
tpcds_76,ss_item_sk,0,0,0,4.9633,5,35625,17725,17900,60.5211,-47.5844,0
tpcds_76,ss_item_sk,0,0,0,4.9633,6,47109,23627,23482,74.8135,-56.2948,0
tpcds_76,ss_item_sk,0,0,0,4.9633,6,47300,23753,23547,76.0505,-57.4668,0
tpcds_76,d_date_sk,0,0,0,80.8587,1,8192,0,8192,9.5875,-82.2542,0
tpcds_76,d_date_sk,0,0,0,80.8587,1,7513,0,7513,9.5561,-82.9018,0
tpcds_76,d_date_sk,0,0,0,80.8587,0,0,0,0,9.5601,-90.4188,0
tpcds_76,d_date_sk,0,0,0,80.8587,0,0,0,0,9.5930,-90.4517,0
tpcds_76,d_date_sk,0,0,0,80.8587,1,8192,0,8192,9.6428,-82.3095,0
tpcds_76,d_date_sk,0,0,0,80.8587,1,8192,0,8192,9.6203,-82.2870,0
tpcds_76,d_date_sk,0,0,0,80.8587,0,0,0,0,9.6745,-90.5332,0
tpcds_76,d_date_sk,0,0,0,80.8587,0,0,0,0,9.6684,-90.5271,0
tpcds_76,d_date_sk,0,0,0,80.8587,0,0,0,0,9.6329,-90.4916,0
tpcds_76,d_date_sk,0,0,0,80.8587,1,8192,0,8192,9.6717,-82.3384,0
tpcds_76,d_date_sk,0,0,0,80.8587,1,8192,0,8192,9.6779,-82.3446,0
tpcds_76,d_date_sk,0,0,0,80.8587,0,0,0,0,9.6489,-90.5076,0
tpcds_76,d_date_sk,0,0,0,80.8587,1,8192,0,8192,9.6536,-82.3203,0
tpcds_76,d_date_sk,0,0,0,80.8587,1,8192,0,8192,9.6933,-82.3600,0
tpcds_76,d_date_sk,0,0,0,80.8587,1,8192,0,8192,9.6744,-82.3411,0
tpcds_76,d_date_sk,0,0,0,80.8587,0,0,0,0,9.6648,-90.5235,0
tpcds_78,ss_sold_date_sk,0,0,0,0.2154,22,168434,162749,5685,305.8294,-300.3598,0
tpcds_78,ss_sold_date_sk,0,0,0,0.2154,22,168886,163295,5591,306.0504,-300.6748,0
tpcds_78,ss_sold_date_sk,0,0,0,0.2154,22,169695,163908,5787,306.2428,-300.6712,0
tpcds_78,ss_sold_date_sk,0,0,0,0.2154,22,169359,163110,6249,305.9879,-299.9543,0
tpcds_78,ss_sold_date_sk,0,0,0,0.2154,22,169872,163639,6233,306.5848,-300.5671,0
tpcds_78,ss_sold_date_sk,0,0,0,0.2154,22,169912,163940,5972,306.6328,-300.8762,0
tpcds_78,ss_sold_date_sk,0,0,0,0.2154,22,169212,163443,5769,306.7253,-301.1716,0
tpcds_78,ss_sold_date_sk,0,0,0,0.2154,22,169507,163633,5874,306.6889,-301.0302,0
tpcds_78,ss_sold_date_sk,0,0,0,0.2154,22,169086,163361,5725,306.7496,-301.2400,0
tpcds_78,ss_sold_date_sk,0,0,0,0.2154,22,169398,163480,5918,306.7555,-301.0529,0
tpcds_78,ss_sold_date_sk,0,0,0,0.2154,22,170629,164230,6399,306.9474,-300.7637,0
tpcds_78,ss_sold_date_sk,0,0,0,0.2154,22,168940,163446,5494,306.9510,-301.6723,0
tpcds_78,ss_sold_date_sk,0,0,0,0.2154,22,169768,163507,6261,307.0088,-300.9631,0
tpcds_78,ss_sold_date_sk,0,0,0,0.2154,23,169821,163534,6287,307.1571,-301.0855,0
tpcds_78,ss_sold_date_sk,0,0,0,0.2154,22,170707,164105,6602,307.2213,-300.8347,0
tpcds_78,cs_sold_date_sk,0,0,0,0.5117,12,89497,89156,341,331.9988,-332.1695,0
tpcds_78,cs_sold_date_sk,0,0,0,0.5117,11,86541,86234,307,332.1770,-332.3817,0
tpcds_78,cs_sold_date_sk,0,0,0,0.5117,12,91006,90698,308,332.0626,-332.2663,0
tpcds_78,cs_sold_date_sk,0,0,0,0.5117,12,89911,89511,400,332.2210,-332.3327,0
tpcds_78,cs_sold_date_sk,0,0,0,0.5117,11,88396,88059,337,332.1229,-332.2976,0
tpcds_78,cs_sold_date_sk,0,0,0,0.5117,11,87526,87224,302,332.2554,-332.4651,0
tpcds_78,cs_sold_date_sk,0,0,0,0.5117,12,90074,89753,321,332.2455,-332.4362,0
tpcds_78,cs_sold_date_sk,0,0,0,0.5117,12,89852,89544,308,332.4879,-332.6916,0
tpcds_78,cs_sold_date_sk,0,0,0,0.5117,11,88596,88297,299,332.6787,-332.8914,0
tpcds_78,cs_sold_date_sk,0,0,0,0.5117,11,84745,84441,304,332.5506,-332.7583,0
tpcds_78,cs_sold_date_sk,0,0,0,0.5117,12,91352,90980,372,332.6701,-332.8098,0
tpcds_78,cs_sold_date_sk,0,0,0,0.5117,11,87700,87382,318,332.7443,-332.9380,0
tpcds_78,cs_sold_date_sk,0,0,0,0.5117,11,89209,88907,302,332.8414,-333.0511,0
tpcds_78,cs_sold_date_sk,0,0,0,0.5117,11,88784,88422,362,333.3692,-333.5189,0
tpcds_78,cs_sold_date_sk,0,0,0,0.5117,11,87254,86906,348,333.7428,-333.9065,0
tpcds_78,cs_sold_date_sk,0,0,0,0.5117,12,93473,91379,2094,334.9563,-333.3740,0
tpcds_78,ss_sold_date_sk,0,0,0,0.2154,30,235229,196626,38603,2800.1270,-2761.7394,0
tpcds_78,ws_sold_date_sk,0,0,0,0.0288,6,44531,44522,9,81.1473,-81.1671,0
tpcds_78,ws_sold_date_sk,0,0,0,0.0288,6,44784,44776,8,81.1500,-81.1708,0
tpcds_78,ws_sold_date_sk,0,0,0,0.0288,6,44695,44680,15,81.3220,-81.3358,0
tpcds_78,ws_sold_date_sk,0,0,0,0.0288,6,44606,44598,8,81.3313,-81.3521,0
tpcds_78,ws_sold_date_sk,0,0,0,0.0288,6,44849,44841,8,81.4891,-81.5099,0
tpcds_78,ws_sold_date_sk,0,0,0,0.0288,6,44754,44748,6,81.6299,-81.6527,0
tpcds_78,ws_sold_date_sk,0,0,0,0.0288,6,44525,44511,14,81.6606,-81.6755,0
tpcds_78,ws_sold_date_sk,0,0,0,0.0288,6,44653,44649,4,81.7352,-81.7600,0
tpcds_78,ws_sold_date_sk,0,0,0,0.0288,6,44885,44835,50,81.7614,-81.7402,0
tpcds_78,ws_sold_date_sk,0,0,0,0.0288,6,44938,44926,12,81.8615,-81.8783,0
tpcds_78,ws_sold_date_sk,0,0,0,0.0288,6,44793,44785,8,81.8911,-81.9119,0
tpcds_78,ws_sold_date_sk,0,0,0,0.0288,6,44408,44399,9,82.0080,-82.0278,0
tpcds_78,ws_sold_date_sk,0,0,0,0.0288,6,44545,44539,6,82.0388,-82.0616,0
tpcds_78,ws_sold_date_sk,0,0,0,0.0288,6,44459,44449,10,82.1029,-82.1217,0
tpcds_78,ws_sold_date_sk,0,0,0,0.0288,6,44291,44281,10,82.0765,-82.0953,0
tpcds_78,ws_sold_date_sk,0,0,0,0.0288,6,44755,44745,10,82.1555,-82.1743,0
tpcds_79,ss_sold_date_sk,0,0,0,0.5461,0,0,0,0,0.0975,-0.6436,0
tpcds_79,ss_sold_date_sk,0,0,0,0.5461,0,0,0,0,0.0426,-0.5886,0
tpcds_79,ss_sold_date_sk,0,0,0,0.5461,0,0,0,0,0.0353,-0.5814,0
tpcds_79,ss_sold_date_sk,0,0,0,0.5461,0,0,0,0,0.0292,-0.5753,0
tpcds_79,ss_sold_date_sk,0,0,0,0.5461,0,0,0,0,0.0319,-0.5780,0
tpcds_79,ss_sold_date_sk,0,0,0,0.5461,0,0,0,0,0.0650,-0.6110,0
tpcds_79,ss_sold_date_sk,0,0,0,0.5461,0,0,0,0,0.0281,-0.5741,0
tpcds_79,ss_sold_date_sk,0,0,0,0.5461,0,0,0,0,0.0337,-0.5798,0
tpcds_79,ss_sold_date_sk,0,0,0,0.5461,0,0,0,0,0.0275,-0.5736,0
tpcds_79,ss_sold_date_sk,0,0,0,0.5461,0,0,0,0,0.0274,-0.5735,0
tpcds_79,ss_sold_date_sk,0,0,0,0.5461,0,0,0,0,0.0266,-0.5727,0
tpcds_79,ss_sold_date_sk,0,0,0,0.5461,0,0,0,0,0.5697,-1.1158,0
tpcds_79,ss_sold_date_sk,0,0,0,0.5461,0,0,0,0,0.0797,-0.6258,0
tpcds_79,ss_sold_date_sk,0,0,0,0.5461,96,783252,747757,35495,74.0358,-39.0869,0
tpcds_79,ss_sold_date_sk,0,0,0,0.5461,128,1048576,1001584,46992,94.5800,-48.1341,0
tpcds_79,ss_sold_date_sk,0,0,0,0.5461,128,1048576,1001426,47150,95.4318,-48.8279,0
tpcds_79,s_store_sk,0,0,0,97.4030,0,0,0,0,0.1271,-97.5300,0
tpcds_79,s_store_sk,0,0,0,97.4030,0,0,0,0,0.1386,-97.5416,0
tpcds_79,s_store_sk,0,0,0,97.4030,0,0,0,0,0.1447,-97.5477,0
tpcds_79,s_store_sk,0,0,0,97.4030,0,0,0,0,0.1767,-97.5796,0
tpcds_79,s_store_sk,0,0,0,97.4030,0,0,0,0,0.1681,-97.5711,0
tpcds_79,s_store_sk,0,0,0,97.4030,0,0,0,0,0.1879,-97.5908,0
tpcds_79,s_store_sk,0,0,0,97.4030,0,0,0,0,0.2104,-97.6134,0
tpcds_79,s_store_sk,0,0,0,97.4030,0,0,0,0,0.1773,-97.5802,0
tpcds_79,s_store_sk,0,0,0,97.4030,0,0,0,0,0.1756,-97.5786,0
tpcds_79,s_store_sk,0,0,0,97.4030,0,0,0,0,0.1839,-97.5869,0
tpcds_79,s_store_sk,0,0,0,97.4030,0,0,0,0,0.1987,-97.6016,0
tpcds_79,s_store_sk,0,0,0,97.4030,0,0,0,0,0.2030,-97.6060,0
tpcds_79,s_store_sk,0,0,0,97.4030,0,0,0,0,0.1991,-97.6021,0
tpcds_79,s_store_sk,0,0,0,97.4030,0,0,0,0,0.1939,-97.5969,0
tpcds_79,s_store_sk,0,0,0,97.4030,0,0,0,0,0.2160,-97.6190,0
tpcds_79,s_store_sk,0,0,0,97.4030,0,0,0,0,0.2246,-97.6276,0
tpcds_79,hd_demo_sk,0,0,0,97.2299,0,0,0,0,2.6931,-99.9230,0
tpcds_79,hd_demo_sk,0,0,0,97.2299,0,0,0,0,2.7034,-99.9333,0
tpcds_79,hd_demo_sk,0,0,0,97.2299,0,0,0,0,2.7383,-99.9682,0
tpcds_79,hd_demo_sk,0,0,0,97.2299,0,0,0,0,2.7501,-99.9799,0
tpcds_79,hd_demo_sk,0,0,0,97.2299,0,0,0,0,2.7482,-99.9780,0
tpcds_79,hd_demo_sk,0,0,0,97.2299,0,0,0,0,2.7841,-100.0140,0
tpcds_79,hd_demo_sk,0,0,0,97.2299,0,0,0,0,2.7703,-100.0002,0
tpcds_79,hd_demo_sk,0,0,0,97.2299,0,0,0,0,2.7718,-100.0016,0
tpcds_79,hd_demo_sk,0,0,0,97.2299,0,0,0,0,2.7764,-100.0063,0
tpcds_79,hd_demo_sk,0,0,0,97.2299,0,0,0,0,2.7754,-100.0053,0
tpcds_79,hd_demo_sk,0,0,0,97.2299,0,0,0,0,2.7834,-100.0133,0
tpcds_79,hd_demo_sk,0,0,0,97.2299,0,0,0,0,2.7903,-100.0202,0
tpcds_79,hd_demo_sk,0,0,0,97.2299,0,0,0,0,2.7806,-100.0104,0
tpcds_79,hd_demo_sk,0,0,0,97.2299,0,0,0,0,2.7896,-100.0194,0
tpcds_79,hd_demo_sk,0,0,0,97.2299,0,0,0,0,2.7985,-100.0283,0
tpcds_79,hd_demo_sk,0,0,0,97.2299,0,0,0,0,2.8344,-100.0643,0
tpcds_79,c_customer_sk,0,0,0,99.1004,1,8192,0,8192,4.9241,-95.8325,0
tpcds_79,c_customer_sk,0,0,0,99.1004,1,8192,0,8192,4.9384,-95.8468,0
tpcds_79,c_customer_sk,0,0,0,99.1004,1,8192,0,8192,4.9464,-95.8548,0
tpcds_79,c_customer_sk,0,0,0,99.1004,0,0,0,0,5.0337,-104.1341,0
tpcds_79,c_customer_sk,0,0,0,99.1004,1,8192,0,8192,4.9792,-95.8877,0
tpcds_79,c_customer_sk,0,0,0,99.1004,0,0,0,0,4.9853,-104.0858,0
tpcds_79,c_customer_sk,0,0,0,99.1004,1,8192,0,8192,5.0151,-95.9236,0
tpcds_79,c_customer_sk,0,0,0,99.1004,1,8192,0,8192,5.0222,-95.9306,0
tpcds_79,c_customer_sk,0,0,0,99.1004,1,8192,0,8192,5.0047,-95.9131,0
tpcds_79,c_customer_sk,0,0,0,99.1004,0,0,0,0,5.0075,-104.1079,0
tpcds_79,c_customer_sk,0,0,0,99.1004,1,8192,0,8192,5.0108,-95.9193,0
tpcds_79,c_customer_sk,0,0,0,99.1004,1,8192,0,8192,5.0741,-95.9825,0
tpcds_79,c_customer_sk,0,0,0,99.1004,1,8192,0,8192,5.0046,-95.9130,0
tpcds_79,c_customer_sk,0,0,0,99.1004,1,8192,0,8192,5.0104,-95.9188,0
tpcds_79,c_customer_sk,0,0,0,99.1004,1,8192,0,8192,5.0048,-95.9133,0
tpcds_79,c_customer_sk,0,0,0,99.1004,1,1696,0,1696,5.0816,-102.4860,0
tpcds_81,cr_returned_date_sk,0,0,0,0.2832,0,0,0,0,0.0762,-0.3595,0
tpcds_81,cr_returned_date_sk,0,0,0,0.2832,0,0,0,0,0.0969,-0.3801,0
tpcds_81,cr_returned_date_sk,0,0,0,0.2832,0,0,0,0,0.0433,-0.3265,0
tpcds_81,cr_returned_date_sk,0,0,0,0.2832,0,0,0,0,0.0458,-0.3290,0
tpcds_81,cr_returned_date_sk,0,0,0,0.2832,0,0,0,0,0.0370,-0.3202,0
tpcds_81,cr_returned_date_sk,0,0,0,0.2832,0,0,0,0,0.0357,-0.3189,0
tpcds_81,cr_returned_date_sk,0,0,0,0.2832,0,0,0,0,0.0398,-0.3231,0
tpcds_81,cr_returned_date_sk,0,0,0,0.2832,0,0,0,0,0.0316,-0.3148,0
tpcds_81,cr_returned_date_sk,0,0,0,0.2832,0,0,0,0,0.0326,-0.3158,0
tpcds_81,cr_returned_date_sk,0,0,0,0.2832,0,0,0,0,0.0458,-0.3291,0
tpcds_81,cr_returned_date_sk,0,0,0,0.2832,0,0,0,0,0.0343,-0.3175,0
tpcds_81,cr_returned_date_sk,0,0,0,0.2832,0,0,0,0,0.0362,-0.3194,0
tpcds_81,cr_returned_date_sk,0,0,0,0.2832,0,0,0,0,0.0334,-0.3167,0
tpcds_81,cr_returned_date_sk,0,0,0,0.2832,0,0,0,0,0.0504,-0.3336,0
tpcds_81,cr_returned_date_sk,0,0,0,0.2832,0,0,0,0,0.3150,-0.5982,0
tpcds_81,cr_returned_date_sk,0,0,0,0.2897,18,144067,0,144067,17.3854,126.3919,1
tpcds_81,cr_returned_date_sk,0,0,0,0.2832,18,144067,0,144067,16.8062,126.9776,1
tpcds_81,ca_address_sk,0,0,0,17.3518,1,8192,0,8192,4.0361,-13.1959,0
tpcds_81,ca_address_sk,0,0,0,17.3518,0,0,0,0,3.9845,-21.3362,0
tpcds_81,ca_address_sk,0,0,0,17.3518,0,0,0,0,3.8486,-21.2004,0
tpcds_81,ca_address_sk,0,0,0,17.3518,0,0,0,0,3.8531,-21.2049,0
tpcds_81,ca_address_sk,0,0,0,17.3518,1,8192,0,8192,3.9559,-13.1157,0
tpcds_81,ca_address_sk,0,0,0,17.3518,0,0,0,0,4.1344,-21.4862,0
tpcds_81,ca_address_sk,0,0,0,17.3518,0,0,0,0,3.9289,-21.2807,0
tpcds_81,ca_address_sk,0,0,0,17.3518,1,8192,0,8192,4.1095,-13.2693,0
tpcds_81,ca_address_sk,0,0,0,17.3518,0,0,0,0,3.9095,-21.2613,0
tpcds_81,ca_address_sk,0,0,0,17.3518,1,8192,0,8192,3.9194,-13.0792,0
tpcds_81,ca_address_sk,0,0,0,17.3518,0,0,0,0,4.0176,-21.3694,0
tpcds_81,ca_address_sk,0,0,0,17.3518,1,8192,0,8192,4.0671,-13.2269,0
tpcds_81,ca_address_sk,0,0,0,17.3518,1,8192,0,8192,3.9807,-13.1404,0
tpcds_81,ca_address_sk,0,0,0,17.3518,0,0,0,0,4.1302,-21.4820,0
tpcds_81,ca_address_sk,0,0,0,17.3518,0,0,0,0,4.0601,-21.4119,0
tpcds_81,ca_address_sk,0,0,0,17.3518,1,848,0,848,4.3942,-20.8980,0
tpcds_81,c_customer_sk,0,0,0,22.9068,1,8192,0,8192,13.3981,-28.1130,0
tpcds_81,c_customer_sk,0,0,0,22.9068,0,0,0,0,13.3804,-36.2872,0
tpcds_81,c_customer_sk,0,0,0,22.9068,1,8192,0,8192,13.4182,-28.1330,0
tpcds_81,c_customer_sk,0,0,0,22.9068,1,8192,0,8192,13.4369,-28.1518,0
tpcds_81,c_customer_sk,0,0,0,22.9068,1,8192,0,8192,13.3903,-28.1051,0
tpcds_81,c_customer_sk,0,0,0,22.9068,0,0,0,0,13.4291,-36.3359,0
tpcds_81,c_customer_sk,0,0,0,22.9068,1,8192,0,8192,13.4285,-28.1434,0
tpcds_81,c_customer_sk,0,0,0,22.9068,1,8192,0,8192,13.4360,-28.1508,0
tpcds_81,c_customer_sk,0,0,0,22.9068,1,8192,0,8192,13.4608,-28.1757,0
tpcds_81,c_customer_sk,0,0,0,22.9068,1,8192,0,8192,13.4450,-28.1598,0
tpcds_81,c_customer_sk,0,0,0,22.9068,1,8192,0,8192,13.4389,-28.1538,0
tpcds_81,c_customer_sk,0,0,0,22.9068,1,8192,0,8192,13.4904,-28.2052,0
tpcds_81,c_customer_sk,0,0,0,22.9068,1,8192,0,8192,13.4432,-28.1581,0
tpcds_81,c_customer_sk,0,0,0,22.9068,0,0,0,0,13.4448,-36.3516,0
tpcds_81,c_customer_sk,0,0,0,22.9068,1,8192,0,8192,13.4977,-28.2125,0
tpcds_81,c_customer_sk,0,0,0,22.9068,1,1696,0,1696,13.6335,-34.8444,0
tpcds_81,ca_address_sk,0,0,0,36.7332,0,0,0,0,0.1484,-36.8816,0
tpcds_81,ca_address_sk,0,0,0,36.7332,0,0,0,0,0.1693,-36.9026,0
tpcds_81,ca_address_sk,0,0,0,36.7332,0,0,0,0,0.1679,-36.9012,0
tpcds_81,ca_address_sk,0,0,0,36.7332,0,0,0,0,0.1837,-36.9169,0
tpcds_81,ca_address_sk,0,0,0,36.7332,0,0,0,0,0.1991,-36.9323,0
tpcds_81,ca_address_sk,0,0,0,36.7332,0,0,0,0,0.1948,-36.9281,0
tpcds_81,ca_address_sk,0,0,0,36.7332,0,0,0,0,0.1851,-36.9183,0
tpcds_81,ca_address_sk,0,0,0,36.7332,0,0,0,0,0.1894,-36.9226,0
tpcds_81,ca_address_sk,0,0,0,36.7332,0,0,0,0,0.1996,-36.9329,0
tpcds_81,ca_address_sk,0,0,0,36.7332,0,0,0,0,0.2051,-36.9383,0
tpcds_81,ca_address_sk,0,0,0,36.7332,0,0,0,0,0.2063,-36.9395,0
tpcds_81,ca_address_sk,0,0,0,36.7332,0,0,0,0,0.2124,-36.9456,0
tpcds_81,ca_address_sk,0,0,0,36.7332,0,0,0,0,0.2443,-36.9776,0
tpcds_81,ca_address_sk,0,0,0,36.7332,0,0,0,0,0.2259,-36.9591,0
tpcds_81,ca_address_sk,0,0,0,36.7332,0,0,0,0,0.2228,-36.9561,0
tpcds_81,ca_address_sk,0,0,0,36.7332,0,0,0,0,0.2338,-36.9670,0
tpcds_81,ctr_state,0,0,0,36.1788,0,0,0,0,2016.3202,-2052.4990,0
tpcds_81,ctr_state,0,0,0,36.1788,0,0,0,0,2016.2680,-2052.4468,0
tpcds_81,ctr_state,0,0,0,36.1788,0,0,0,0,2016.4603,-2052.6391,0
tpcds_81,ctr_state,0,0,0,36.1788,0,0,0,0,2016.4199,-2052.5988,0
tpcds_81,ctr_state,0,0,0,36.1788,0,0,0,0,2016.4794,-2052.6582,0
tpcds_81,ctr_state,0,0,0,36.1788,0,0,0,0,2016.4463,-2052.6251,0
tpcds_81,ctr_state,0,0,0,36.1788,0,0,0,0,2016.4421,-2052.6209,0
tpcds_81,ctr_state,0,0,0,36.1788,0,0,0,0,2016.4450,-2052.6238,0
tpcds_81,ctr_state,0,0,0,36.1788,0,0,0,0,2016.5394,-2052.7182,0
tpcds_81,ctr_state,0,0,0,36.1788,0,0,0,0,2016.4711,-2052.6499,0
tpcds_81,ctr_state,0,0,0,36.1788,0,0,0,0,2016.5261,-2052.7050,0
tpcds_81,ctr_state,0,0,0,36.1788,0,0,0,0,2016.4802,-2052.6590,0
tpcds_81,ctr_state,0,0,0,36.1788,0,0,0,0,2016.5338,-2052.7126,0
tpcds_81,ctr_state,0,0,0,36.1788,0,0,0,0,2016.5050,-2052.6838,0
tpcds_81,ctr_state,0,0,0,36.1788,0,0,0,0,2016.5501,-2052.7289,0
tpcds_81,ctr_state,0,0,0,36.1788,0,0,0,0,2016.5455,-2052.7243,0
tpcds_83,cr_item_sk,0,0,0,10.7203,0,0,0,0,0.3611,-11.0814,0
tpcds_83,cr_item_sk,0,0,0,10.7203,0,0,0,0,0.1645,-10.8848,0
tpcds_83,sr_item_sk,0,0,0,10.5162,0,0,0,0,0.1872,-10.7033,0
tpcds_83,cr_item_sk,0,0,0,10.7203,0,0,0,0,0.1578,-10.8781,0
tpcds_83,sr_item_sk,0,0,0,10.5162,0,0,0,0,0.0846,-10.6007,0
tpcds_83,cr_item_sk,0,0,0,10.7203,0,0,0,0,0.1114,-10.8317,0
tpcds_83,sr_item_sk,0,0,0,10.5162,0,0,0,0,0.0654,-10.5816,0
tpcds_83,cr_item_sk,0,0,0,10.7203,0,0,0,0,1.1142,-11.8345,0
tpcds_83,cr_item_sk,0,0,0,10.7203,0,0,0,0,0.0764,-10.7967,0
tpcds_83,sr_item_sk,0,0,0,10.5162,0,0,0,0,0.0642,-10.5804,0
tpcds_83,cr_item_sk,0,0,0,10.7203,0,0,0,0,0.0969,-10.8172,0
tpcds_83,cr_item_sk,0,0,0,10.7203,0,0,0,0,0.0747,-10.7950,0
tpcds_83,sr_item_sk,0,0,0,10.5162,0,0,0,0,0.0664,-10.5825,0
tpcds_83,cr_item_sk,0,0,0,10.7203,0,0,0,0,0.1129,-10.8332,0
tpcds_83,sr_item_sk,0,0,0,10.5162,0,0,0,0,0.0775,-10.5937,0
tpcds_83,sr_item_sk,0,0,0,10.5162,0,0,0,0,0.0680,-10.5841,0
tpcds_83,sr_item_sk,0,0,0,10.5162,0,0,0,0,0.0819,-10.5980,0
tpcds_83,sr_item_sk,0,0,0,10.5162,0,0,0,0,0.0607,-10.5769,0
tpcds_83,cr_item_sk,0,0,0,10.7203,0,0,0,0,0.0736,-10.7940,0
tpcds_83,sr_item_sk,0,0,0,10.5162,0,0,0,0,0.0588,-10.5750,0
tpcds_83,cr_item_sk,0,0,0,10.7203,0,0,0,0,0.0793,-10.7996,0
tpcds_83,sr_item_sk,0,0,0,10.5162,0,0,0,0,0.0805,-10.5967,0
tpcds_83,sr_item_sk,0,0,0,10.5162,0,0,0,0,0.1060,-10.6221,0
tpcds_83,sr_item_sk,0,0,0,10.5162,0,0,0,0,0.0670,-10.5832,0
tpcds_83,sr_item_sk,0,0,0,10.5162,0,0,0,0,0.0888,-10.6050,0
tpcds_83,sr_item_sk,0,0,0,10.5162,0,0,0,0,0.0668,-10.5830,0
tpcds_83,cr_item_sk,0,0,0,10.7203,0,0,0,0,2.0446,-12.7650,0
tpcds_83,cr_item_sk,0,0,0,10.7203,0,0,0,0,2.3524,-13.0728,0
tpcds_83,cr_item_sk,0,0,0,10.7203,0,0,0,0,0.1169,-10.8372,0
tpcds_83,cr_item_sk,0,0,0,10.7203,0,0,0,0,1.4723,-12.1926,0
tpcds_83,wr_item_sk,0,0,0,11.8581,0,0,0,0,24.1631,-36.0212,0
tpcds_83,wr_item_sk,0,0,0,11.8581,0,0,0,0,24.2096,-36.0678,0
tpcds_83,wr_item_sk,0,0,0,11.8581,0,0,0,0,24.2591,-36.1173,0
tpcds_83,wr_item_sk,0,0,0,11.8581,0,0,0,0,24.3096,-36.1678,0
tpcds_83,wr_item_sk,0,0,0,11.8581,1,8192,7832,360,24.2673,-35.7654,0
tpcds_83,wr_item_sk,0,0,0,11.8581,1,8192,7772,420,24.2796,-35.7178,0
tpcds_83,wr_item_sk,0,0,0,11.8581,1,8192,7801,391,24.2990,-35.7661,0
tpcds_83,wr_item_sk,0,0,0,11.8581,0,0,0,0,24.3133,-36.1715,0
tpcds_83,wr_item_sk,0,0,0,11.8581,1,8192,7811,381,24.3217,-35.7988,0
tpcds_83,wr_item_sk,0,0,0,11.8581,0,0,0,0,24.3214,-36.1795,0
tpcds_83,wr_item_sk,0,0,0,11.8581,1,8192,7857,335,24.3261,-35.8492,0
tpcds_83,wr_item_sk,0,0,0,11.8581,1,8192,7848,344,24.3499,-35.8640,0
tpcds_83,wr_item_sk,0,0,0,11.8581,1,8192,7834,358,24.3575,-35.8576,0
tpcds_83,wr_item_sk,0,0,0,11.8581,0,0,0,0,24.3512,-36.2094,0
tpcds_83,wr_item_sk,0,0,0,11.8581,1,8192,7839,353,24.5130,-36.0181,0
tpcds_83,wr_item_sk,0,0,0,11.8581,1,6227,5952,275,24.5822,-36.1653,0
tpcds_83,d_date_sk,0,0,0,37.9003,1,8192,0,8192,4.6825,-34.3908,0
tpcds_83,d_date_sk,0,0,0,37.9003,0,0,0,0,4.6742,-42.5745,0
tpcds_83,d_date_sk,0,0,0,37.9003,1,8192,0,8192,4.7224,-34.4307,0
tpcds_83,d_date_sk,0,0,0,37.9003,1,8192,0,8192,4.6908,-34.3991,0
tpcds_83,d_date_sk,0,0,0,37.9003,0,0,0,0,4.7193,-42.6196,0
tpcds_83,d_date_sk,0,0,0,37.9003,0,0,0,0,4.7231,-42.6234,0
tpcds_83,d_date_sk,0,0,0,37.9003,0,0,0,0,4.7421,-42.6424,0
tpcds_83,d_date_sk,0,0,0,37.9003,1,8192,0,8192,4.7365,-34.4448,0
tpcds_83,d_date_sk,0,0,0,37.9003,1,8192,0,8192,4.7436,-34.4519,0
tpcds_83,d_date_sk,0,0,0,37.9003,0,0,0,0,4.7254,-42.6257,0
tpcds_83,d_date_sk,0,0,0,37.9003,1,8192,0,8192,4.7366,-34.4449,0
tpcds_83,d_date_sk,0,0,0,37.9003,0,0,0,0,4.7409,-42.6411,0
tpcds_83,d_date_sk,0,0,0,37.9003,1,8192,0,8192,4.7731,-34.4814,0
tpcds_83,d_date_sk,0,0,0,37.9003,1,7513,0,7513,4.7867,-35.1739,0
tpcds_83,d_date_sk,0,0,0,37.9003,0,0,0,0,4.7570,-42.6573,0
tpcds_83,d_date_sk,0,0,0,37.9003,1,8192,0,8192,4.7923,-34.5006,0
tpcds_83,cr_item_sk,0,0,0,10.7203,18,144067,141248,2819,36.6012,-44.5025,0
tpcds_83,sr_item_sk,0,0,0,10.5162,36,287514,277498,10016,48.6399,-49.1400,0
tpcds_83,d_date_sk,0,0,0,62.3041,1,8192,0,8192,5.9421,-60.0542,0
tpcds_83,d_date_sk,0,0,0,62.3041,1,8192,0,8192,5.9488,-60.0609,0
tpcds_83,d_date_sk,0,0,0,62.3041,1,8192,0,8192,5.9858,-60.0979,0
tpcds_83,d_date_sk,0,0,0,62.3041,0,0,0,0,5.9934,-68.2976,0
tpcds_83,d_date_sk,0,0,0,62.3041,1,8192,0,8192,6.0039,-60.1160,0
tpcds_83,d_date_sk,0,0,0,62.3041,0,0,0,0,6.0158,-68.3199,0
tpcds_83,d_date_sk,0,0,0,62.3041,0,0,0,0,6.0236,-68.3278,0
tpcds_83,d_date_sk,0,0,0,62.3041,0,0,0,0,6.0268,-68.3309,0
tpcds_83,d_date_sk,0,0,0,62.3041,1,7513,0,7513,6.0273,-60.8185,0
tpcds_83,d_date_sk,0,0,0,62.3041,1,8192,0,8192,6.0564,-60.1685,0
tpcds_83,d_date_sk,0,0,0,62.3041,1,8192,0,8192,6.0496,-60.1618,0
tpcds_83,d_date_sk,0,0,0,62.3041,1,8192,0,8192,6.0521,-60.1643,0
tpcds_83,d_date_sk,0,0,0,62.3041,0,0,0,0,6.0869,-68.3910,0
tpcds_83,d_date_sk,0,0,0,62.3041,0,0,0,0,6.0577,-68.3618,0
tpcds_83,d_date_sk,0,0,0,62.3041,0,0,0,0,6.0567,-68.3608,0
tpcds_83,d_date_sk,0,0,0,62.3041,1,8192,0,8192,6.0724,-60.1845,0
tpcds_83,d_date_sk,0,0,0,0.0154,1,8192,0,8192,7.6599,0.5166,1
tpcds_83,d_date_sk,0,0,0,0.0154,0,0,0,0,7.6592,-7.6746,0
tpcds_83,d_date_sk,0,0,0,0.0154,0,0,0,0,7.6013,-7.6167,0
tpcds_83,d_date_sk,0,0,0,0.0154,0,0,0,0,7.7164,-7.7318,0
tpcds_83,d_date_sk,0,0,0,0.0154,0,0,0,0,7.6683,-7.6837,0
tpcds_83,d_date_sk,0,0,0,0.0154,1,8192,0,8192,7.7304,0.4461,1
tpcds_83,d_date_sk,0,0,0,0.0154,1,8192,0,8192,7.7017,0.4749,1
tpcds_83,d_date_sk,0,0,0,0.0154,1,8192,0,8192,7.7420,0.4346,1
tpcds_83,d_date_sk,0,0,0,0.0154,1,8192,0,8192,7.7666,0.4100,1
tpcds_83,d_date_sk,0,0,0,0.0154,0,0,0,0,7.8013,-7.8168,0
tpcds_83,d_date_sk,0,0,0,0.0154,1,8192,0,8192,7.7810,0.3956,1
tpcds_83,d_date_sk,0,0,0,0.0154,0,0,0,0,7.8041,-7.8196,0
tpcds_83,d_date_sk,0,0,0,0.0154,1,7513,0,7513,7.8130,-0.3154,0
tpcds_83,d_date_sk,0,0,0,0.0154,1,8192,0,8192,7.8214,0.3552,1
tpcds_83,d_date_sk,0,0,0,0.0154,0,0,0,0,7.8498,-7.8652,0
tpcds_83,d_date_sk,0,0,0,0.0154,1,8192,0,8192,7.8173,0.3593,1
tpcds_83,item_id,0,0,0,25.2838,0,0,0,0,8.0903,-33.3741,0
tpcds_83,item_id,0,0,0,46.9761,0,0,0,0,33.6303,-80.6063,0
tpcds_83,item_id,0,0,0,25.2838,0,0,0,0,8.1682,-33.4520,0
tpcds_83,item_id,0,0,0,25.2838,0,0,0,0,8.2038,-33.4876,0
tpcds_83,item_id,0,0,0,46.9761,0,0,0,0,33.6579,-80.6339,0
tpcds_83,item_id,0,0,0,46.9761,0,0,0,0,33.6380,-80.6141,0
tpcds_83,item_id,0,0,0,25.2838,0,0,0,0,8.2798,-33.5636,0
tpcds_83,item_id,0,0,0,25.2838,0,0,0,0,8.1160,-33.3998,0
tpcds_83,item_id,0,0,0,46.9761,0,0,0,0,33.6739,-80.6499,0
tpcds_83,item_id,0,0,0,25.2838,0,0,0,0,8.1638,-33.4476,0
tpcds_83,item_id,0,0,0,46.9761,0,0,0,0,33.6743,-80.6504,0
tpcds_83,item_id,0,0,0,25.2838,0,0,0,0,8.3800,-33.6638,0
tpcds_83,item_id,0,0,0,25.2838,0,0,0,0,8.1441,-33.4279,0
tpcds_83,item_id,0,0,0,46.9761,0,0,0,0,33.7001,-80.6762,0
tpcds_83,item_id,0,0,0,46.9761,0,0,0,0,33.6884,-80.6645,0
tpcds_83,item_id,0,0,0,46.9761,0,0,0,0,33.7083,-80.6844,0
tpcds_83,item_id,0,0,0,25.2838,0,0,0,0,8.1401,-33.4239,0
tpcds_83,item_id,0,0,0,25.2838,0,0,0,0,8.2863,-33.5701,0
tpcds_83,item_id,0,0,0,46.9761,0,0,0,0,33.7153,-80.6914,0
tpcds_83,item_id,0,0,0,25.2838,0,0,0,0,8.1445,-33.4283,0
tpcds_83,item_id,0,0,0,25.2838,0,0,0,0,8.1506,-33.4345,0
tpcds_83,item_id,0,0,0,25.2838,0,0,0,0,8.1603,-33.4441,0
tpcds_83,item_id,0,0,0,46.9761,0,0,0,0,33.7182,-80.6943,0
tpcds_83,item_id,0,0,0,46.9761,0,0,0,0,33.7283,-80.7044,0
tpcds_83,item_id,0,0,0,46.9761,0,0,0,0,33.7294,-80.7054,0
tpcds_83,item_id,0,0,0,25.2838,0,0,0,0,8.2548,-33.5386,0
tpcds_83,item_id,0,0,0,46.9761,0,0,0,0,33.7219,-80.6980,0
tpcds_83,item_id,0,0,0,46.9761,0,0,0,0,33.7258,-80.7019,0
tpcds_83,item_id,0,0,0,25.2838,0,0,0,0,8.2140,-33.4978,0
tpcds_83,item_id,0,0,0,25.2838,0,0,0,0,8.3550,-33.6389,0
tpcds_83,item_id,0,0,0,46.9761,0,0,0,0,33.7644,-80.7405,0
tpcds_83,item_id,0,0,0,46.9761,0,0,0,0,33.7654,-80.7415,0
tpcds_84,c_current_addr_sk,0,0,0,8.1012,0,0,0,0,26.6849,-34.7861,0
tpcds_84,c_current_addr_sk,0,0,0,8.1012,1,8192,7934,258,26.6935,-34.5367,0
tpcds_84,c_current_addr_sk,0,0,0,8.1012,1,8192,7900,292,26.7264,-34.5356,0
tpcds_84,c_current_addr_sk,0,0,0,8.1012,0,0,0,0,26.7322,-34.8334,0
tpcds_84,c_current_addr_sk,0,0,0,8.1012,1,8192,7920,272,26.7574,-34.5866,0
tpcds_84,c_current_addr_sk,0,0,0,8.1012,1,8192,7917,275,26.8026,-34.6288,0
tpcds_84,c_current_addr_sk,0,0,0,8.1012,1,8192,7909,283,26.8526,-34.6708,0
tpcds_84,c_current_addr_sk,0,0,0,8.1012,0,0,0,0,26.8631,-34.9643,0
tpcds_84,c_current_addr_sk,0,0,0,8.1012,1,8192,7901,291,26.8842,-34.6944,0
tpcds_84,c_current_addr_sk,0,0,0,8.1012,1,8192,7930,262,26.8617,-34.7009,0
tpcds_84,c_current_addr_sk,0,0,0,8.1012,1,8192,7894,298,26.9085,-34.7117,0
tpcds_84,c_current_addr_sk,0,0,0,8.1012,1,8192,7914,278,26.9026,-34.7258,0
tpcds_84,c_current_addr_sk,0,0,0,8.1012,1,8192,7898,294,26.8843,-34.6915,0
tpcds_84,c_current_addr_sk,0,0,0,8.1012,1,8192,7900,292,26.9104,-34.7196,0
tpcds_84,c_current_addr_sk,0,0,0,8.1012,1,8192,7904,288,26.7558,-34.5690,0
tpcds_84,c_current_addr_sk,0,0,0,8.1012,1,1696,1636,60,27.0917,-35.1329,0
tpcds_84,cd_demo_sk,0,0,0,35.3728,15,122880,0,122880,5.2898,82.2174,1
tpcds_84,cd_demo_sk,0,0,0,35.3728,14,114688,0,114688,5.3009,74.0143,1
tpcds_84,cd_demo_sk,0,0,0,35.3728,15,122880,0,122880,5.3327,82.1744,1
tpcds_84,cd_demo_sk,0,0,0,35.3728,15,122880,0,122880,5.3076,82.1996,1
tpcds_84,cd_demo_sk,0,0,0,35.3728,14,114688,0,114688,5.3448,73.9704,1
tpcds_84,cd_demo_sk,0,0,0,35.3728,14,114688,0,114688,5.3708,73.9444,1
tpcds_84,cd_demo_sk,0,0,0,35.3728,14,114688,0,114688,5.3680,73.9471,1
tpcds_84,cd_demo_sk,0,0,0,35.3728,15,122880,0,122880,5.3885,82.1187,1
tpcds_84,cd_demo_sk,0,0,0,35.3728,15,122880,0,122880,5.3789,82.1283,1
tpcds_84,cd_demo_sk,0,0,0,35.3728,15,122880,0,122880,5.3850,82.1222,1
tpcds_84,cd_demo_sk,0,0,0,35.3728,15,122880,0,122880,5.3726,82.1345,1
tpcds_84,cd_demo_sk,0,0,0,35.3728,15,122880,0,122880,5.3892,82.1180,1
tpcds_84,cd_demo_sk,0,0,0,35.3728,15,122880,0,122880,5.4048,82.1023,1
tpcds_84,cd_demo_sk,0,0,0,35.3728,14,114688,0,114688,5.4270,73.8882,1
tpcds_84,cd_demo_sk,0,0,0,35.3728,15,122880,0,122880,5.5219,81.9853,1
tpcds_84,cd_demo_sk,0,0,0,35.3728,15,118560,0,118560,5.5171,77.6701,1
tpcds_84,hd_demo_sk,0,0,0,41.7306,1,7200,0,7200,6.7537,-41.2843,0
tpcds_84,ib_income_band_sk,0,0,0,48.5457,0,0,0,0,5.7378,-54.2835,0
tpcds_84,ib_income_band_sk,0,0,0,48.5457,0,0,0,0,5.6802,-54.2259,0
tpcds_84,ib_income_band_sk,0,0,0,48.5457,0,0,0,0,5.7222,-54.2679,0
tpcds_84,ib_income_band_sk,0,0,0,48.5457,0,0,0,0,5.7693,-54.3150,0
tpcds_84,ib_income_band_sk,0,0,0,48.5457,0,0,0,0,5.7873,-54.3331,0
tpcds_84,ib_income_band_sk,0,0,0,48.5457,0,0,0,0,5.7367,-54.2824,0
tpcds_84,ib_income_band_sk,0,0,0,48.5457,0,0,0,0,5.7922,-54.3379,0
tpcds_84,ib_income_band_sk,0,0,0,48.5457,0,0,0,0,5.7632,-54.3090,0
tpcds_84,ib_income_band_sk,0,0,0,48.5457,0,0,0,0,5.7752,-54.3209,0
tpcds_84,ib_income_band_sk,0,0,0,48.5457,0,0,0,0,5.7810,-54.3268,0
tpcds_84,ib_income_band_sk,0,0,0,48.5457,0,0,0,0,5.8234,-54.3691,0
tpcds_84,ib_income_band_sk,0,0,0,48.5457,0,0,0,0,5.8301,-54.3758,0
tpcds_84,ib_income_band_sk,0,0,0,48.5457,0,0,0,0,5.7956,-54.3414,0
tpcds_84,ib_income_band_sk,0,0,0,48.5457,0,0,0,0,5.8450,-54.3907,0
tpcds_84,ib_income_band_sk,0,0,0,48.5457,0,0,0,0,5.8236,-54.3693,0
tpcds_84,ib_income_band_sk,0,0,0,48.5457,0,0,0,0,5.8671,-54.4129,0
tpcds_84,sr_cdemo_sk,0,0,0,53.5941,0,0,0,0,0.1479,-53.7420,0
tpcds_84,sr_cdemo_sk,0,0,0,53.5941,0,0,0,0,0.1049,-53.6990,0
tpcds_84,sr_cdemo_sk,0,0,0,53.5941,0,0,0,0,0.1351,-53.7292,0
tpcds_84,sr_cdemo_sk,0,0,0,53.5941,0,0,0,0,0.0670,-53.6611,0
tpcds_84,sr_cdemo_sk,0,0,0,53.5941,0,0,0,0,0.1949,-53.7890,0
tpcds_84,sr_cdemo_sk,0,0,0,53.5941,0,0,0,0,0.0657,-53.6598,0
tpcds_84,sr_cdemo_sk,0,0,0,53.5941,0,0,0,0,0.0593,-53.6534,0
tpcds_84,sr_cdemo_sk,0,0,0,53.5941,0,0,0,0,0.0432,-53.6373,0
tpcds_84,sr_cdemo_sk,0,0,0,53.5941,0,0,0,0,0.1004,-53.6945,0
tpcds_84,sr_cdemo_sk,0,0,0,53.5941,0,0,0,0,0.0741,-53.6682,0
tpcds_84,sr_cdemo_sk,0,0,0,53.5941,0,0,0,0,0.0772,-53.6713,0
tpcds_84,sr_cdemo_sk,0,0,0,53.5941,0,0,0,0,0.0534,-53.6475,0
tpcds_84,sr_cdemo_sk,0,0,0,53.5941,0,0,0,0,0.0634,-53.6575,0
tpcds_84,sr_cdemo_sk,0,0,0,53.5941,0,0,0,0,0.0742,-53.6683,0
tpcds_84,sr_cdemo_sk,0,0,0,53.5941,0,0,0,0,0.1070,-53.7011,0
tpcds_84,sr_cdemo_sk,0,0,0,53.5941,36,287514,277393,10121,18.5229,-61.9960,0
tpcds_85,r_reason_sk,0,0,0,2000.7937,1,35,0,35,0.1346,-2000.8933,0
tpcds_86,ws_sold_date_sk,0,0,0,3.8902,0,0,0,0,0.2502,-4.1404,0
tpcds_86,ws_sold_date_sk,0,0,0,3.8902,0,0,0,0,0.3996,-4.2899,0
tpcds_86,ws_sold_date_sk,0,0,0,3.8902,0,0,0,0,0.1132,-4.0034,0
tpcds_86,ws_sold_date_sk,0,0,0,3.8902,0,0,0,0,0.4687,-4.3590,0
tpcds_86,ws_sold_date_sk,0,0,0,3.8902,0,0,0,0,0.1098,-4.0000,0
tpcds_86,ws_sold_date_sk,0,0,0,3.8902,0,0,0,0,0.1204,-4.0107,0
tpcds_86,ws_sold_date_sk,0,0,0,3.8902,0,0,0,0,0.1026,-3.9928,0
tpcds_86,ws_sold_date_sk,0,0,0,3.8902,0,0,0,0,0.1005,-3.9907,0
tpcds_86,ws_sold_date_sk,0,0,0,3.8902,0,0,0,0,0.1086,-3.9988,0
tpcds_86,ws_sold_date_sk,0,0,0,3.8902,0,0,0,0,0.1325,-4.0228,0
tpcds_86,ws_sold_date_sk,0,0,0,3.8902,0,0,0,0,0.1078,-3.9980,0
tpcds_86,ws_sold_date_sk,0,0,0,3.8902,0,0,0,0,0.1002,-3.9904,0
tpcds_86,ws_sold_date_sk,0,0,0,3.8902,0,0,0,0,0.1018,-3.9920,0
tpcds_86,ws_sold_date_sk,0,0,0,3.8902,0,0,0,0,0.1017,-3.9919,0
tpcds_86,ws_sold_date_sk,0,0,0,3.8902,0,0,0,0,0.0904,-3.9807,0
tpcds_86,ws_sold_date_sk,0,0,0,3.8902,88,719384,719197,187,40.2204,-43.9236,0
tpcds_86,i_item_sk,0,0,0,44.2579,1,8192,0,8192,3.5149,-39.5809,0
tpcds_86,i_item_sk,0,0,0,44.2579,0,0,0,0,3.4997,-47.7577,0
tpcds_86,i_item_sk,0,0,0,44.2579,1,8192,0,8192,3.5376,-39.6035,0
tpcds_86,i_item_sk,0,0,0,44.2579,0,0,0,0,3.5631,-47.8211,0
tpcds_86,i_item_sk,0,0,0,44.2579,0,0,0,0,3.5794,-47.8374,0
tpcds_86,i_item_sk,0,0,0,44.2579,0,0,0,0,3.5749,-47.8328,0
tpcds_86,i_item_sk,0,0,0,44.2579,0,0,0,0,3.6292,-47.8872,0
tpcds_86,i_item_sk,0,0,0,44.2579,0,0,0,0,3.5774,-47.8354,0
tpcds_86,i_item_sk,0,0,0,44.2579,1,1616,0,1616,3.5831,-46.2250,0
tpcds_86,i_item_sk,0,0,0,44.2579,0,0,0,0,3.6006,-47.8585,0
tpcds_86,i_item_sk,0,0,0,44.2579,0,0,0,0,3.5915,-47.8494,0
tpcds_86,i_item_sk,0,0,0,44.2579,0,0,0,0,3.6060,-47.8639,0
tpcds_86,i_item_sk,0,0,0,44.2579,0,0,0,0,3.6537,-47.9117,0
tpcds_86,i_item_sk,0,0,0,44.2579,0,0,0,0,3.6190,-47.8770,0
tpcds_86,i_item_sk,0,0,0,44.2579,0,0,0,0,3.6294,-47.8873,0
tpcds_86,i_item_sk,0,0,0,44.2579,0,0,0,0,3.6294,-47.8873,0
tpcds_89,ss_item_sk,0,0,0,0.3115,0,0,0,0,0.0849,-0.3964,0
tpcds_89,ss_item_sk,0,0,0,0.3115,0,0,0,0,0.1157,-0.4272,0
tpcds_89,ss_item_sk,0,0,0,0.3115,0,0,0,0,0.0352,-0.3467,0
tpcds_89,ss_item_sk,0,0,0,0.3115,0,0,0,0,0.0401,-0.3516,0
tpcds_89,ss_item_sk,0,0,0,0.3115,0,0,0,0,0.1366,-0.4481,0
tpcds_89,ss_item_sk,0,0,0,0.3115,0,0,0,0,0.1423,-0.4538,0
tpcds_89,ss_item_sk,0,0,0,0.3115,0,0,0,0,0.0559,-0.3674,0
tpcds_89,ss_item_sk,0,0,0,0.3115,0,0,0,0,0.0331,-0.3446,0
tpcds_89,ss_item_sk,0,0,0,0.3115,0,0,0,0,0.0317,-0.3432,0
tpcds_89,ss_item_sk,0,0,0,0.3115,0,0,0,0,0.0308,-0.3423,0
tpcds_89,ss_item_sk,0,0,0,0.3115,0,0,0,0,0.0243,-0.3358,0
tpcds_89,ss_item_sk,0,0,0,0.3115,0,0,0,0,0.2311,-0.5426,0
tpcds_89,ss_item_sk,0,0,0,0.3115,0,0,0,0,0.3208,-0.6323,0
tpcds_89,ss_item_sk,0,0,0,0.3115,96,783252,747740,35512,45.4755,-10.2750,0
tpcds_89,ss_item_sk,0,0,0,0.3115,128,1048576,1001547,47029,58.0395,-11.3220,0
tpcds_89,ss_item_sk,0,0,0,0.3115,128,1048576,1001365,47211,57.9741,-11.0746,0
tpcds_89,d_date_sk,0,0,0,58.7993,0,0,0,0,0.1548,-58.9541,0
tpcds_89,d_date_sk,0,0,0,58.7993,0,0,0,0,0.1911,-58.9904,0
tpcds_89,d_date_sk,0,0,0,58.7993,0,0,0,0,0.1809,-58.9802,0
tpcds_89,d_date_sk,0,0,0,58.7993,0,0,0,0,0.1973,-58.9966,0
tpcds_89,d_date_sk,0,0,0,58.7993,0,0,0,0,0.1882,-58.9875,0
tpcds_89,d_date_sk,0,0,0,58.7993,0,0,0,0,0.1929,-58.9922,0
tpcds_89,d_date_sk,0,0,0,58.7993,0,0,0,0,0.2014,-59.0007,0
tpcds_89,d_date_sk,0,0,0,58.7993,0,0,0,0,0.2076,-59.0069,0
tpcds_89,d_date_sk,0,0,0,58.7993,0,0,0,0,0.1989,-58.9982,0
tpcds_89,d_date_sk,0,0,0,58.7993,0,0,0,0,0.1990,-58.9983,0
tpcds_89,d_date_sk,0,0,0,58.7993,0,0,0,0,0.2040,-59.0033,0
tpcds_89,d_date_sk,0,0,0,58.7993,0,0,0,0,0.2154,-59.0147,0
tpcds_89,d_date_sk,0,0,0,58.7993,0,0,0,0,0.2139,-59.0131,0
tpcds_89,d_date_sk,0,0,0,58.7993,0,0,0,0,0.2136,-59.0129,0
tpcds_89,d_date_sk,0,0,0,58.7993,0,0,0,0,0.2215,-59.0207,0
tpcds_89,d_date_sk,0,0,0,58.7993,0,0,0,0,0.2191,-59.0183,0
tpcds_89,s_store_sk,0,0,0,59.4108,1,12,0,12,8.1626,-67.5614,0
tpcds_90,ws_ship_hdemo_sk,0,0,0,0.2844,0,0,0,0,0.0928,-0.3771,0
tpcds_90,ws_ship_hdemo_sk,0,0,0,0.2844,0,0,0,0,0.1106,-0.3950,0
tpcds_90,ws_ship_hdemo_sk,0,0,0,0.2844,0,0,0,0,0.0353,-0.3196,0
tpcds_90,ws_ship_hdemo_sk,0,0,0,0.2844,0,0,0,0,0.0350,-0.3194,0
tpcds_90,ws_ship_hdemo_sk,0,0,0,0.2844,0,0,0,0,0.0295,-0.3139,0
tpcds_90,ws_ship_hdemo_sk,0,0,0,0.2844,0,0,0,0,0.0452,-0.3296,0
tpcds_90,ws_ship_hdemo_sk,0,0,0,0.2844,0,0,0,0,0.0280,-0.3124,0
tpcds_90,ws_ship_hdemo_sk,0,0,0,0.2844,0,0,0,0,0.0354,-0.3198,0
tpcds_90,ws_ship_hdemo_sk,0,0,0,0.2844,0,0,0,0,0.0287,-0.3131,0
tpcds_90,ws_ship_hdemo_sk,0,0,0,0.2844,0,0,0,0,0.0619,-0.3462,0
tpcds_90,ws_ship_hdemo_sk,0,0,0,0.2844,0,0,0,0,0.0482,-0.3325,0
tpcds_90,ws_ship_hdemo_sk,0,0,0,0.2844,0,0,0,0,0.0300,-0.3144,0
tpcds_90,ws_ship_hdemo_sk,0,0,0,0.2844,0,0,0,0,0.0381,-0.3225,0
tpcds_90,ws_ship_hdemo_sk,0,0,0,3.4615,0,0,0,0,0.0771,-3.5386,0
tpcds_90,ws_ship_hdemo_sk,0,0,0,3.4615,0,0,0,0,0.0604,-3.5219,0
tpcds_90,ws_ship_hdemo_sk,0,0,0,3.4615,0,0,0,0,0.0340,-3.4956,0
tpcds_90,ws_ship_hdemo_sk,0,0,0,3.4615,0,0,0,0,0.0481,-3.5096,0
tpcds_90,ws_ship_hdemo_sk,0,0,0,3.4615,0,0,0,0,0.0450,-3.5065,0
tpcds_90,ws_ship_hdemo_sk,0,0,0,3.4615,0,0,0,0,0.0746,-3.5361,0
tpcds_90,ws_ship_hdemo_sk,0,0,0,3.4615,0,0,0,0,0.0353,-3.4969,0
tpcds_90,ws_ship_hdemo_sk,0,0,0,3.4615,0,0,0,0,0.0333,-3.4949,0
tpcds_90,ws_ship_hdemo_sk,0,0,0,3.4615,0,0,0,0,0.0292,-3.4907,0
tpcds_90,ws_ship_hdemo_sk,0,0,0,3.4615,0,0,0,0,0.0509,-3.5124,0
tpcds_90,ws_ship_hdemo_sk,0,0,0,3.4615,0,0,0,0,0.0306,-3.4921,0
tpcds_90,ws_ship_hdemo_sk,0,0,0,3.4615,0,0,0,0,0.0293,-3.4908,0
tpcds_90,ws_ship_hdemo_sk,0,0,0,3.4615,0,0,0,0,0.0331,-3.4946,0
tpcds_90,ws_ship_hdemo_sk,0,0,0,3.4615,0,0,0,0,0.0300,-3.4915,0
tpcds_90,ws_ship_hdemo_sk,0,0,0,3.4615,0,0,0,0,0.0281,-3.4897,0
tpcds_90,ws_ship_hdemo_sk,0,0,0,3.4615,88,719384,719206,178,42.7185,-46.0020,0
tpcds_90,ws_ship_hdemo_sk,0,0,0,0.2844,88,719384,719206,178,45.4467,-45.5531,0
tpcds_90,t_time_sk,0,0,0,43.2065,1,240,0,240,3.5178,-46.4843,0
tpcds_90,ws_web_page_sk,0,0,0,3.2132,0,0,0,0,46.8041,-50.0173,0
tpcds_90,t_time_sk,0,0,0,43.2065,1,360,0,360,3.5378,-46.3843,0
tpcds_90,t_time_sk,0,0,0,43.2065,1,240,0,240,3.5720,-46.5385,0
tpcds_90,ws_web_page_sk,0,0,0,3.2132,0,0,0,0,46.8190,-50.0322,0
tpcds_90,ws_web_page_sk,0,0,0,3.2132,0,0,0,0,46.8323,-50.0455,0
tpcds_90,t_time_sk,0,0,0,43.2065,0,0,0,0,3.5558,-46.7623,0
tpcds_90,t_time_sk,0,0,0,43.2065,0,0,0,0,3.5726,-46.7792,0
tpcds_90,t_time_sk,0,0,0,43.2065,0,0,0,0,3.5622,-46.7687,0
tpcds_90,ws_web_page_sk,0,0,0,3.2132,0,0,0,0,46.8445,-50.0577,0
tpcds_90,t_time_sk,0,0,0,43.2065,1,240,0,240,3.5797,-46.5462,0
tpcds_90,ws_web_page_sk,0,0,0,3.2132,0,0,0,0,46.8453,-50.0585,0
tpcds_90,ws_web_page_sk,0,0,0,3.2132,0,0,0,0,46.8403,-50.0535,0
tpcds_90,ws_web_page_sk,0,0,0,3.2132,0,0,0,0,46.8520,-50.0652,0
tpcds_90,t_time_sk,0,0,0,43.2065,1,360,0,360,3.5733,-46.4198,0
tpcds_90,t_time_sk,0,0,0,43.2065,1,240,0,240,3.5886,-46.5552,0
tpcds_90,t_time_sk,0,0,0,43.2065,1,240,0,240,3.5932,-46.5598,0
tpcds_90,ws_web_page_sk,0,0,0,3.2132,0,0,0,0,46.8669,-50.0802,0
tpcds_90,ws_web_page_sk,0,0,0,3.2132,0,0,0,0,46.8665,-50.0797,0
tpcds_90,ws_web_page_sk,0,0,0,3.2132,0,0,0,0,46.8661,-50.0793,0
tpcds_90,t_time_sk,0,0,0,43.2065,0,0,0,0,3.5858,-46.7923,0
tpcds_90,t_time_sk,0,0,0,43.2065,0,0,0,0,3.6096,-46.8161,0
tpcds_90,ws_web_page_sk,0,0,0,3.2132,0,0,0,0,46.8819,-50.0952,0
tpcds_90,t_time_sk,0,0,0,43.2065,1,240,0,240,3.5739,-46.5404,0
tpcds_90,ws_web_page_sk,0,0,0,3.2132,0,0,0,0,46.8822,-50.0954,0
tpcds_90,ws_web_page_sk,0,0,0,3.2132,0,0,0,0,46.8726,-50.0858,0
tpcds_90,t_time_sk,0,0,0,43.2065,1,120,0,120,3.6263,-46.7128,0
tpcds_90,ws_web_page_sk,0,0,0,3.2132,0,0,0,0,46.9050,-50.1182,0
tpcds_90,t_time_sk,0,0,0,43.2065,1,360,0,360,3.6581,-46.5046,0
tpcds_90,ws_web_page_sk,0,0,0,3.2132,0,0,0,0,46.9277,-50.1409,0
tpcds_90,t_time_sk,0,0,0,43.2065,1,240,0,240,3.6861,-46.6527,0
tpcds_90,ws_web_page_sk,0,0,0,3.2132,0,0,0,0,46.9859,-50.1991,0
tpcds_91,cr_call_center_sk,0,0,0,5.5229,0,0,0,0,0.1901,-5.7130,0
tpcds_91,cr_call_center_sk,0,0,0,5.5229,0,0,0,0,0.1861,-5.7090,0
tpcds_91,cr_call_center_sk,0,0,0,5.5229,0,0,0,0,0.1540,-5.6769,0
tpcds_91,cr_call_center_sk,0,0,0,5.5229,0,0,0,0,0.0742,-5.5971,0
tpcds_91,cr_call_center_sk,0,0,0,5.5229,0,0,0,0,0.1107,-5.6336,0
tpcds_91,cr_call_center_sk,0,0,0,5.5229,0,0,0,0,0.1277,-5.6506,0
tpcds_91,cr_call_center_sk,0,0,0,5.5229,0,0,0,0,0.1359,-5.6589,0
tpcds_91,cr_call_center_sk,0,0,0,5.5229,0,0,0,0,0.2645,-5.7874,0
tpcds_91,cr_call_center_sk,0,0,0,5.5229,0,0,0,0,0.3410,-5.8639,0
tpcds_91,cr_call_center_sk,0,0,0,5.5229,0,0,0,0,0.5147,-6.0376,0
tpcds_91,cr_call_center_sk,0,0,0,5.5229,0,0,0,0,0.1385,-5.6614,0
tpcds_91,cr_call_center_sk,0,0,0,5.5229,0,0,0,0,0.3426,-5.8655,0
tpcds_91,cr_call_center_sk,0,0,0,5.5229,0,0,0,0,0.4247,-5.9476,0
tpcds_91,cr_call_center_sk,0,0,0,5.5229,0,0,0,0,0.6806,-6.2035,0
tpcds_91,cr_call_center_sk,0,0,0,5.5229,0,0,0,0,0.3809,-5.9038,0
tpcds_91,cr_call_center_sk,0,0,0,5.5229,18,144067,141190,2877,35.5877,-38.2336,0
tpcds_91,d_date_sk,0,0,0,33.0352,0,0,0,0,0.2935,-33.3287,0
tpcds_91,d_date_sk,0,0,0,33.0352,0,0,0,0,0.2668,-33.3021,0
tpcds_91,d_date_sk,0,0,0,33.0352,0,0,0,0,0.2701,-33.3053,0
tpcds_91,d_date_sk,0,0,0,33.0352,0,0,0,0,0.3076,-33.3428,0
tpcds_91,d_date_sk,0,0,0,33.0352,0,0,0,0,0.2984,-33.3336,0
tpcds_91,d_date_sk,0,0,0,33.0352,0,0,0,0,0.3488,-33.3840,0
tpcds_91,d_date_sk,0,0,0,33.0352,0,0,0,0,0.2860,-33.3212,0
tpcds_91,d_date_sk,0,0,0,33.0352,0,0,0,0,0.3191,-33.3543,0
tpcds_91,d_date_sk,0,0,0,33.0352,0,0,0,0,0.4056,-33.4408,0
tpcds_91,d_date_sk,0,0,0,33.0352,0,0,0,0,0.3602,-33.3954,0
tpcds_91,d_date_sk,0,0,0,33.0352,0,0,0,0,0.3566,-33.3918,0
tpcds_91,d_date_sk,0,0,0,33.0352,0,0,0,0,0.4349,-33.4701,0
tpcds_91,d_date_sk,0,0,0,33.0352,0,0,0,0,0.4117,-33.4469,0
tpcds_91,d_date_sk,0,0,0,33.0352,0,0,0,0,0.4534,-33.4886,0
tpcds_91,d_date_sk,0,0,0,33.0352,0,0,0,0,0.4466,-33.4819,0
tpcds_91,d_date_sk,0,0,0,33.0352,0,0,0,0,0.4326,-33.4679,0
tpcds_91,c_current_addr_sk,0,0,0,0.0128,0,0,0,0,34.0809,-34.0937,0
tpcds_91,c_current_addr_sk,0,0,0,0.0128,0,0,0,0,34.2135,-34.2263,0
tpcds_91,c_current_addr_sk,0,0,0,0.0128,0,0,0,0,34.2153,-34.2281,0
tpcds_91,c_current_addr_sk,0,0,0,0.0128,0,0,0,0,34.2592,-34.2720,0
tpcds_91,c_current_addr_sk,0,0,0,0.0128,0,0,0,0,34.3910,-34.4038,0
tpcds_91,c_current_addr_sk,0,0,0,0.0128,0,0,0,0,34.4152,-34.4279,0
tpcds_91,c_current_addr_sk,0,0,0,0.0128,0,0,0,0,34.3665,-34.3792,0
tpcds_91,c_current_addr_sk,0,0,0,0.0128,0,0,0,0,34.3316,-34.3443,0
tpcds_91,c_current_addr_sk,0,0,0,0.0128,0,0,0,0,34.3147,-34.3275,0
tpcds_91,c_current_addr_sk,0,0,0,0.0128,0,0,0,0,34.3501,-34.3629,0
tpcds_91,c_current_addr_sk,0,0,0,0.0128,0,0,0,0,34.3085,-34.3213,0
tpcds_91,c_current_addr_sk,0,0,0,0.0128,0,0,0,0,34.3458,-34.3586,0
tpcds_91,c_current_addr_sk,0,0,0,0.0128,0,0,0,0,34.4772,-34.4900,0
tpcds_91,c_current_addr_sk,0,0,0,0.0128,0,0,0,0,34.3486,-34.3613,0
tpcds_91,c_current_addr_sk,0,0,0,0.0128,0,0,0,0,34.3391,-34.3519,0
tpcds_91,c_current_addr_sk,0,0,0,0.0128,0,0,0,0,34.3662,-34.3790,0
tpcds_91,c_current_hdemo_sk,0,0,0,6.4186,0,0,0,0,35.3070,-41.7256,0
tpcds_91,c_current_hdemo_sk,0,0,0,6.4186,0,0,0,0,35.3931,-41.8116,0
tpcds_91,c_current_hdemo_sk,0,0,0,6.4186,0,0,0,0,35.2585,-41.6771,0
tpcds_91,c_current_hdemo_sk,0,0,0,6.4186,0,0,0,0,35.2624,-41.6810,0
tpcds_91,c_current_hdemo_sk,0,0,0,6.4186,0,0,0,0,35.3600,-41.7786,0
tpcds_91,c_current_hdemo_sk,0,0,0,6.4186,0,0,0,0,35.3105,-41.7290,0
tpcds_91,c_current_hdemo_sk,0,0,0,6.4186,0,0,0,0,35.3621,-41.7807,0
tpcds_91,c_current_hdemo_sk,0,0,0,6.4186,0,0,0,0,35.3082,-41.7268,0
tpcds_91,c_current_hdemo_sk,0,0,0,6.4186,0,0,0,0,35.3348,-41.7534,0
tpcds_91,c_current_hdemo_sk,0,0,0,6.4186,0,0,0,0,35.3466,-41.7652,0
tpcds_91,c_current_hdemo_sk,0,0,0,6.4186,0,0,0,0,35.3904,-41.8089,0
tpcds_91,c_current_hdemo_sk,0,0,0,6.4186,0,0,0,0,35.3787,-41.7973,0
tpcds_91,c_current_hdemo_sk,0,0,0,6.4186,0,0,0,0,35.3664,-41.7849,0
tpcds_91,c_current_hdemo_sk,0,0,0,6.4186,0,0,0,0,35.4717,-41.8903,0
tpcds_91,c_current_hdemo_sk,0,0,0,6.4186,0,0,0,0,35.4262,-41.8447,0
tpcds_91,c_current_hdemo_sk,0,0,0,6.4186,0,0,0,0,35.4442,-41.8628,0
tpcds_93,sr_reason_sk,0,0,0,0.7518,22,176247,0,176247,184.7174,-9.2222,0
tpcds_93,sr_reason_sk,0,0,0,0.7518,22,177643,0,177643,184.5013,-7.6101,0
tpcds_93,sr_reason_sk,0,0,0,0.7518,27,178026,0,178026,184.7744,-7.5001,0
tpcds_93,sr_reason_sk,0,0,0,0.7518,23,175619,0,175619,184.7991,-9.9319,0
tpcds_93,sr_reason_sk,0,0,0,0.7518,22,174408,0,174408,184.7334,-11.0771,0
tpcds_93,sr_reason_sk,0,0,0,0.7518,22,175445,0,175445,184.9116,-10.2184,0
tpcds_93,sr_reason_sk,0,0,0,0.7518,22,174760,0,174760,185.0365,-11.0283,0
tpcds_93,sr_reason_sk,0,0,0,0.7518,22,177000,0,177000,185.2029,-8.9547,0
tpcds_93,sr_reason_sk,0,0,0,0.7518,22,175624,0,175624,185.1570,-10.2847,0
tpcds_93,sr_reason_sk,0,0,0,0.7518,22,176177,0,176177,185.0622,-9.6370,0
tpcds_93,sr_reason_sk,0,0,0,0.7518,22,176912,0,176912,185.0593,-8.8991,0
tpcds_93,sr_reason_sk,0,0,0,0.7518,22,177535,0,177535,185.1840,-8.4007,0
tpcds_93,sr_reason_sk,0,0,0,0.7518,22,177113,0,177113,185.2987,-8.9375,0
tpcds_93,sr_reason_sk,0,0,0,0.7518,22,176173,0,176173,185.4055,-9.9843,0
tpcds_93,sr_reason_sk,0,0,0,0.7518,22,174851,0,174851,185.4365,-11.3373,0
tpcds_93,sr_reason_sk,0,0,0,0.7518,30,241701,0,241701,2644.6579,-2403.7087,0
tpcds_96,ss_hdemo_sk,0,0,0,0.0338,0,0,0,0,0.1737,-0.2075,0
tpcds_96,ss_hdemo_sk,0,0,0,0.0338,0,0,0,0,0.1930,-0.2268,0
tpcds_96,ss_hdemo_sk,0,0,0,0.0338,0,0,0,0,0.1918,-0.2256,0
tpcds_96,ss_hdemo_sk,0,0,0,0.0338,0,0,0,0,0.0891,-0.1229,0
tpcds_96,ss_hdemo_sk,0,0,0,0.0338,0,0,0,0,0.0766,-0.1104,0
tpcds_96,ss_hdemo_sk,0,0,0,0.0338,0,0,0,0,0.0866,-0.1204,0
tpcds_96,ss_hdemo_sk,0,0,0,0.0338,0,0,0,0,0.0758,-0.1097,0
tpcds_96,ss_hdemo_sk,0,0,0,0.0338,0,0,0,0,0.0420,-0.0758,0
tpcds_96,ss_hdemo_sk,0,0,0,0.0338,0,0,0,0,0.2965,-0.3304,0
tpcds_96,ss_hdemo_sk,0,0,0,0.0338,0,0,0,0,0.1959,-0.2297,0
tpcds_96,ss_hdemo_sk,0,0,0,0.0338,0,0,0,0,0.0613,-0.0952,0
tpcds_96,ss_hdemo_sk,0,0,0,0.0338,96,783252,747745,35507,58.0980,-22.6248,0
tpcds_96,ss_hdemo_sk,0,0,0,0.0338,128,1048576,1001452,47124,70.5015,-23.4113,0
tpcds_96,ss_hdemo_sk,0,0,0,0.0338,128,1048576,1001232,47344,71.5980,-24.2878,0
tpcds_97,cs_sold_date_sk,0,0,0,22.2811,0,0,0,0,0.2353,-22.5164,0
tpcds_97,cs_sold_date_sk,0,0,0,22.2811,0,0,0,0,0.1931,-22.4742,0
tpcds_97,cs_sold_date_sk,0,0,0,22.2811,0,0,0,0,0.9659,-23.2469,0
tpcds_97,cs_sold_date_sk,0,0,0,22.2811,0,0,0,0,1.5245,-23.8056,0
tpcds_97,cs_sold_date_sk,0,0,0,22.2811,0,0,0,0,0.4823,-22.7634,0
tpcds_97,cs_sold_date_sk,0,0,0,22.2811,0,0,0,0,0.4658,-22.7469,0
tpcds_97,cs_sold_date_sk,0,0,0,22.2811,0,0,0,0,0.9402,-23.2213,0
tpcds_97,cs_sold_date_sk,0,0,0,22.2811,0,0,0,0,0.3473,-22.6284,0
tpcds_97,cs_sold_date_sk,0,0,0,22.2811,0,0,0,0,1.8851,-24.1661,0
tpcds_97,cs_sold_date_sk,0,0,0,22.2811,0,0,0,0,1.7868,-24.0679,0
tpcds_97,cs_sold_date_sk,0,0,0,22.2811,0,0,0,0,1.7016,-23.9826,0
tpcds_97,cs_sold_date_sk,0,0,0,22.2811,0,0,0,0,1.7420,-24.0231,0
tpcds_97,cs_sold_date_sk,0,0,0,22.2811,0,0,0,0,2.0329,-24.3140,0
tpcds_97,cs_sold_date_sk,0,0,0,22.2811,0,0,0,0,2.8956,-25.1767,0
tpcds_97,cs_sold_date_sk,0,0,0,22.2811,48,392972,391054,1918,85.7352,-106.0983,0
tpcds_97,cs_sold_date_sk,0,0,0,22.2811,128,1048576,1043441,5135,138.9611,-156.1072,0
tpcds_97,ss_sold_date_sk,0,0,0,0.0161,0,0,0,0,0.3932,-0.4093,0
tpcds_97,ss_sold_date_sk,0,0,0,0.0161,0,0,0,0,0.1758,-0.1919,0
tpcds_97,ss_sold_date_sk,0,0,0,0.0161,0,0,0,0,0.1426,-0.1587,0
tpcds_97,ss_sold_date_sk,0,0,0,0.0161,0,0,0,0,0.2144,-0.2305,0
tpcds_97,ss_sold_date_sk,0,0,0,0.0161,0,0,0,0,0.1938,-0.2099,0
tpcds_97,ss_sold_date_sk,0,0,0,0.0161,0,0,0,0,0.1891,-0.2053,0
tpcds_97,ss_sold_date_sk,0,0,0,0.0161,0,0,0,0,0.1431,-0.1592,0
tpcds_97,ss_sold_date_sk,0,0,0,0.0161,0,0,0,0,0.7658,-0.7819,0
tpcds_97,ss_sold_date_sk,0,0,0,0.0161,0,0,0,0,0.6819,-0.6980,0
tpcds_97,ss_sold_date_sk,0,0,0,0.0161,0,0,0,0,1.2401,-1.2562,0
tpcds_97,ss_sold_date_sk,0,0,0,0.0161,0,0,0,0,1.4232,-1.4393,0
tpcds_97,ss_sold_date_sk,0,0,0,0.0161,0,0,0,0,1.9259,-1.9420,0
tpcds_97,ss_sold_date_sk,0,0,0,0.0161,0,0,0,0,2.3259,-2.3420,0
tpcds_97,ss_sold_date_sk,0,0,0,0.0161,96,783252,747757,35495,41.4546,-5.9757,0
tpcds_97,ss_sold_date_sk,0,0,0,0.0161,128,1048576,1001584,46992,55.6919,-8.7160,0
tpcds_97,ss_sold_date_sk,0,0,0,0.0161,128,1048576,1001426,47150,58.2174,-11.0835,0
tpcds_99,cs_warehouse_sk,0,0,0,2.2674,0,0,0,0,0.5503,-2.8177,0
tpcds_99,cs_warehouse_sk,0,0,0,2.2674,0,0,0,0,0.5516,-2.8189,0
tpcds_99,cs_warehouse_sk,0,0,0,2.2674,0,0,0,0,0.1485,-2.4159,0
tpcds_99,cs_warehouse_sk,0,0,0,2.2674,0,0,0,0,0.1469,-2.4142,0
tpcds_99,cs_warehouse_sk,0,0,0,2.2674,0,0,0,0,0.1623,-2.4297,0
tpcds_99,cs_warehouse_sk,0,0,0,2.2674,0,0,0,0,0.1272,-2.3946,0
tpcds_99,cs_warehouse_sk,0,0,0,2.2674,0,0,0,0,0.1502,-2.4176,0
tpcds_99,cs_warehouse_sk,0,0,0,2.2674,0,0,0,0,0.1243,-2.3917,0
tpcds_99,cs_warehouse_sk,0,0,0,2.2674,0,0,0,0,0.1296,-2.3970,0
tpcds_99,cs_warehouse_sk,0,0,0,2.2674,0,0,0,0,0.1233,-2.3907,0
tpcds_99,cs_warehouse_sk,0,0,0,2.2674,0,0,0,0,0.1268,-2.3941,0
tpcds_99,cs_warehouse_sk,0,0,0,2.2674,0,0,0,0,0.1235,-2.3908,0
tpcds_99,cs_warehouse_sk,0,0,0,2.2674,0,0,0,0,0.1462,-2.4136,0
tpcds_99,cs_warehouse_sk,0,0,0,2.2674,0,0,0,0,0.1246,-2.3920,0
tpcds_99,cs_warehouse_sk,0,0,0,2.2674,48,392972,0,392972,30.8206,359.8840,1
tpcds_99,cs_warehouse_sk,0,0,0,2.2674,128,1048576,0,1048576,69.0637,977.2449,1
tpcds_99,sm_ship_mode_sk,0,0,0,72.8276,1,20,0,20,3.7951,-76.6027,0
tpcds_99,cc_call_center_sk,0,0,0,76.6905,1,6,0,6,1.9344,-78.6188,0
tpcds_99,d_date_sk,0,0,0,78.6929,0,0,0,0,3.8317,-82.5246,0
tpcds_99,d_date_sk,0,0,0,78.6929,0,0,0,0,3.8639,-82.5568,0
tpcds_99,d_date_sk,0,0,0,78.6929,1,84,0,84,3.8745,-82.4835,0
tpcds_99,d_date_sk,0,0,0,78.6929,0,0,0,0,3.9155,-82.6084,0
tpcds_99,d_date_sk,0,0,0,78.6929,0,0,0,0,3.9794,-82.6724,0
tpcds_99,d_date_sk,0,0,0,78.6929,0,0,0,0,3.9485,-82.6414,0
tpcds_99,d_date_sk,0,0,0,78.6929,0,0,0,0,3.9341,-82.6270,0
tpcds_99,d_date_sk,0,0,0,78.6929,0,0,0,0,3.9269,-82.6199,0
tpcds_99,d_date_sk,0,0,0,78.6929,0,0,0,0,3.9416,-82.6345,0
tpcds_99,d_date_sk,0,0,0,78.6929,0,0,0,0,3.9335,-82.6264,0
tpcds_99,d_date_sk,0,0,0,78.6929,0,0,0,0,3.9476,-82.6405,0
tpcds_99,d_date_sk,0,0,0,78.6929,0,0,0,0,3.9618,-82.6547,0
tpcds_99,d_date_sk,0,0,0,78.6929,0,0,0,0,3.9647,-82.6576,0
tpcds_99,d_date_sk,0,0,0,78.6929,0,0,0,0,4.0145,-82.7074,0
tpcds_99,d_date_sk,0,0,0,78.6929,0,0,0,0,4.0069,-82.6998,0
tpcds_99,d_date_sk,0,0,0,78.6929,0,0,0,0,3.9779,-82.6708,0
